--
-- Script was generated by Devart dbForge Studio 2019 for SQL Server, Version 5.8.107.0
-- Product Home Page: http://www.devart.com/dbforge/sql/studio
-- Script date 12/3/2024 2:08:40 PM
-- Target server version: 14.00.1000
-- Target connection string: Encrypt=False;Integrated Security=False;User ID=sa
-- Please backup your target database before running this script
--



SET LANGUAGE 'English'
SET DATEFORMAT ymd
SET ARITHABORT, ANSI_PADDING, ANSI_WARNINGS, CONCAT_NULL_YIELDS_NULL, QUOTED_IDENTIFIER, ANSI_NULLS, NOCOUNT ON
SET NUMERIC_ROUNDABORT, IMPLICIT_TRANSACTIONS, XACT_ABORT OFF
GO

USE final
GO

IF DB_NAME() <> N'final' SET NOEXEC ON
GO
--
-- Delete data from the table 'dbo.voucher_customer'
--
TRUNCATE TABLE dbo.voucher_customer
GO
--
-- Delete data from the table 'dbo.tokens'
--
TRUNCATE TABLE dbo.tokens
GO
--
-- Delete data from the table 'dbo.product_detail_image'
--
TRUNCATE TABLE dbo.product_detail_image
GO
--
-- Delete data from the table 'dbo.order_detail'
--
TRUNCATE TABLE dbo.order_detail
GO
--
-- Delete data from the table 'dbo.history'
--
TRUNCATE TABLE dbo.history
GO
--
-- Delete data from the table 'dbo.event_product'
--
TRUNCATE TABLE dbo.event_product
GO
--
-- Delete data from the table 'dbo.cart_detail'
--
TRUNCATE TABLE dbo.cart_detail
GO
--
-- Delete data from the table 'dbo.address'
--
TRUNCATE TABLE dbo.address
GO
--
-- Delete data from the table 'dbo.orders'
--
DELETE dbo.orders
GO
--
-- Delete data from the table 'dbo.cart'
--
DELETE dbo.cart
GO
--
-- Delete data from the table 'dbo.staff'
--
DELETE dbo.staff
GO
--
-- Delete data from the table 'dbo.customer'
--
DELETE dbo.customer
GO
--
-- Delete data from the table 'dbo.product_detail'
--
DELETE dbo.product_detail
GO
--
-- Delete data from the table 'dbo.account'
--
DELETE dbo.account
GO
--
-- Delete data from the table 'dbo.voucher'
--
DELETE dbo.voucher
GO
--
-- Delete data from the table 'dbo.thickness'
--
DELETE dbo.thickness
GO
--
-- Delete data from the table 'dbo.texture'
--
DELETE dbo.texture
GO
--
-- Delete data from the table 'dbo.style'
--
DELETE dbo.style
GO
--
-- Delete data from the table 'dbo.sleeve'
--
DELETE dbo.sleeve
GO
--
-- Delete data from the table 'dbo.size'
--
DELETE dbo.size
GO
--
-- Delete data from the table 'dbo.role'
--
DELETE dbo.role
GO
--
-- Delete data from the table 'dbo.product'
--
DELETE dbo.product
GO
--
-- Delete data from the table 'dbo.origin'
--
DELETE dbo.origin
GO
--
-- Delete data from the table 'dbo.material'
--
DELETE dbo.material
GO
--
-- Delete data from the table 'dbo.image'
--
DELETE dbo.image
GO
--
-- Delete data from the table 'dbo.event'
--
DELETE dbo.event
GO
--
-- Delete data from the table 'dbo.elasticity'
--
DELETE dbo.elasticity
GO
--
-- Delete data from the table 'dbo.color'
--
DELETE dbo.color
GO
--
-- Delete data from the table 'dbo.collar'
--
DELETE dbo.collar
GO
--
-- Delete data from the table 'dbo.brand'
--
DELETE dbo.brand
GO

--
-- Inserting data into table dbo.brand
--
SET IDENTITY_INSERT dbo.brand ON
GO
INSERT dbo.brand(id, deleted, created_date, updated_date, code, name) VALUES (1, 0, '1985-07-21 06:04:52.0050000', '2001-02-23 10:17:40.4610000', 'JWAVX', N'Diesel')
INSERT dbo.brand(id, deleted, created_date, updated_date, code, name) VALUES (2, 0, '1996-10-12 08:00:59.4300000', '1993-09-07 17:29:42.1060000', 'QOSFU', N'BananaRepublic')
INSERT dbo.brand(id, deleted, created_date, updated_date, code, name) VALUES (3, 0, '1982-10-03 16:26:49.2190000', '1997-09-07 14:15:19.0070000', 'TFWIC', N'Armani')
INSERT dbo.brand(id, deleted, created_date, updated_date, code, name) VALUES (4, 0, '2007-02-12 00:39:21.3030000', '1978-06-12 09:42:43.9420000', 'IUHRO', N'CalvinKlein')
INSERT dbo.brand(id, deleted, created_date, updated_date, code, name) VALUES (5, 0, '2015-12-14 02:03:04.5320000', '1998-05-15 02:08:08.5120000', 'BKRBN', N'Express')
INSERT dbo.brand(id, deleted, created_date, updated_date, code, name) VALUES (6, 0, '1974-08-21 05:54:50.1940000', '1991-09-23 09:38:03.0090000', 'HUBUB', N'Dior')
INSERT dbo.brand(id, deleted, created_date, updated_date, code, name) VALUES (7, 0, '1990-10-14 14:26:21.5860000', '1996-06-14 07:07:46.8650000', 'CDOFH', N'Champion')
INSERT dbo.brand(id, deleted, created_date, updated_date, code, name) VALUES (8, 0, '1988-08-05 19:32:31.6890000', '2006-04-09 10:59:02.0090000', 'SXLJM', N'Everlane')
INSERT dbo.brand(id, deleted, created_date, updated_date, code, name) VALUES (9, 0, '2009-04-14 16:59:22.5340000', '1985-02-01 22:46:51.0640000', 'PRPCN', N'Adidas')
INSERT dbo.brand(id, deleted, created_date, updated_date, code, name) VALUES (10, 0, '2013-08-27 17:32:49.6580000', '1983-01-27 17:54:06.6680000', 'WZYZP', N'Burberry')
GO
SET IDENTITY_INSERT dbo.brand OFF
GO

--
-- Inserting data into table dbo.collar
--
SET IDENTITY_INSERT dbo.collar ON
GO
INSERT dbo.collar(id, deleted, created_date, updated_date, code, name) VALUES (1, 0, '1994-09-05 04:41:32.2740000', '2014-01-07 06:25:09.4000000', 'XFIEM', N'Cổ V')
INSERT dbo.collar(id, deleted, created_date, updated_date, code, name) VALUES (2, 0, '1978-04-28 20:31:53.9830000', '1976-07-31 15:40:00.7880000', 'VWSXI', N'Cổ bẻ')
INSERT dbo.collar(id, deleted, created_date, updated_date, code, name) VALUES (3, 0, '1970-12-30 18:20:05.2820000', '2021-04-08 05:39:19.0020000', 'BXNDG', N'Cổ áo sơ mi')
INSERT dbo.collar(id, deleted, created_date, updated_date, code, name) VALUES (4, 0, '2023-08-01 12:15:06.8280000', '2016-03-03 06:54:12.4050000', 'ECFIH', N'Cổ đổ')
INSERT dbo.collar(id, deleted, created_date, updated_date, code, name) VALUES (5, 0, '1985-05-16 00:11:39.1500000', '1989-08-14 14:40:33.7390000', 'XCMXH', N'Cổ lapel')
INSERT dbo.collar(id, deleted, created_date, updated_date, code, name) VALUES (6, 0, '1990-11-25 10:55:47.7470000', '1975-07-24 03:45:25.9160000', 'QZTTE', N'Cổ 3/4')
INSERT dbo.collar(id, deleted, created_date, updated_date, code, name) VALUES (7, 0, '2017-08-16 18:58:45.6400000', '2007-06-05 09:04:18.0450000', 'BOMVC', N'Cổ cao')
INSERT dbo.collar(id, deleted, created_date, updated_date, code, name) VALUES (8, 0, '1971-04-14 08:48:15.5550000', '1999-04-27 14:18:02.9280000', 'VCWRQ', N'Cổ chữ U')
INSERT dbo.collar(id, deleted, created_date, updated_date, code, name) VALUES (9, 0, '1990-12-08 02:53:28.7040000', '1997-12-23 10:34:54.0000000', 'QWIBU', N'Cổ tròn')
INSERT dbo.collar(id, deleted, created_date, updated_date, code, name) VALUES (10, 0, '1982-08-17 07:18:23.0150000', '1971-01-16 06:29:12.0330000', 'QWLUT', N'Cổ phối ren')
GO
SET IDENTITY_INSERT dbo.collar OFF
GO

--
-- Inserting data into table dbo.color
--
SET IDENTITY_INSERT dbo.color ON
GO
INSERT dbo.color(id, deleted, created_date, updated_date, code, name) VALUES (1, 0, '1980-08-31 21:43:06.4100000', '1994-02-13 15:50:10.0030000', 'QKBUJ', N'Đen')
INSERT dbo.color(id, deleted, created_date, updated_date, code, name) VALUES (2, 0, '2015-02-03 08:11:04.1120000', '1992-11-17 20:34:14.2590000', 'IDADM', N'Cam')
INSERT dbo.color(id, deleted, created_date, updated_date, code, name) VALUES (3, 0, '1984-05-27 05:27:39.0920000', '1983-12-28 14:08:45.5380000', 'ORTAN', N'Trắng')
INSERT dbo.color(id, deleted, created_date, updated_date, code, name) VALUES (4, 0, '1978-10-15 03:04:31.1810000', '2023-02-14 11:01:29.2640000', 'RFOHD', N'Xám')
INSERT dbo.color(id, deleted, created_date, updated_date, code, name) VALUES (5, 0, '2002-11-18 09:22:17.2990000', '1985-11-24 05:40:20.3500000', 'NWWEL', N'Vàng')
INSERT dbo.color(id, deleted, created_date, updated_date, code, name) VALUES (6, 0, '1996-01-15 06:42:34.3270000', '2012-04-14 11:15:14.5450000', 'GDTWH', N'Xanh')
GO
SET IDENTITY_INSERT dbo.color OFF
GO

--
-- Inserting data into table dbo.elasticity
--
SET IDENTITY_INSERT dbo.elasticity ON
GO
INSERT dbo.elasticity(id, deleted, created_date, updated_date, code, name) VALUES (1, 0, '2001-08-29 17:12:28.9050000', '2023-01-28 08:30:25.4980000', 'YHLYV', N'Co giãn cao')
INSERT dbo.elasticity(id, deleted, created_date, updated_date, code, name) VALUES (2, 0, '1985-06-07 22:57:56.4370000', '2017-12-27 11:21:05.4700000', 'NAFBF', N'Co giãn siêu thấp')
INSERT dbo.elasticity(id, deleted, created_date, updated_date, code, name) VALUES (3, 0, '1984-06-04 00:08:31.8360000', '1988-01-05 07:29:00.0610000', 'DVXBI', N'Không co giãn')
INSERT dbo.elasticity(id, deleted, created_date, updated_date, code, name) VALUES (4, 0, '2001-07-13 12:31:11.0260000', '1999-02-17 04:05:41.2020000', 'IHYAL', N'Co giãn thấp')
INSERT dbo.elasticity(id, deleted, created_date, updated_date, code, name) VALUES (5, 0, '2000-04-15 14:57:54.0500000', '1979-08-25 19:33:22.0070000', 'GMFXG', N'Co giãn cực cao')
INSERT dbo.elasticity(id, deleted, created_date, updated_date, code, name) VALUES (6, 0, '1984-04-07 07:26:57.0070000', '1995-09-15 07:27:10.8460000', 'UEVAC', N'Co giãn vừa')
GO
SET IDENTITY_INSERT dbo.elasticity OFF
GO

--
-- Inserting data into table dbo.event
--
SET IDENTITY_INSERT dbo.event ON
GO
INSERT dbo.event(id, discount_percent, quantity_discount, created_date, end_date, start_date, updated_date, discount_code, name, status) VALUES (1, 8, 5, '2023-03-04 01:02:35.5200000', '2024-11-24 12:00:29.9420000', '2021-06-13 05:59:59.8880000', '1990-08-31 22:23:08.9420000', 'LHJOX', N'Tết Nguyên Đán', 'ECQDA')
INSERT dbo.event(id, discount_percent, quantity_discount, created_date, end_date, start_date, updated_date, discount_code, name, status) VALUES (2, 19, 7, '2023-05-21 08:51:19.7290000', '2024-11-11 10:35:16.1270000', '2004-12-25 14:40:47.0750000', '2006-10-17 10:55:38.1270000', 'YNIYU', N'Ngày Hội mua sắm cuối năm', 'JAXIE')
INSERT dbo.event(id, discount_percent, quantity_discount, created_date, end_date, start_date, updated_date, discount_code, name, status) VALUES (3, 20, 9, '2024-02-27 05:53:29.9400000', '2024-11-21 07:21:39.3330000', '2021-06-01 06:58:47.7790000', '2023-08-24 02:24:42.3330000', 'OWBKM', N'Tết Nguyên Đán', 'JIWVS')
INSERT dbo.event(id, discount_percent, quantity_discount, created_date, end_date, start_date, updated_date, discount_code, name, status) VALUES (4, 14, 11, '2024-01-26 07:28:08.1330000', '2024-11-18 14:04:21.9470000', '1971-06-14 16:58:36.0300000', '2014-04-08 20:41:03.9470000', 'TDZCH', N'Ngày Hội mua sắm cuối năm', 'TICGP')
INSERT dbo.event(id, discount_percent, quantity_discount, created_date, end_date, start_date, updated_date, discount_code, name, status) VALUES (5, 11, 13, '2023-02-25 14:11:23.7220000', '2024-11-26 16:31:55.0090000', '2003-09-17 06:01:00.0260000', '2003-06-12 04:41:58.0090000', 'RMUMN', N'Ngày Hội mua sắm cuối năm', 'ZSUAO')
GO
SET IDENTITY_INSERT dbo.event OFF
GO

--
-- Inserting data into table dbo.image
--
SET IDENTITY_INSERT dbo.image ON
GO
INSERT dbo.image(id, deleted, created_date, updated_date, code, url) VALUES (1, 1, '1973-09-15 23:47:00.8880000', '1989-03-27 07:28:24.9930000', 'XTWPI', 'https://int.bape.com/cdn/shop/files/0ZXTEMX10002LBKX-pdp-1.jpg?v=1730442539&width=700')
INSERT dbo.image(id, deleted, created_date, updated_date, code, url) VALUES (2, 0, '2008-05-26 03:39:03.0750000', '1986-04-04 12:33:36.6700000', 'LHEGH', 'https://int.bape.com/cdn/shop/files/0ZXTEMX09001LBKX-pdp-1.jpg?v=1730442538&width=1200')
INSERT dbo.image(id, deleted, created_date, updated_date, code, url) VALUES (3, 0, '1986-07-09 08:23:44.7790000', '1986-03-05 13:36:14.7370000', 'LUQBK', 'https://int.bape.com/cdn/shop/files/0ZXTEMS00014KBKX-pdp-1.jpg?v=1730442530&width=1200')
INSERT dbo.image(id, deleted, created_date, updated_date, code, url) VALUES (4, 0, '1971-09-21 04:35:00.0300000', '2016-01-21 12:31:59.5610000', 'JZNXZ', 'https://bizweb.dktcdn.net/100/415/697/products/img-7825-1.jpg?v=1721183882410')
INSERT dbo.image(id, deleted, created_date, updated_date, code, url) VALUES (5, 1, '1999-08-06 10:35:21.0260000', '1982-08-12 06:53:24.2840000', 'HWPDI', 'https://int.bape.com/cdn/shop/files/0ZXTEM110049NBKX-pdp-1.jpg?v=1725871608&width=1200')
INSERT dbo.image(id, deleted, created_date, updated_date, code, url) VALUES (6, 1, '2007-09-24 13:29:34.0020000', '2014-11-13 10:45:49.0080000', 'QGJVN', 'https://int.bape.com/cdn/shop/files/AAPTEM1556XANWH2-pdp-1.jpg?v=1730695693&width=1200')
INSERT dbo.image(id, deleted, created_date, updated_date, code, url) VALUES (7, 0, '2013-12-23 19:57:57.7770000', '1991-10-18 23:56:14.6780000', 'QLTBG', 'https://bizweb.dktcdn.net/100/415/697/products/img-1345-1.jpg?v=1723274197627')
INSERT dbo.image(id, deleted, created_date, updated_date, code, url) VALUES (8, 1, '1976-11-17 19:17:02.6910000', '1975-12-25 09:39:06.8360000', 'BJPJP', 'https://static.zara.net/assets/public/147f/47b0/347244b7adc5/315fb9ae5644/01887460401-e1/01887460401-e1.jpg?ts=1727185906508&w=750')
INSERT dbo.image(id, deleted, created_date, updated_date, code, url) VALUES (9, 1, '1991-01-01 17:20:54.4470000', '1999-07-11 22:25:27.2360000', 'DLNHM', 'https://bizweb.dktcdn.net/100/415/697/products/img-2069-1.jpg?v=1724056536197')
INSERT dbo.image(id, deleted, created_date, updated_date, code, url) VALUES (10, 0, '1995-10-14 15:42:53.8540000', '2020-02-27 08:06:09.9590000', 'UASBS', 'https://int.bape.com/cdn/shop/files/0ZXTEMS00014KBKX-pdp-1.jpg?v=1730442530&width=1200')
INSERT dbo.image(id, deleted, created_date, updated_date, code, url) VALUES (11, 1, '2017-12-07 04:14:51.0020000', '2019-11-03 05:50:45.3850000', 'VTXCB', 'https://int.bape.com/cdn/shop/files/0ZXTEM110049NBKX-pdp-1.jpg?v=1725871608&width=1200')
INSERT dbo.image(id, deleted, created_date, updated_date, code, url) VALUES (12, 1, '2020-06-29 15:48:32.4950000', '2003-01-09 09:22:11.7960000', 'KGEUP', 'https://static.zara.net/assets/public/147f/47b0/347244b7adc5/315fb9ae5644/01887460401-e1/01887460401-e1.jpg?ts=1727185906508&w=750')
INSERT dbo.image(id, deleted, created_date, updated_date, code, url) VALUES (13, 1, '1970-06-18 16:54:46.3510000', '1988-03-18 16:57:53.0430000', 'TUONP', 'https://int.bape.com/cdn/shop/files/0ZXTEMX10002LBKX-pdp-1.jpg?v=1730442539&width=700')
INSERT dbo.image(id, deleted, created_date, updated_date, code, url) VALUES (14, 0, '2021-11-09 18:27:47.5130000', '1992-04-08 19:43:16.4390000', 'KFQAF', 'https://bizweb.dktcdn.net/100/415/697/products/img-2069-1.jpg?v=1724056536197')
INSERT dbo.image(id, deleted, created_date, updated_date, code, url) VALUES (15, 0, '1992-02-05 23:04:27.1930000', '2005-10-20 16:35:42.4750000', 'JXHJM', 'https://int.bape.com/cdn/shop/files/AAPTEM1556XANWH2-pdp-1.jpg?v=1730695693&width=1200')
INSERT dbo.image(id, deleted, created_date, updated_date, code, url) VALUES (16, 0, '2024-02-15 14:42:30.2340000', '1984-03-08 22:26:06.0090000', 'DOKQW', 'https://bizweb.dktcdn.net/100/415/697/products/img-7825-1.jpg?v=1721183882410')
INSERT dbo.image(id, deleted, created_date, updated_date, code, url) VALUES (17, 1, '1987-10-31 06:19:08.1780000', '1976-05-13 09:41:57.0660000', 'RYAYZ', 'https://bizweb.dktcdn.net/100/415/697/products/img-1345-1.jpg?v=1723274197627')
INSERT dbo.image(id, deleted, created_date, updated_date, code, url) VALUES (18, 1, '1973-11-27 15:59:23.0080000', '1988-06-12 14:00:56.6870000', 'PKUAT', 'https://int.bape.com/cdn/shop/files/0ZXTEMX09001LBKX-pdp-1.jpg?v=1730442538&width=1200')
INSERT dbo.image(id, deleted, created_date, updated_date, code, url) VALUES (19, 1, '2015-01-08 06:21:14.4470000', '1994-09-21 04:21:48.7270000', 'JRCEV', 'https://bizweb.dktcdn.net/100/415/697/products/img-1345-1.jpg?v=1723274197627')
INSERT dbo.image(id, deleted, created_date, updated_date, code, url) VALUES (20, 1, '2014-07-15 12:50:25.7190000', '1991-08-15 13:30:24.3580000', 'NXJSB', 'https://int.bape.com/cdn/shop/files/0ZXTEMS00014KBKX-pdp-1.jpg?v=1730442530&width=1200')
INSERT dbo.image(id, deleted, created_date, updated_date, code, url) VALUES (21, 1, '2013-03-21 05:56:38.5660000', '1995-12-06 22:23:23.6420000', 'EXUYQ', 'https://bizweb.dktcdn.net/100/415/697/products/img-2069-1.jpg?v=1724056536197')
INSERT dbo.image(id, deleted, created_date, updated_date, code, url) VALUES (22, 0, '2016-01-23 15:25:59.2390000', '1972-12-03 21:39:47.5050000', 'NTSQU', 'https://int.bape.com/cdn/shop/files/AAPTEM1556XANWH2-pdp-1.jpg?v=1730695693&width=1200')
INSERT dbo.image(id, deleted, created_date, updated_date, code, url) VALUES (23, 1, '1972-04-05 16:00:15.1730000', '2003-01-07 02:41:42.5260000', 'JCDUI', 'https://static.zara.net/assets/public/147f/47b0/347244b7adc5/315fb9ae5644/01887460401-e1/01887460401-e1.jpg?ts=1727185906508&w=750')
INSERT dbo.image(id, deleted, created_date, updated_date, code, url) VALUES (24, 1, '1979-05-16 14:11:57.6510000', '2022-06-05 14:55:37.0250000', 'HXTZN', 'https://bizweb.dktcdn.net/100/415/697/products/img-7825-1.jpg?v=1721183882410')
INSERT dbo.image(id, deleted, created_date, updated_date, code, url) VALUES (25, 0, '1971-10-27 19:31:34.5900000', '2007-03-15 07:13:53.7900000', 'VOVXT', 'https://int.bape.com/cdn/shop/files/0ZXTEMX10002LBKX-pdp-1.jpg?v=1730442539&width=700')
INSERT dbo.image(id, deleted, created_date, updated_date, code, url) VALUES (26, 1, '2003-04-22 01:38:53.3200000', '1991-10-11 10:52:39.9280000', 'HAHZJ', 'https://int.bape.com/cdn/shop/files/0ZXTEMX09001LBKX-pdp-1.jpg?v=1730442538&width=1200')
INSERT dbo.image(id, deleted, created_date, updated_date, code, url) VALUES (27, 1, '2004-09-15 00:24:14.9430000', '1987-01-14 21:50:26.2530000', 'BWNGZ', 'https://int.bape.com/cdn/shop/files/0ZXTEM110049NBKX-pdp-1.jpg?v=1725871608&width=1200')
INSERT dbo.image(id, deleted, created_date, updated_date, code, url) VALUES (28, 1, '2000-11-26 20:44:17.0010000', '1987-04-08 06:40:06.3120000', 'YJLIZ', 'https://bizweb.dktcdn.net/100/415/697/products/img-7825-1.jpg?v=1721183882410')
INSERT dbo.image(id, deleted, created_date, updated_date, code, url) VALUES (29, 1, '2023-10-18 15:23:00.6560000', '2005-04-29 12:34:20.4870000', 'XEYLE', 'https://int.bape.com/cdn/shop/files/0ZXTEMS00014KBKX-pdp-1.jpg?v=1730442530&width=1200')
INSERT dbo.image(id, deleted, created_date, updated_date, code, url) VALUES (30, 1, '1997-07-01 01:18:07.4940000', '2008-07-11 11:57:02.6700000', 'KIRIQ', 'https://int.bape.com/cdn/shop/files/0ZXTEMX10002LBKX-pdp-1.jpg?v=1730442539&width=700')
INSERT dbo.image(id, deleted, created_date, updated_date, code, url) VALUES (31, 0, '1987-03-15 01:46:18.7890000', '1971-01-17 00:41:31.6100000', 'ZHCTO', 'https://int.bape.com/cdn/shop/files/0ZXTEM110049NBKX-pdp-1.jpg?v=1725871608&width=1200')
INSERT dbo.image(id, deleted, created_date, updated_date, code, url) VALUES (32, 0, '1997-08-16 11:42:20.3760000', '2016-10-01 01:20:37.8670000', 'ZPRJS', 'https://int.bape.com/cdn/shop/files/0ZXTEMX09001LBKX-pdp-1.jpg?v=1730442538&width=1200')
INSERT dbo.image(id, deleted, created_date, updated_date, code, url) VALUES (33, 1, '2008-05-09 07:18:13.1980000', '2014-03-09 02:58:42.8010000', 'ZHWOX', 'https://bizweb.dktcdn.net/100/415/697/products/img-2069-1.jpg?v=1724056536197')
INSERT dbo.image(id, deleted, created_date, updated_date, code, url) VALUES (34, 1, '2019-10-21 15:49:56.6100000', '1998-02-25 03:01:06.6500000', 'HPRRM', 'https://bizweb.dktcdn.net/100/415/697/products/img-1345-1.jpg?v=1723274197627')
INSERT dbo.image(id, deleted, created_date, updated_date, code, url) VALUES (35, 0, '1976-11-26 00:15:00.5430000', '2016-01-30 09:50:33.3230000', 'CPPNJ', 'https://int.bape.com/cdn/shop/files/AAPTEM1556XANWH2-pdp-1.jpg?v=1730695693&width=1200')
INSERT dbo.image(id, deleted, created_date, updated_date, code, url) VALUES (36, 0, '1971-01-06 15:20:40.0750000', '1986-11-14 10:49:30.0040000', 'HGNUN', 'https://static.zara.net/assets/public/147f/47b0/347244b7adc5/315fb9ae5644/01887460401-e1/01887460401-e1.jpg?ts=1727185906508&w=750')
INSERT dbo.image(id, deleted, created_date, updated_date, code, url) VALUES (37, 0, '1989-03-07 01:30:29.0020000', '2003-09-21 00:26:14.3500000', 'HCRWV', 'https://bizweb.dktcdn.net/100/415/697/products/img-7825-1.jpg?v=1721183882410')
INSERT dbo.image(id, deleted, created_date, updated_date, code, url) VALUES (38, 1, '1974-06-21 22:21:25.3970000', '1983-08-01 04:39:29.0090000', 'OJZDO', 'https://int.bape.com/cdn/shop/files/0ZXTEMS00014KBKX-pdp-1.jpg?v=1730442530&width=1200')
INSERT dbo.image(id, deleted, created_date, updated_date, code, url) VALUES (39, 0, '2012-07-12 06:24:53.5230000', '1982-06-26 13:23:07.0870000', 'SRAWM', 'https://static.zara.net/assets/public/147f/47b0/347244b7adc5/315fb9ae5644/01887460401-e1/01887460401-e1.jpg?ts=1727185906508&w=750')
INSERT dbo.image(id, deleted, created_date, updated_date, code, url) VALUES (40, 1, '1975-01-20 07:58:44.6110000', '2001-08-20 01:52:28.0040000', 'HTQAG', 'https://bizweb.dktcdn.net/100/415/697/products/img-2069-1.jpg?v=1724056536197')
INSERT dbo.image(id, deleted, created_date, updated_date, code, url) VALUES (41, 0, '2004-10-29 13:08:34.0010000', '1991-12-30 07:46:53.7830000', 'AUYTO', 'https://int.bape.com/cdn/shop/files/0ZXTEMX10002LBKX-pdp-1.jpg?v=1730442539&width=700')
INSERT dbo.image(id, deleted, created_date, updated_date, code, url) VALUES (42, 1, '2007-02-05 05:22:02.5900000', '2020-03-07 09:25:31.8430000', 'ILZUV', 'https://int.bape.com/cdn/shop/files/AAPTEM1556XANWH2-pdp-1.jpg?v=1730695693&width=1200')
INSERT dbo.image(id, deleted, created_date, updated_date, code, url) VALUES (43, 0, '1989-01-16 05:12:30.2230000', '1983-02-27 04:10:17.5560000', 'WKPKC', 'https://bizweb.dktcdn.net/100/415/697/products/img-1345-1.jpg?v=1723274197627')
INSERT dbo.image(id, deleted, created_date, updated_date, code, url) VALUES (44, 0, '2011-08-17 15:15:49.8850000', '1974-04-04 09:07:22.0010000', 'ENYDF', 'https://int.bape.com/cdn/shop/files/0ZXTEMX09001LBKX-pdp-1.jpg?v=1730442538&width=1200')
INSERT dbo.image(id, deleted, created_date, updated_date, code, url) VALUES (45, 1, '2001-10-19 03:54:05.5120000', '1986-05-11 08:36:12.0880000', 'IFOEG', 'https://int.bape.com/cdn/shop/files/0ZXTEM110049NBKX-pdp-1.jpg?v=1725871608&width=1200')
INSERT dbo.image(id, deleted, created_date, updated_date, code, url) VALUES (46, 1, '1974-03-17 04:57:34.0260000', '2020-12-13 05:00:04.6010000', 'FAKWV', 'https://bizweb.dktcdn.net/100/415/697/products/img-2069-1.jpg?v=1724056536197')
INSERT dbo.image(id, deleted, created_date, updated_date, code, url) VALUES (47, 1, '1989-08-30 18:39:34.5890000', '2004-11-03 21:46:51.8560000', 'SXAFO', 'https://int.bape.com/cdn/shop/files/0ZXTEMS00014KBKX-pdp-1.jpg?v=1730442530&width=1200')
INSERT dbo.image(id, deleted, created_date, updated_date, code, url) VALUES (48, 0, '1983-07-11 20:53:42.7250000', '1999-03-07 20:24:20.4630000', 'QFUJX', 'https://int.bape.com/cdn/shop/files/0ZXTEMX10002LBKX-pdp-1.jpg?v=1730442539&width=700')
INSERT dbo.image(id, deleted, created_date, updated_date, code, url) VALUES (49, 1, '1984-01-16 18:30:20.7440000', '1999-07-11 01:51:57.5590000', 'CFTIW', 'https://bizweb.dktcdn.net/100/415/697/products/img-1345-1.jpg?v=1723274197627')
INSERT dbo.image(id, deleted, created_date, updated_date, code, url) VALUES (50, 0, '2006-04-28 05:13:38.1520000', '1988-09-14 12:53:21.0850000', 'HFTBP', 'https://static.zara.net/assets/public/147f/47b0/347244b7adc5/315fb9ae5644/01887460401-e1/01887460401-e1.jpg?ts=1727185906508&w=750')
GO
SET IDENTITY_INSERT dbo.image OFF
GO

--
-- Inserting data into table dbo.material
--
SET IDENTITY_INSERT dbo.material ON
GO
INSERT dbo.material(id, deleted, created_date, updated_date, code, name) VALUES (1, 0, '2008-07-29 09:12:01.4910000', '1975-04-17 21:01:22.0040000', 'JUDMB', N'Vải Satin')
INSERT dbo.material(id, deleted, created_date, updated_date, code, name) VALUES (2, 0, '2020-12-14 11:02:29.8560000', '2001-07-23 19:24:00.7850000', 'WMOHG', N'Linen')
INSERT dbo.material(id, deleted, created_date, updated_date, code, name) VALUES (3, 0, '2017-04-07 01:56:02.3220000', '1999-11-23 08:00:13.5560000', 'BHZHI', N'Rayon')
INSERT dbo.material(id, deleted, created_date, updated_date, code, name) VALUES (4, 0, '2007-05-16 04:00:16.0120000', '2009-02-23 19:05:02.0260000', 'FLMET', N'Wool')
INSERT dbo.material(id, deleted, created_date, updated_date, code, name) VALUES (5, 0, '1991-04-23 11:06:44.1340000', '1997-08-26 20:55:06.6950000', 'AXEQF', N'Cotton')
INSERT dbo.material(id, deleted, created_date, updated_date, code, name) VALUES (6, 0, '1977-09-13 00:29:31.8200000', '2022-09-17 23:38:07.0050000', 'MMDUF', N'Vải Canvas')
INSERT dbo.material(id, deleted, created_date, updated_date, code, name) VALUES (7, 0, '1971-12-05 11:57:07.4060000', '1998-02-23 23:09:05.7800000', 'ILJYQ', N'Lụa')
INSERT dbo.material(id, deleted, created_date, updated_date, code, name) VALUES (8, 0, '1998-05-24 17:10:44.5160000', '2000-10-04 17:33:20.8790000', 'CLRBS', N'Polyester')
INSERT dbo.material(id, deleted, created_date, updated_date, code, name) VALUES (9, 0, '1975-09-29 05:40:57.4230000', '1998-02-08 09:53:41.9470000', 'XAUBT', N'Nylon')
INSERT dbo.material(id, deleted, created_date, updated_date, code, name) VALUES (10, 0, '1992-09-26 08:14:51.1970000', '1983-02-20 14:27:08.8020000', 'JZREB', N'Vải Denim')
INSERT dbo.material(id, deleted, created_date, updated_date, code, name) VALUES (11, 0, '1996-03-09 21:13:12.4770000', '1996-12-17 17:14:26.0680000', 'EYBPJ', N'Leather')
INSERT dbo.material(id, deleted, created_date, updated_date, code, name) VALUES (12, 0, '1991-02-08 22:18:56.6730000', '1972-07-08 00:55:20.0010000', 'PFRXF', N'Velvet')
GO
SET IDENTITY_INSERT dbo.material OFF
GO

--
-- Inserting data into table dbo.origin
--
SET IDENTITY_INSERT dbo.origin ON
GO
INSERT dbo.origin(id, deleted, created_date, updated_date, code, name) VALUES (1, 0, '1982-04-11 09:32:18.1080000', '2003-10-04 21:21:39.4810000', 'ZOFBD', N'Trung')
INSERT dbo.origin(id, deleted, created_date, updated_date, code, name) VALUES (2, 0, '1977-03-20 00:18:22.8620000', '2014-05-01 03:01:51.7800000', 'CZKOL', N'Hàn Quốc')
INSERT dbo.origin(id, deleted, created_date, updated_date, code, name) VALUES (3, 0, '2012-03-16 00:08:50.3630000', '1991-08-16 22:44:14.4770000', 'KQCXT', N'Mỹ')
INSERT dbo.origin(id, deleted, created_date, updated_date, code, name) VALUES (4, 0, '2023-08-17 16:30:50.4030000', '2004-07-07 02:07:23.2940000', 'GPJBX', N'Ấn độ')
INSERT dbo.origin(id, deleted, created_date, updated_date, code, name) VALUES (5, 0, '1971-05-07 03:29:19.3830000', '2011-02-26 00:16:33.2690000', 'WLTRB', N'Việt Nam')
INSERT dbo.origin(id, deleted, created_date, updated_date, code, name) VALUES (6, 0, '1987-12-09 19:24:05.0330000', '1981-02-20 21:26:12.6840000', 'VXZRU', N'Pháp')
INSERT dbo.origin(id, deleted, created_date, updated_date, code, name) VALUES (7, 0, '2002-11-26 07:38:59.0480000', '2021-09-23 00:58:12.9270000', 'PHEUC', N'Bangladesh')
INSERT dbo.origin(id, deleted, created_date, updated_date, code, name) VALUES (8, 0, '1997-04-11 06:22:20.7680000', '2018-04-17 09:21:40.0880000', 'HHWOB', N'Đức')
INSERT dbo.origin(id, deleted, created_date, updated_date, code, name) VALUES (9, 0, '2012-12-25 20:52:00.0000000', '1982-02-28 19:03:53.2150000', 'ELTJP', N'Ý')
INSERT dbo.origin(id, deleted, created_date, updated_date, code, name) VALUES (10, 0, '1977-08-02 03:34:20.8820000', '1991-12-30 23:31:54.9670000', 'MOGJT', N'Anh')
GO
SET IDENTITY_INSERT dbo.origin OFF
GO

--
-- Inserting data into table dbo.product
--
SET IDENTITY_INSERT dbo.product ON
GO
INSERT dbo.product(id, deleted, created_date, updated_date, code, description, name) VALUES (1, 0, '2009-02-01 16:06:49.5180000', '1975-10-22 03:56:11.0010000', 'JNXCP', N'Áo phông unisex - Thiết kế phù hợp cho cả nam và nữ', N'Áo phông tay lỡ nam')
INSERT dbo.product(id, deleted, created_date, updated_date, code, description, name) VALUES (2, 0, '2004-09-27 19:19:50.4700000', '2012-06-28 07:41:48.0270000', 'HQUJC', N'Áo phông basic trơn - Mẫu áo cơ bản, dễ phối đồ', N'Áo phông dáng croptop nữ')
INSERT dbo.product(id, deleted, created_date, updated_date, code, description, name) VALUES (3, 0, '1994-03-14 18:49:44.3270000', '2000-09-26 15:49:43.7150000', 'GXKLH', N'Áo phông in hình họa tiết - Nổi bật với hình in độc đáo, trẻ trung', N'Áo phông basic trơn')
INSERT dbo.product(id, deleted, created_date, updated_date, code, description, name) VALUES (4, 0, '1982-12-29 00:08:29.4790000', '1996-12-23 06:50:34.0710000', 'HBFEP', N'Áo phông dáng croptop nữ - Thời trang hiện đại, khoe vòng eo thon gọn', N'Áo phông cổ bẻ nữ')
INSERT dbo.product(id, deleted, created_date, updated_date, code, description, name) VALUES (5, 0, '2003-02-16 01:26:11.7150000', '2014-07-14 06:20:13.2110000', 'DLTUL', N'Áo phông oversize - Phong cách năng động, thoải mái khi mặc', N'Áo phông in hình họa tiết')
INSERT dbo.product(id, deleted, created_date, updated_date, code, description, name) VALUES (6, 0, '1973-01-23 21:01:11.0120000', '2019-04-07 14:03:13.0870000', 'SZTQV', N'Áo phông thể thao nam - Chất liệu thoáng mát, phù hợp tập luyện', N'Áo phông cổ tròn nam')
INSERT dbo.product(id, deleted, created_date, updated_date, code, description, name) VALUES (7, 0, '1978-11-04 08:43:56.9480000', '2006-10-27 23:05:04.3110000', 'MJMZE', N'Áo phông cổ bẻ nữ - Kiểu dáng thanh lịch, phù hợp môi trường công sở', N'Áo phông cổ tim nữ')
INSERT dbo.product(id, deleted, created_date, updated_date, code, description, name) VALUES (8, 0, '1976-10-18 13:14:13.1230000', '2016-12-10 15:12:11.0090000', 'HJGCE', N'Áo phông tay lỡ nam - Phong cách đường phố, phù hợp giới trẻ', N'Áo phông thể thao nam')
INSERT dbo.product(id, deleted, created_date, updated_date, code, description, name) VALUES (9, 0, '2019-08-14 12:46:56.3560000', '1980-01-13 21:19:54.4380000', 'ZZGAG', N'Áo phông cổ tim nữ - Kiểu dáng nữ tính, chất liệu mềm mại', N'Áo phông unisex')
INSERT dbo.product(id, deleted, created_date, updated_date, code, description, name) VALUES (10, 0, '1987-11-03 04:39:51.2870000', '2005-05-23 22:02:21.6380000', 'DXPWM', N'Áo phông cổ tròn nam - Thiết kế đơn giản, phù hợp mọi phong cách', N'Áo phông oversize')
GO
SET IDENTITY_INSERT dbo.product OFF
GO

--
-- Inserting data into table dbo.role
--
SET IDENTITY_INSERT dbo.role ON
GO
INSERT dbo.role(id, created_date, updated_date, code, name) VALUES (1, '1977-11-26 08:05:21.9410000', '1997-03-05 13:17:33.0500000', 'YSUWK', N'Paula2025')
INSERT dbo.role(id, created_date, updated_date, code, name) VALUES (2, '1981-12-29 11:41:24.1980000', '1997-04-24 14:23:44.8440000', 'HZRVS', N'Lyndon855')
INSERT dbo.role(id, created_date, updated_date, code, name) VALUES (3, '2012-03-12 15:02:38.7350000', '1998-07-02 21:13:19.7740000', 'HKTUG', N'Wilson2014')
INSERT dbo.role(id, created_date, updated_date, code, name) VALUES (4, '1986-07-14 11:22:26.4970000', '1988-05-18 22:58:36.8760000', 'TUYFL', N'Cleary2000')
INSERT dbo.role(id, created_date, updated_date, code, name) VALUES (5, '1997-05-23 15:19:25.1070000', '1973-02-25 08:02:53.8330000', 'EIBIF', N'Tyler2000')
INSERT dbo.role(id, created_date, updated_date, code, name) VALUES (6, '1975-05-22 07:33:52.1430000', '2007-12-28 09:33:42.1080000', 'AYNLN', N'Sherril1996')
INSERT dbo.role(id, created_date, updated_date, code, name) VALUES (7, '1980-09-10 01:49:04.6400000', '2021-10-29 05:44:46.9960000', 'XPXAU', N'Albert5')
INSERT dbo.role(id, created_date, updated_date, code, name) VALUES (8, '2010-10-06 19:56:23.9850000', '1979-04-16 04:22:03.0090000', 'OLUTX', N'Weldon2019')
INSERT dbo.role(id, created_date, updated_date, code, name) VALUES (9, '1991-06-19 16:38:16.3100000', '2017-06-17 23:07:43.4480000', 'AHFFA', N'Alisha2023')
INSERT dbo.role(id, created_date, updated_date, code, name) VALUES (10, '1996-02-12 20:41:48.8390000', '1992-08-16 16:29:24.5010000', 'CMFXA', N'Chandler2024')
INSERT dbo.role(id, created_date, updated_date, code, name) VALUES (11, '1975-12-06 09:22:52.7220000', '1999-06-23 07:17:44.2870000', 'DMOCC', N'Addie1974')
INSERT dbo.role(id, created_date, updated_date, code, name) VALUES (12, '2006-03-09 17:13:12.2410000', '2004-08-03 23:15:21.7010000', 'ITAPH', N'Ault1997')
INSERT dbo.role(id, created_date, updated_date, code, name) VALUES (13, '2010-10-05 01:29:01.7560000', '2002-11-04 21:52:54.2000000', 'KBBKG', N'Marquis1994')
INSERT dbo.role(id, created_date, updated_date, code, name) VALUES (14, '2014-05-28 21:44:11.0060000', '2000-04-04 02:55:35.3550000', 'FQRNE', N'Adam2023')
INSERT dbo.role(id, created_date, updated_date, code, name) VALUES (15, '2007-12-24 03:23:03.3420000', '2015-12-06 21:41:36.0100000', 'HFLWB', N'Nieves443')
INSERT dbo.role(id, created_date, updated_date, code, name) VALUES (16, '2023-12-04 03:11:45.3450000', '1988-11-02 05:56:03.6730000', 'WTTJM', N'Nesmith1988')
INSERT dbo.role(id, created_date, updated_date, code, name) VALUES (17, '2018-11-08 22:52:10.0470000', '1980-03-12 11:17:23.0040000', 'NOPPN', N'Bula7')
INSERT dbo.role(id, created_date, updated_date, code, name) VALUES (18, '1976-05-03 19:05:43.0030000', '2018-05-29 09:33:56.2410000', 'XYYDJ', N'Mcdonough1993')
INSERT dbo.role(id, created_date, updated_date, code, name) VALUES (19, '1972-09-01 14:25:56.8810000', '1977-12-24 09:59:51.0750000', 'XLDGV', N'Newton1977')
INSERT dbo.role(id, created_date, updated_date, code, name) VALUES (20, '2008-03-14 07:21:18.0050000', '1989-02-28 22:50:20.8270000', 'GBEUC', N'Alonso1975')
INSERT dbo.role(id, created_date, updated_date, code, name) VALUES (21, '1978-05-25 06:14:22.6580000', '1976-10-04 12:07:35.0180000', 'QSDSX', N'Cleary1965')
INSERT dbo.role(id, created_date, updated_date, code, name) VALUES (22, '1979-01-27 11:21:41.8580000', '1971-07-28 05:26:26.3410000', 'DRDTP', N'Bauman2027')
INSERT dbo.role(id, created_date, updated_date, code, name) VALUES (23, '1993-12-03 09:17:03.5990000', '2015-11-21 21:17:16.7720000', 'IQOLF', N'Branson2001')
INSERT dbo.role(id, created_date, updated_date, code, name) VALUES (24, '1978-04-03 12:55:23.9450000', '1983-06-30 03:56:16.6210000', 'ERSZF', N'Alisa1969')
INSERT dbo.role(id, created_date, updated_date, code, name) VALUES (25, '2004-11-12 14:22:19.8030000', '2014-09-20 17:44:01.0450000', 'RBRRH', N'Willy732')
INSERT dbo.role(id, created_date, updated_date, code, name) VALUES (26, '2013-06-22 06:11:18.5960000', '1978-10-23 01:59:45.5630000', 'KWROZ', N'Reyna1951')
INSERT dbo.role(id, created_date, updated_date, code, name) VALUES (27, '2013-10-21 12:56:08.0010000', '1981-06-13 02:51:54.8290000', 'EMRLD', N'Tommie275')
INSERT dbo.role(id, created_date, updated_date, code, name) VALUES (28, '2002-10-30 13:40:12.2940000', '2000-04-24 18:26:39.9990000', 'KZXGM', N'Heike737')
INSERT dbo.role(id, created_date, updated_date, code, name) VALUES (29, '2007-05-10 22:50:51.8170000', '1973-09-19 05:21:11.4510000', 'HJCZQ', N'Madlyn1960')
INSERT dbo.role(id, created_date, updated_date, code, name) VALUES (30, '2018-06-04 15:18:40.4540000', '2005-12-06 05:42:36.1300000', 'SJJJZ', N'Lankford1967')
INSERT dbo.role(id, created_date, updated_date, code, name) VALUES (31, '1997-07-05 17:36:50.8000000', '1974-05-19 10:19:57.3360000', 'IMNNY', N'Major489')
INSERT dbo.role(id, created_date, updated_date, code, name) VALUES (32, '1980-10-08 19:10:08.0000000', '1991-01-06 20:23:29.3890000', 'YEUIF', N'Acevedo2015')
INSERT dbo.role(id, created_date, updated_date, code, name) VALUES (33, '2006-04-16 06:58:27.5690000', '1984-11-13 03:42:37.3200000', 'VTGND', N'Arthur1960')
INSERT dbo.role(id, created_date, updated_date, code, name) VALUES (34, '1975-11-11 23:08:49.2880000', '1994-12-16 18:17:04.0420000', 'XHNQW', N'Noble531')
INSERT dbo.role(id, created_date, updated_date, code, name) VALUES (35, '2003-08-25 22:48:59.3350000', '1981-01-26 08:58:25.1020000', 'EWHUJ', N'Alda1982')
INSERT dbo.role(id, created_date, updated_date, code, name) VALUES (36, '1977-09-22 11:45:10.0740000', '1998-09-26 11:53:23.2590000', 'BGFQR', N'Lyles2013')
INSERT dbo.role(id, created_date, updated_date, code, name) VALUES (37, '1999-04-20 19:23:57.7400000', '2008-04-19 04:02:50.8070000', 'FWJJC', N'Apodaca1962')
INSERT dbo.role(id, created_date, updated_date, code, name) VALUES (38, '2019-08-23 17:29:58.0030000', '2006-08-25 01:24:14.0030000', 'KTSVT', N'Giroux2005')
INSERT dbo.role(id, created_date, updated_date, code, name) VALUES (39, '1971-10-01 01:49:37.0920000', '2015-09-15 16:45:53.7900000', 'MQBSI', N'Phillis223')
INSERT dbo.role(id, created_date, updated_date, code, name) VALUES (40, '2021-11-05 06:46:54.4460000', '2020-03-05 12:35:24.4410000', 'URTNK', N'Paulette8')
INSERT dbo.role(id, created_date, updated_date, code, name) VALUES (41, '2000-02-11 04:47:17.6760000', '1980-06-04 01:43:40.5180000', 'TCXRE', N'Coburn725')
INSERT dbo.role(id, created_date, updated_date, code, name) VALUES (42, '2008-09-06 05:24:12.4030000', '2021-05-19 21:20:01.7620000', 'BOSIH', N'Roderick1973')
INSERT dbo.role(id, created_date, updated_date, code, name) VALUES (43, '2012-10-28 21:17:35.7840000', '1972-12-31 22:33:46.7440000', 'ILLMZ', N'Darren1961')
INSERT dbo.role(id, created_date, updated_date, code, name) VALUES (44, '2001-08-08 03:52:19.2970000', '1986-03-21 05:32:04.8650000', 'JOWWB', N'Erlene2')
INSERT dbo.role(id, created_date, updated_date, code, name) VALUES (45, '1999-11-09 08:45:24.0890000', '1982-07-06 08:50:07.8670000', 'WBZQG', N'Arden1994')
INSERT dbo.role(id, created_date, updated_date, code, name) VALUES (46, '1987-03-01 16:44:36.7020000', '1984-04-21 05:44:39.0580000', 'QDJFR', N'Gretchen4')
INSERT dbo.role(id, created_date, updated_date, code, name) VALUES (47, '2001-11-11 20:37:03.3730000', '1983-07-10 20:04:47.4290000', 'DUGWT', N'Ai782')
INSERT dbo.role(id, created_date, updated_date, code, name) VALUES (48, '1972-07-23 06:29:36.0060000', '1986-10-07 23:15:40.0210000', 'GGJNE', N'Field1998')
INSERT dbo.role(id, created_date, updated_date, code, name) VALUES (49, '1990-08-27 22:52:12.4520000', '2017-03-11 13:19:06.0310000', 'MFVNL', N'Hennessey785')
INSERT dbo.role(id, created_date, updated_date, code, name) VALUES (50, '1989-01-06 23:36:48.9990000', '1988-01-07 00:15:24.0780000', 'BNYKQ', N'Marth244')
GO
SET IDENTITY_INSERT dbo.role OFF
GO

--
-- Inserting data into table dbo.size
--
SET IDENTITY_INSERT dbo.size ON
GO
INSERT dbo.size(id, deleted, created_date, updated_date, code, name) VALUES (1, 0, '2018-08-29 01:06:54.0050000', '1983-03-27 02:50:31.1410000', 'XMUPK', N'3XL')
INSERT dbo.size(id, deleted, created_date, updated_date, code, name) VALUES (2, 0, '1994-04-19 22:15:43.7180000', '2009-11-12 21:47:10.5860000', 'UWLIR', N'2XL')
INSERT dbo.size(id, deleted, created_date, updated_date, code, name) VALUES (3, 0, '1983-04-10 14:16:10.7550000', '1995-07-15 04:29:47.0130000', 'DPXFJ', N'M')
INSERT dbo.size(id, deleted, created_date, updated_date, code, name) VALUES (4, 0, '1992-05-14 20:40:31.1600000', '2000-02-07 15:53:14.0910000', 'VEYLO', N'L')
INSERT dbo.size(id, deleted, created_date, updated_date, code, name) VALUES (5, 0, '2009-08-20 04:54:17.0470000', '1983-04-28 08:03:24.2210000', 'DBLKB', N'4XL')
INSERT dbo.size(id, deleted, created_date, updated_date, code, name) VALUES (6, 0, '1985-11-23 08:04:58.8510000', '2012-08-11 02:28:16.9470000', 'EJAIT', N'S')
INSERT dbo.size(id, deleted, created_date, updated_date, code, name) VALUES (7, 0, '2019-05-21 06:40:16.5940000', '2022-10-30 15:12:19.7040000', 'UPPPU', N'5XL')
INSERT dbo.size(id, deleted, created_date, updated_date, code, name) VALUES (8, 0, '2014-02-20 12:52:04.5850000', '1996-04-19 10:56:28.0020000', 'BNOAB', N'XL')
GO
SET IDENTITY_INSERT dbo.size OFF
GO

--
-- Inserting data into table dbo.sleeve
--
SET IDENTITY_INSERT dbo.sleeve ON
GO
INSERT dbo.sleeve(id, deleted, created_date, updated_date, code, name) VALUES (1, 0, '2004-09-18 14:39:52.0870000', '2018-03-03 08:46:55.0840000', 'QUIAH', N'Tay loe nhún')
INSERT dbo.sleeve(id, deleted, created_date, updated_date, code, name) VALUES (2, 0, '1987-09-22 06:41:43.0070000', '2011-05-20 11:28:17.7920000', 'NSGQD', N'Tay lỡ')
INSERT dbo.sleeve(id, deleted, created_date, updated_date, code, name) VALUES (3, 0, '2011-04-29 20:06:48.0010000', '1981-01-09 20:28:11.4190000', 'TAGPI', N'Tay ngắn')
INSERT dbo.sleeve(id, deleted, created_date, updated_date, code, name) VALUES (4, 0, '1987-02-25 04:57:16.9040000', '1993-10-24 19:13:15.2060000', 'VZTTA', N'Tay lệch vai')
INSERT dbo.sleeve(id, deleted, created_date, updated_date, code, name) VALUES (5, 0, '1991-12-19 04:58:14.0290000', '2018-04-13 07:37:41.7550000', 'WUATL', N'Tay bồng')
INSERT dbo.sleeve(id, deleted, created_date, updated_date, code, name) VALUES (6, 0, '1988-10-15 07:41:17.5950000', '2022-04-12 00:19:28.9130000', 'TONFR', N'Tay loe')
INSERT dbo.sleeve(id, deleted, created_date, updated_date, code, name) VALUES (7, 0, '2020-05-21 16:07:50.0060000', '2003-03-28 18:47:26.1880000', 'UEVXF', N'Tay tôm')
INSERT dbo.sleeve(id, deleted, created_date, updated_date, code, name) VALUES (8, 0, '2006-03-09 07:10:09.8890000', '1991-11-24 20:44:27.7200000', 'TGDJF', N'Tay xòe')
INSERT dbo.sleeve(id, deleted, created_date, updated_date, code, name) VALUES (9, 0, '2022-12-15 23:15:01.0770000', '2005-06-09 18:51:48.2460000', 'MIHPA', N'Tay dài')
INSERT dbo.sleeve(id, deleted, created_date, updated_date, code, name) VALUES (10, 0, '1982-04-15 20:54:59.7810000', '2005-09-07 18:37:17.5690000', 'XJRBO', N'Tay lỡ Kimono')
GO
SET IDENTITY_INSERT dbo.sleeve OFF
GO

--
-- Inserting data into table dbo.style
--
SET IDENTITY_INSERT dbo.style ON
GO
INSERT dbo.style(id, deleted, created_date, updated_date, code, name) VALUES (1, 0, '1978-05-07 18:28:46.1310000', '1991-10-20 12:35:49.6290000', 'EBXMC', N'Kiểu dáng thể thao')
INSERT dbo.style(id, deleted, created_date, updated_date, code, name) VALUES (2, 0, '2003-03-30 13:46:32.4820000', '1981-01-12 02:09:42.1440000', 'MXJFS', N'Kiểu dáng tối giản')
INSERT dbo.style(id, deleted, created_date, updated_date, code, name) VALUES (3, 0, '2013-01-14 22:52:08.8940000', '2003-03-12 20:14:55.9400000', 'YHTLZ', N'Kiểu dáng cổ điển')
INSERT dbo.style(id, deleted, created_date, updated_date, code, name) VALUES (4, 0, '2023-03-29 15:31:24.9630000', '1997-03-06 12:46:45.9720000', 'JSHGW', N'Kiểu dáng sang trọng')
INSERT dbo.style(id, deleted, created_date, updated_date, code, name) VALUES (5, 0, '2010-06-25 12:24:31.5480000', '1977-03-19 12:32:43.0990000', 'BRRZY', N'Kiểu dáng Vintage')
INSERT dbo.style(id, deleted, created_date, updated_date, code, name) VALUES (6, 0, '1980-01-02 23:05:54.0540000', '2010-06-19 15:00:01.5670000', 'RTCBN', N'Kiểu dáng dạo phố')
INSERT dbo.style(id, deleted, created_date, updated_date, code, name) VALUES (7, 0, '2008-08-23 00:42:05.0720000', '1971-07-29 02:29:39.7520000', 'DJWGF', N'Kiểu dáng hiện đại')
GO
SET IDENTITY_INSERT dbo.style OFF
GO

--
-- Inserting data into table dbo.texture
--
SET IDENTITY_INSERT dbo.texture ON
GO
INSERT dbo.texture(id, deleted, created_date, updated_date, code, name) VALUES (1, 0, '2013-04-14 00:25:10.0000000', '1977-11-10 02:08:47.6800000', 'JRFTS', N'Mịn')
INSERT dbo.texture(id, deleted, created_date, updated_date, code, name) VALUES (2, 0, '2005-03-25 10:33:31.0340000', '1993-08-27 06:04:31.2390000', 'TYTHP', N'Hạt')
INSERT dbo.texture(id, deleted, created_date, updated_date, code, name) VALUES (3, 0, '1991-08-05 13:26:59.0060000', '2000-03-24 03:31:23.3440000', 'LKEKN', N'Nhám')
INSERT dbo.texture(id, deleted, created_date, updated_date, code, name) VALUES (4, 0, '2014-03-22 16:25:15.3410000', '1982-04-10 08:48:40.5860000', 'ASJDA', N'Mềm mại')
INSERT dbo.texture(id, deleted, created_date, updated_date, code, name) VALUES (5, 0, '2004-02-12 15:57:29.0750000', '1992-01-22 01:00:51.7400000', 'LMWZM', N'Sọc')
INSERT dbo.texture(id, deleted, created_date, updated_date, code, name) VALUES (6, 0, '2024-05-09 03:37:27.6420000', '1988-06-25 14:28:28.9920000', 'VVOXF', N'Mịn màng')
INSERT dbo.texture(id, deleted, created_date, updated_date, code, name) VALUES (7, 0, '2004-11-29 19:23:40.0560000', '1976-03-21 17:25:05.9490000', 'KJIFR', N'Lì')
GO
SET IDENTITY_INSERT dbo.texture OFF
GO

--
-- Inserting data into table dbo.thickness
--
SET IDENTITY_INSERT dbo.thickness ON
GO
INSERT dbo.thickness(id, deleted, created_date, updated_date, code, name) VALUES (1, 0, '1999-04-10 17:26:44.1780000', '2018-08-12 19:10:20.0430000', 'CXCTZ', N'Mỏng')
INSERT dbo.thickness(id, deleted, created_date, updated_date, code, name) VALUES (2, 0, '1971-06-11 18:27:40.1870000', '2024-07-10 06:23:13.5360000', 'IIKLH', N'Dày')
INSERT dbo.thickness(id, deleted, created_date, updated_date, code, name) VALUES (3, 0, '2005-10-08 16:20:25.2380000', '1994-09-24 13:29:05.0440000', 'IRSPH', N'Trung bình')
INSERT dbo.thickness(id, deleted, created_date, updated_date, code, name) VALUES (4, 0, '1977-09-24 00:22:11.1170000', '1998-05-31 00:06:36.5080000', 'UQSQB', N'Rất dày')
INSERT dbo.thickness(id, deleted, created_date, updated_date, code, name) VALUES (5, 0, '2023-12-14 13:42:20.6280000', '2009-05-15 13:06:34.2970000', 'NRSCK', N'Vừa phải')
INSERT dbo.thickness(id, deleted, created_date, updated_date, code, name) VALUES (6, 0, '2021-08-11 01:48:40.4930000', '1986-05-14 06:44:36.1380000', 'UPLBE', N'Siêu mỏng')
INSERT dbo.thickness(id, deleted, created_date, updated_date, code, name) VALUES (7, 0, '2014-04-20 04:38:54.4900000', '2004-12-12 02:26:17.6410000', 'HBQAW', N'Siêu dày')
INSERT dbo.thickness(id, deleted, created_date, updated_date, code, name) VALUES (8, 0, '1979-01-09 05:46:40.3890000', '1972-07-29 11:24:43.2980000', 'GKFVQ', N'Rất mỏng')
GO
SET IDENTITY_INSERT dbo.thickness OFF
GO

--
-- Inserting data into table dbo.voucher
--
SET IDENTITY_INSERT dbo.voucher ON
GO
INSERT dbo.voucher(id, deleted, max_percent, min_amount, quantity, created_date, end_date, start_date, updated_date, code, name, status, type_ticket) VALUES (1, 0, 5, 442860, 49, '1985-05-01 06:59:41.0700000', '2025-10-20 19:22:40.7750000', '2012-09-04 22:28:32.6190000', '2004-09-02 08:43:18.1750000', 'VSSHK', N'Giảm giá 20% tối đa 50k', 'InActive', 'Individual')
INSERT dbo.voucher(id, deleted, max_percent, min_amount, quantity, created_date, end_date, start_date, updated_date, code, name, status, type_ticket) VALUES (2, 0, 30, 829568, 44, '1983-12-31 01:51:06.0700000', '2025-04-21 05:04:00.8730000', '2016-05-23 00:32:04.1070000', '2018-10-05 20:51:22.9170000', 'YLWQC', N'Giảm giá 30% tối đa 100k', 'Active', 'Everybody')
INSERT dbo.voucher(id, deleted, max_percent, min_amount, quantity, created_date, end_date, start_date, updated_date, code, name, status, type_ticket) VALUES (3, 1, 15, 422273, 9, '1983-04-01 03:09:49.9140000', '2025-03-02 20:16:25.3820000', '1987-10-26 02:18:18.0720000', '2002-05-23 08:17:59.7350000', 'AJHCX', N'Giảm giá 15% tối đa 30k', 'InActive', 'Everybody')
INSERT dbo.voucher(id, deleted, max_percent, min_amount, quantity, created_date, end_date, start_date, updated_date, code, name, status, type_ticket) VALUES (4, 1, 10, 293694, 84, '1989-08-28 20:25:05.9020000', '2025-07-09 03:40:33.7000000', '2013-08-06 17:57:29.6310000', '2007-03-25 00:52:28.3020000', 'DGXTH', N'Giảm giá 10% tối đa 20k', 'InActive', 'Everybody')
GO
SET IDENTITY_INSERT dbo.voucher OFF
GO

--
-- Inserting data into table dbo.account
--
SET IDENTITY_INSERT dbo.account ON
GO
INSERT dbo.account(id, enabled, role_id, created_date, updated_date, password, provider, social_id, status, username) VALUES (1, 1, 29, '1983-11-06 17:27:49.3190000', '2011-04-19 10:37:03.9120000', 'RMJelfmTrQMhVGTTUaUW5A==', '80460', '94630', '00A848KWUQ74', 'Letha241')
INSERT dbo.account(id, enabled, role_id, created_date, updated_date, password, provider, social_id, status, username) VALUES (2, 1, 24, '1977-05-16 07:26:10.4590000', '2003-05-20 19:05:27.6060000', 'NQORmuq2s5RRJgNN2sO8Ww==', '19222', '11450', 'T3NO40JEX3LQ8SI15W4575', 'Mollie1975')
INSERT dbo.account(id, enabled, role_id, created_date, updated_date, password, provider, social_id, status, username) VALUES (3, 1, 26, '1989-10-27 03:49:03.6250000', '1988-08-18 00:40:14.7440000', 'nIQ9BemXcOfsuE31juBnwQ==', '86849', '08242', 'I52', 'Quintin5')
INSERT dbo.account(id, enabled, role_id, created_date, updated_date, password, provider, social_id, status, username) VALUES (4, 0, 2, '1988-08-22 14:21:00.1600000', '1990-01-18 06:03:54.0910000', 'V4nE+4PqWuTQW67ttUnOSw==', '08276', '34958', '7T', 'Kathern49')
INSERT dbo.account(id, enabled, role_id, created_date, updated_date, password, provider, social_id, status, username) VALUES (5, 0, 13, '1993-02-15 09:25:19.5620000', '2014-04-01 10:39:23.9350000', 'iHOktgBSJ10T4B4hFT1qDg==', '23003', '76703', 'R7', 'Felisa221')
INSERT dbo.account(id, enabled, role_id, created_date, updated_date, password, provider, social_id, status, username) VALUES (6, 1, 9, '2016-02-29 19:35:32.4380000', '2022-02-11 05:46:04.5340000', 'btmz6uguZEF8blnbEL+TYg==', '68767', '49273', 'D76X', 'Shenita2027')
INSERT dbo.account(id, enabled, role_id, created_date, updated_date, password, provider, social_id, status, username) VALUES (7, 1, 31, '2015-03-16 10:47:37.2270000', '1998-09-20 12:25:05.0040000', 'lhAfJTlHur+CDye0jrsjRw==', '47864', '43735', 'E9DL2Q507C02627871M5U1', 'Arnita2004')
INSERT dbo.account(id, enabled, role_id, created_date, updated_date, password, provider, social_id, status, username) VALUES (8, 0, 50, '2009-09-04 13:53:47.7060000', '1998-07-23 12:01:11.2990000', 'LPmh03Or7eUJ1hc+6R94vQ==', '44963', '77578', 'V6N9SG2NVDS533QY504HS12T6S09DCX7JHN4N3U1P14UE720Y0KCZD65Y4N545K4X0R7Y67CRQ', 'Woodrow2009')
INSERT dbo.account(id, enabled, role_id, created_date, updated_date, password, provider, social_id, status, username) VALUES (9, 1, 6, '1995-03-13 11:54:28.7100000', '1994-05-05 07:59:52.5360000', 'TSN+B5tpyTahooDqgXYq1Q==', '15878', '43438', '375M54', 'Chantel318')
INSERT dbo.account(id, enabled, role_id, created_date, updated_date, password, provider, social_id, status, username) VALUES (10, 0, 46, '2004-11-13 14:32:53.9480000', '2011-12-15 17:40:43.0300000', '0QPpzU96B17qWXqL6Uezhg==', '40093', '96139', '0E85J6W', 'Aisha2010')
INSERT dbo.account(id, enabled, role_id, created_date, updated_date, password, provider, social_id, status, username) VALUES (11, 1, 33, '2021-01-20 05:54:35.0030000', '2018-10-30 23:47:08.5680000', 'Kq96WBa1XDnq5vYSckatmA==', '75351', '99399', '5W4C84E6KH', 'Christopher1976')
INSERT dbo.account(id, enabled, role_id, created_date, updated_date, password, provider, social_id, status, username) VALUES (12, 1, 40, '1996-07-13 20:43:28.1830000', '2018-11-25 13:20:12.3740000', 'zRB12Eil4BQr07XWZyYEHA==', '34115', '74840', 'BTL8K336H77098SW059MTLU9GK4S1L5G7H7S98M8869BV27SS4335I0530I8LW73NN103P', 'Stephan1976')
INSERT dbo.account(id, enabled, role_id, created_date, updated_date, password, provider, social_id, status, username) VALUES (13, 1, 19, '2020-03-29 00:34:18.7900000', '1981-08-12 08:16:06.0080000', 'z04t3ztjbz9olh0bsx7Vzw==', '89169', '53842', 'K261F7Q918750Q49SXI353FTIF7UNCF2699889L207Y4F2D3O6EMT4PK3WWC2IIR6GO1ZB54SAW41', 'Brinson972')
INSERT dbo.account(id, enabled, role_id, created_date, updated_date, password, provider, social_id, status, username) VALUES (14, 0, 44, '2015-10-26 05:57:31.0770000', '2000-03-09 13:45:52.9420000', 'pGw7VPLJhxzYHa96kySZwA==', '37957', '78879', 'LO0UKL5814IX1O71ZC96A98Z8S9IGU6O50U1I2WB6AE29XV6TP3IT330811X15M0B4QEAX', 'Carpenter1994')
INSERT dbo.account(id, enabled, role_id, created_date, updated_date, password, provider, social_id, status, username) VALUES (15, 0, 14, '2014-07-20 07:26:20.6380000', '2017-06-17 19:13:54.0070000', 'IuShTOK1LQkdysgnirPpWw==', '05398', '87968', '49EH211YJL4H341LZ40TC5C7PG5N4Y16H', 'Doyle2')
INSERT dbo.account(id, enabled, role_id, created_date, updated_date, password, provider, social_id, status, username) VALUES (16, 0, 25, '1981-11-27 09:05:22.4050000', '2009-05-10 11:11:07.0080000', 'bg37j/3rQAdQLjYC4AXD7g==', '69532', '48619', '6LNBIK69K942QUZ6N3G7632CLG33C8EE2IX4I0Y', 'Johnston1952')
INSERT dbo.account(id, enabled, role_id, created_date, updated_date, password, provider, social_id, status, username) VALUES (17, 1, 20, '1980-01-12 08:38:15.6530000', '2023-04-06 13:33:01.4220000', '1j+4salX3NeRdGGwcKQdiw==', '93261', '54770', '0K497DCR6OD39KL1UO0UKYP6EAYX81HP58SXI1W66OIN82PZ672ZD41GMFJ5X131S5E68A803V45F97UC0PS35C8V922V59AHM56FC3B923FMSKZQRX', 'Booker6')
INSERT dbo.account(id, enabled, role_id, created_date, updated_date, password, provider, social_id, status, username) VALUES (18, 0, 36, '1975-07-01 06:38:14.9040000', '2007-12-08 02:38:39.4930000', 'wdxFfoOnNw/HY7Q2GiXKUw==', '76457', '93604', 'I8671X6P839X', 'Carvalho72')
INSERT dbo.account(id, enabled, role_id, created_date, updated_date, password, provider, social_id, status, username) VALUES (19, 0, 16, '1982-12-29 17:26:00.4110000', '1978-10-28 09:48:13.4520000', 'MFb0nzFEqL2uhnxp2Uug9Q==', '33589', '07975', '3PY16307K25D', 'Aguilera1993')
INSERT dbo.account(id, enabled, role_id, created_date, updated_date, password, provider, social_id, status, username) VALUES (20, 0, 16, '1979-03-21 09:08:01.1990000', '1987-09-23 19:39:42.4810000', '1ipjVDQAJ+ooRn9NrkRj2Q==', '32014', '09304', 'WU', 'Paris2022')
INSERT dbo.account(id, enabled, role_id, created_date, updated_date, password, provider, social_id, status, username) VALUES (21, 0, 4, '2016-05-09 00:09:26.3520000', '2009-12-12 17:50:30.0320000', '70r6j5L9INlAKghckiTLaA==', '88231', '98944', '6JXJIE33671X1', 'Jerrod1982')
INSERT dbo.account(id, enabled, role_id, created_date, updated_date, password, provider, social_id, status, username) VALUES (22, 1, 29, '2010-11-12 20:09:55.7530000', '1993-03-21 10:41:02.0120000', 'mjeaBCGGPpdRohsBoFcicA==', '16874', '34891', 'SYAN31Y62537MI7W', 'Suarez82')
INSERT dbo.account(id, enabled, role_id, created_date, updated_date, password, provider, social_id, status, username) VALUES (23, 1, 33, '2007-07-27 09:00:13.5340000', '2021-01-18 06:15:41.3150000', 'XQUtyOEsp/n5fbBf9coPkg==', '01414', '50500', 'KJ88AJ71118K9291CAK98MAKR327GX76O30515FR6V21', 'Abreu232')
INSERT dbo.account(id, enabled, role_id, created_date, updated_date, password, provider, social_id, status, username) VALUES (24, 1, 10, '2020-08-16 14:49:04.1940000', '1997-03-17 03:48:57.0260000', 'q2DgoXFjfFYqJHxW3hOsXQ==', '51627', '70957', 'US4', 'Shank212')
INSERT dbo.account(id, enabled, role_id, created_date, updated_date, password, provider, social_id, status, username) VALUES (25, 0, 30, '2021-07-05 03:46:34.3910000', '1982-10-06 20:38:10.0090000', '1kOwmq+6of12T1MG7flbzg==', '82218', '20928', '367J68H58J9493Q4OW5W9H7W01EWCTQ3Q06829O6NJJ937LQX4M9S3W5ML6QB4922R6EGRC1J5TUCI1D', 'Elise28')
INSERT dbo.account(id, enabled, role_id, created_date, updated_date, password, provider, social_id, status, username) VALUES (26, 1, 38, '2018-01-14 01:45:12.2500000', '1993-05-19 15:04:41.4100000', 'DjEHySF//hwwX9XfqpQlgw==', '38423', '64117', '37NG8KK', 'Alcala1977')
INSERT dbo.account(id, enabled, role_id, created_date, updated_date, password, provider, social_id, status, username) VALUES (27, 0, 34, '2000-04-05 23:32:22.4740000', '2024-06-14 02:40:03.5590000', 'J2x+SEvDzJXF+ijbdO+hFw==', '55629', '96600', '9DQSDML1X2QY', 'Abernathy6')
INSERT dbo.account(id, enabled, role_id, created_date, updated_date, password, provider, social_id, status, username) VALUES (28, 1, 9, '2020-04-29 06:31:36.4950000', '1994-06-26 07:09:52.3970000', 'YFVWuuHjIZ0te/B+/LAsUw==', '76086', '24021', '1446AH1PC228921LT0892EZWC9L46M6', 'Lindsey295')
INSERT dbo.account(id, enabled, role_id, created_date, updated_date, password, provider, social_id, status, username) VALUES (29, 0, 13, '2011-04-25 14:06:55.5480000', '2022-10-22 09:47:13.1530000', 'wUPQvEZdNUW9FpAXFcYcxA==', '96465', '47090', '1220PL0V7Y5SZAGF67PR517DSX9GK6D366HMZWUOJB4ND1NLQD83TF2NY', 'Hubert2025')
INSERT dbo.account(id, enabled, role_id, created_date, updated_date, password, provider, social_id, status, username) VALUES (30, 0, 7, '1987-01-13 18:35:18.3930000', '2022-07-18 05:43:32.0080000', 'KuMTt3ewJzkt/N20kGlttw==', '24936', '65214', 'HG4VX7L5HK9MB', 'Paris24')
INSERT dbo.account(id, enabled, role_id, created_date, updated_date, password, provider, social_id, status, username) VALUES (31, 0, 23, '2009-02-07 01:42:11.4480000', '1974-12-31 11:29:22.1160000', 'vP7eGDSozS9n5HAiiMv1EQ==', '85820', '81150', 'U0Y3', 'Muncy1')
INSERT dbo.account(id, enabled, role_id, created_date, updated_date, password, provider, social_id, status, username) VALUES (32, 0, 30, '2011-12-29 04:02:39.9410000', '2023-10-01 15:21:52.3500000', 'hBe/AwVWsvKbhgtAn3oNIw==', '48781', '06633', '417YNW0V52D7S186131E', 'Jestine2015')
INSERT dbo.account(id, enabled, role_id, created_date, updated_date, password, provider, social_id, status, username) VALUES (33, 0, 25, '2007-10-10 09:16:09.4340000', '1980-07-15 20:29:55.0200000', 'TlVBsWzM39vZQqVwr2aQoQ==', '84404', '20864', '2HS3W176X29J36NM8WW0G18K2', 'Alexander3')
INSERT dbo.account(id, enabled, role_id, created_date, updated_date, password, provider, social_id, status, username) VALUES (34, 1, 46, '2014-12-02 04:22:03.8570000', '1977-03-24 05:33:03.8890000', '9Ty+8Qldr3jhHryjP2/f0w==', '62008', '78189', 'PNX3LE42K573AD99653G5WLZ3T58W9P34', 'Seymour1989')
INSERT dbo.account(id, enabled, role_id, created_date, updated_date, password, provider, social_id, status, username) VALUES (35, 0, 41, '2022-10-10 23:55:35.6790000', '1993-12-16 13:17:04.2470000', 'rHfFFQbgGFK6e08A9x0rvA==', '94299', '45434', '5', 'Lorretta2028')
INSERT dbo.account(id, enabled, role_id, created_date, updated_date, password, provider, social_id, status, username) VALUES (36, 0, 40, '2002-12-26 23:25:12.0040000', '2022-07-26 13:22:35.7790000', 'PitSXEqlOdO4/4z3o4dcQQ==', '47426', '23342', 'A30OLKM537RI1VITOZL0564S6R4O0R372SJ3Y0LO4UV31724PHDL48TPU13Y4M86J018LR1KQ62896IH2E448AH0P53M9', 'Andre58')
INSERT dbo.account(id, enabled, role_id, created_date, updated_date, password, provider, social_id, status, username) VALUES (37, 0, 15, '1980-12-15 15:46:37.0070000', '2001-06-15 15:47:11.7820000', 'iS6vp/HNxnlUboLYsp8TYQ==', '63555', '42393', '630QHR78VAERTYKRPQY', 'Carlson9')
INSERT dbo.account(id, enabled, role_id, created_date, updated_date, password, provider, social_id, status, username) VALUES (38, 1, 22, '2000-03-16 06:57:39.7430000', '2021-08-06 18:10:27.4470000', '0ShxP5/7Uk/eHg8msDs+iw==', '09892', '32691', '064RN1XSUXFPFOWZHEQ0IO9T', 'Jefferies7')
INSERT dbo.account(id, enabled, role_id, created_date, updated_date, password, provider, social_id, status, username) VALUES (39, 0, 4, '1980-11-30 15:34:12.8140000', '1994-09-24 17:53:19.1050000', 'GB+9C2t+Ltv36y4k1k/UGA==', '03167', '13392', 'LH8A4NPRE1UI452ND875OJHB69A88HR3JG09I42ZUW8L', 'Verona3')
INSERT dbo.account(id, enabled, role_id, created_date, updated_date, password, provider, social_id, status, username) VALUES (40, 0, 3, '2002-11-17 01:17:27.0340000', '1985-10-23 09:32:09.5480000', 'euqc4O7z3zZ7JQItpzHqig==', '93063', '18350', '2V4JLQV7247V3J6LV8B3T9Q5KCBTPM9X2I26706L44J19GEK459699YX9M0NLLEU86CS1L3TE5SZ899A0S24Q6CX03BGSY', 'Lanette688')
INSERT dbo.account(id, enabled, role_id, created_date, updated_date, password, provider, social_id, status, username) VALUES (41, 1, 23, '1971-01-21 09:54:35.5020000', '1996-06-28 19:28:44.7990000', 'nRofmkf8BKxT2nCjG4lXrg==', '43815', '14786', '54Q25CW0SLCCQC0HRL1714T2MIL722I50484GHYA1ECB5F5A2SR5YRZE35C9VPX59D2CFTKM', 'Crystle2000')
INSERT dbo.account(id, enabled, role_id, created_date, updated_date, password, provider, social_id, status, username) VALUES (42, 0, 29, '1976-05-13 22:20:56.2800000', '1989-01-19 07:22:52.1570000', 'u6uX0Q1tYNK2GiAsYEOk0A==', '17692', '54239', 'B7DEQACWB5S9G8U342G5619474919313O27630', 'Weston1954')
INSERT dbo.account(id, enabled, role_id, created_date, updated_date, password, provider, social_id, status, username) VALUES (43, 0, 32, '2014-07-30 21:42:36.0890000', '1972-03-25 00:14:49.9090000', 'juZKMjcci95WNwBFE6lBfA==', '70076', '76688', '3Q', 'Abdul134')
INSERT dbo.account(id, enabled, role_id, created_date, updated_date, password, provider, social_id, status, username) VALUES (44, 1, 22, '1990-09-01 15:15:10.5560000', '1993-03-24 07:41:46.9480000', 'e8mS/BSQ0sDUB/bQXFioJg==', '22225', '22793', 'C6432RI1U79A0T9Q9HQHB9N79FQ1BCA587XC6QNELA45272SM3', 'Brigida1989')
INSERT dbo.account(id, enabled, role_id, created_date, updated_date, password, provider, social_id, status, username) VALUES (45, 1, 9, '1979-09-27 14:06:11.7350000', '1979-09-15 13:26:56.5740000', '5ond6BFqdbhyrEyPeXIRKA==', '99070', '14554', '0561B982TEVCKDC8', 'Christian1985')
INSERT dbo.account(id, enabled, role_id, created_date, updated_date, password, provider, social_id, status, username) VALUES (46, 0, 34, '1997-12-29 17:23:24.9790000', '2016-03-07 09:17:01.0640000', 'wW18t/u64mzFXmFLUKUawg==', '62888', '81148', 'P', 'Alberto1984')
INSERT dbo.account(id, enabled, role_id, created_date, updated_date, password, provider, social_id, status, username) VALUES (47, 0, 32, '2002-12-27 11:11:44.2280000', '2003-10-22 17:46:01.8290000', 'kogU6gTBPj9HJkpMdCKrUQ==', '45043', '16653', 'G51', 'Ernesto599')
INSERT dbo.account(id, enabled, role_id, created_date, updated_date, password, provider, social_id, status, username) VALUES (48, 1, 6, '1975-04-05 01:17:33.0040000', '1977-04-28 00:52:28.0440000', 'Og2HXSypw0EAlQfQ7n1nsg==', '70580', '29443', '30SWCC8V88B8MH2CJR43KK1BZ00Y9770L', 'Rivka533')
INSERT dbo.account(id, enabled, role_id, created_date, updated_date, password, provider, social_id, status, username) VALUES (49, 1, 22, '2006-01-28 20:15:38.7190000', '1976-02-10 21:57:05.6810000', 'NiMAhfSGGCn5IftqCAXc/Q==', '02368', '91946', '55RSXTQ5N4CV0', 'Opal1955')
INSERT dbo.account(id, enabled, role_id, created_date, updated_date, password, provider, social_id, status, username) VALUES (50, 1, 29, '1990-01-28 04:52:25.1400000', '1994-12-11 12:52:55.6470000', 'NBsc/ceNuc911WuFNYRn9Q==', '84763', '68391', 'V48ISL250179R38MPYV08C06U2O886U75070BJ2', 'Cornell6')
GO
SET IDENTITY_INSERT dbo.account OFF
GO

--
-- Inserting data into table dbo.product_detail
--
SET IDENTITY_INSERT dbo.product_detail ON
GO
INSERT dbo.product_detail(id, brand_id, collar_id, color_id, deleted, elasticity_id, mass, material_id, origin_id, price, product_id, quantity, size_id, sleeve_id, style_id, texture_id, thickness_id, created_date, updated_date, code) VALUES (1, 10, 5, 3, 0, 6, 920, 8, 7, 50000, 9, 22, 2, 6, 3, 5, 8, '1995-01-29 09:08:23.4740000', '2016-07-23 20:57:44.0670000', 'CSNOM')
INSERT dbo.product_detail(id, brand_id, collar_id, color_id, deleted, elasticity_id, mass, material_id, origin_id, price, product_id, quantity, size_id, sleeve_id, style_id, texture_id, thickness_id, created_date, updated_date, code) VALUES (2, 7, 6, 5, 0, 4, 311, 12, 3, 70000, 4, 22, 1, 2, 7, 2, 5, '2017-04-18 02:43:16.0130000', '1995-02-25 11:37:48.6480000', 'NPCBU')
INSERT dbo.product_detail(id, brand_id, collar_id, color_id, deleted, elasticity_id, mass, material_id, origin_id, price, product_id, quantity, size_id, sleeve_id, style_id, texture_id, thickness_id, created_date, updated_date, code) VALUES (3, 10, 6, 1, 0, 1, 6, 10, 1, 90000, 4, 30, 6, 4, 3, 6, 4, '1989-03-09 08:59:03.0020000', '1990-10-27 10:47:19.2720000', 'XHDID')
INSERT dbo.product_detail(id, brand_id, collar_id, color_id, deleted, elasticity_id, mass, material_id, origin_id, price, product_id, quantity, size_id, sleeve_id, style_id, texture_id, thickness_id, created_date, updated_date, code) VALUES (4, 7, 4, 5, 0, 4, 785, 1, 6, 110000, 5, 7, 6, 3, 2, 7, 3, '1982-10-13 19:29:42.9710000', '2012-06-03 04:07:21.1760000', 'INVRN')
INSERT dbo.product_detail(id, brand_id, collar_id, color_id, deleted, elasticity_id, mass, material_id, origin_id, price, product_id, quantity, size_id, sleeve_id, style_id, texture_id, thickness_id, created_date, updated_date, code) VALUES (5, 3, 9, 2, 0, 2, 470, 1, 7, 130000, 2, 49, 8, 8, 7, 4, 1, '2015-01-22 05:03:27.0020000', '1993-01-09 13:01:28.1610000', 'VENLB')
INSERT dbo.product_detail(id, brand_id, collar_id, color_id, deleted, elasticity_id, mass, material_id, origin_id, price, product_id, quantity, size_id, sleeve_id, style_id, texture_id, thickness_id, created_date, updated_date, code) VALUES (6, 1, 2, 6, 0, 2, 738, 4, 1, 150000, 7, 31, 1, 9, 6, 4, 8, '2017-10-30 19:42:29.1460000', '2013-12-07 09:31:00.9870000', 'EXKWV')
INSERT dbo.product_detail(id, brand_id, collar_id, color_id, deleted, elasticity_id, mass, material_id, origin_id, price, product_id, quantity, size_id, sleeve_id, style_id, texture_id, thickness_id, created_date, updated_date, code) VALUES (7, 3, 6, 5, 0, 2, 761, 5, 3, 170000, 6, 87, 7, 8, 7, 6, 3, '2011-08-16 16:32:53.6160000', '1982-10-05 19:18:45.0350000', 'HFXRG')
INSERT dbo.product_detail(id, brand_id, collar_id, color_id, deleted, elasticity_id, mass, material_id, origin_id, price, product_id, quantity, size_id, sleeve_id, style_id, texture_id, thickness_id, created_date, updated_date, code) VALUES (8, 4, 7, 4, 0, 3, 516, 4, 2, 190000, 5, 38, 2, 9, 6, 4, 6, '1973-03-14 05:57:30.0000000', '2012-06-26 15:30:36.9790000', 'GXLGO')
INSERT dbo.product_detail(id, brand_id, collar_id, color_id, deleted, elasticity_id, mass, material_id, origin_id, price, product_id, quantity, size_id, sleeve_id, style_id, texture_id, thickness_id, created_date, updated_date, code) VALUES (9, 6, 1, 2, 0, 3, 752, 6, 9, 210000, 3, 2, 1, 6, 1, 6, 5, '1988-12-08 10:54:23.4660000', '1999-10-13 02:29:08.7830000', 'YHQBX')
INSERT dbo.product_detail(id, brand_id, collar_id, color_id, deleted, elasticity_id, mass, material_id, origin_id, price, product_id, quantity, size_id, sleeve_id, style_id, texture_id, thickness_id, created_date, updated_date, code) VALUES (10, 1, 6, 4, 0, 3, 294, 9, 6, 230000, 8, 93, 8, 3, 2, 7, 2, '1992-10-20 20:29:46.4470000', '1977-05-16 20:07:54.8680000', 'BTVUA')
INSERT dbo.product_detail(id, brand_id, collar_id, color_id, deleted, elasticity_id, mass, material_id, origin_id, price, product_id, quantity, size_id, sleeve_id, style_id, texture_id, thickness_id, created_date, updated_date, code) VALUES (11, 2, 6, 3, 0, 4, 316, 12, 3, 250000, 10, 1, 7, 9, 3, 1, 5, '1990-10-25 17:49:40.9550000', '2006-01-23 21:34:06.0760000', 'AGECA')
INSERT dbo.product_detail(id, brand_id, collar_id, color_id, deleted, elasticity_id, mass, material_id, origin_id, price, product_id, quantity, size_id, sleeve_id, style_id, texture_id, thickness_id, created_date, updated_date, code) VALUES (12, 4, 3, 6, 0, 3, 68, 2, 7, 270000, 4, 37, 2, 7, 3, 2, 5, '1983-09-05 22:29:15.3850000', '2021-06-16 14:08:51.2390000', 'MYOJN')
INSERT dbo.product_detail(id, brand_id, collar_id, color_id, deleted, elasticity_id, mass, material_id, origin_id, price, product_id, quantity, size_id, sleeve_id, style_id, texture_id, thickness_id, created_date, updated_date, code) VALUES (13, 4, 5, 6, 0, 5, 652, 10, 7, 290000, 5, 13, 1, 2, 6, 5, 5, '2002-11-03 07:49:20.3620000', '1984-09-07 17:07:27.1060000', 'GTNYI')
INSERT dbo.product_detail(id, brand_id, collar_id, color_id, deleted, elasticity_id, mass, material_id, origin_id, price, product_id, quantity, size_id, sleeve_id, style_id, texture_id, thickness_id, created_date, updated_date, code) VALUES (14, 3, 3, 2, 0, 6, 161, 4, 1, 310000, 6, 24, 1, 8, 6, 7, 3, '2012-10-10 01:41:40.0040000', '1983-05-20 03:34:16.1260000', 'ODJMN')
INSERT dbo.product_detail(id, brand_id, collar_id, color_id, deleted, elasticity_id, mass, material_id, origin_id, price, product_id, quantity, size_id, sleeve_id, style_id, texture_id, thickness_id, created_date, updated_date, code) VALUES (15, 7, 10, 2, 0, 5, 698, 1, 4, 330000, 4, 49, 6, 7, 4, 4, 4, '1978-02-13 20:14:55.2360000', '1997-04-15 08:18:57.0550000', 'LYBNU')
INSERT dbo.product_detail(id, brand_id, collar_id, color_id, deleted, elasticity_id, mass, material_id, origin_id, price, product_id, quantity, size_id, sleeve_id, style_id, texture_id, thickness_id, created_date, updated_date, code) VALUES (16, 1, 7, 3, 0, 4, 250, 6, 2, 350000, 3, 82, 6, 2, 5, 6, 6, '1991-05-01 11:44:11.8460000', '1979-10-01 12:55:48.3940000', 'WKYLT')
INSERT dbo.product_detail(id, brand_id, collar_id, color_id, deleted, elasticity_id, mass, material_id, origin_id, price, product_id, quantity, size_id, sleeve_id, style_id, texture_id, thickness_id, created_date, updated_date, code) VALUES (17, 10, 8, 1, 0, 3, 4, 5, 5, 370000, 10, 43, 1, 7, 5, 5, 1, '2003-07-03 00:43:44.0740000', '1990-08-11 20:18:55.0050000', 'EJGBQ')
INSERT dbo.product_detail(id, brand_id, collar_id, color_id, deleted, elasticity_id, mass, material_id, origin_id, price, product_id, quantity, size_id, sleeve_id, style_id, texture_id, thickness_id, created_date, updated_date, code) VALUES (18, 2, 10, 6, 0, 6, 72, 12, 2, 390000, 6, 3, 6, 8, 1, 5, 6, '1983-01-15 12:11:00.0810000', '2004-05-21 12:25:30.4390000', 'YZIHI')
INSERT dbo.product_detail(id, brand_id, collar_id, color_id, deleted, elasticity_id, mass, material_id, origin_id, price, product_id, quantity, size_id, sleeve_id, style_id, texture_id, thickness_id, created_date, updated_date, code) VALUES (19, 2, 5, 1, 0, 4, 349, 12, 1, 410000, 9, 72, 5, 2, 1, 2, 7, '2006-11-06 13:08:41.6550000', '1971-10-08 18:20:52.9390000', 'ZURHP')
INSERT dbo.product_detail(id, brand_id, collar_id, color_id, deleted, elasticity_id, mass, material_id, origin_id, price, product_id, quantity, size_id, sleeve_id, style_id, texture_id, thickness_id, created_date, updated_date, code) VALUES (20, 10, 10, 5, 0, 1, 867, 10, 7, 430000, 2, 41, 2, 3, 5, 7, 4, '1994-06-23 12:39:32.0610000', '2015-06-18 01:50:54.7200000', 'AEJXE')
INSERT dbo.product_detail(id, brand_id, collar_id, color_id, deleted, elasticity_id, mass, material_id, origin_id, price, product_id, quantity, size_id, sleeve_id, style_id, texture_id, thickness_id, created_date, updated_date, code) VALUES (21, 3, 9, 3, 0, 3, 452, 5, 2, 450000, 2, 81, 4, 6, 4, 2, 5, '2005-09-08 21:39:30.0530000', '1973-03-22 21:56:32.9450000', 'BRQAJ')
INSERT dbo.product_detail(id, brand_id, collar_id, color_id, deleted, elasticity_id, mass, material_id, origin_id, price, product_id, quantity, size_id, sleeve_id, style_id, texture_id, thickness_id, created_date, updated_date, code) VALUES (22, 3, 8, 2, 0, 4, 3, 6, 8, 470000, 7, 38, 7, 5, 4, 1, 7, '1984-04-16 16:11:03.0030000', '2004-08-02 19:07:22.3950000', 'IZYXH')
INSERT dbo.product_detail(id, brand_id, collar_id, color_id, deleted, elasticity_id, mass, material_id, origin_id, price, product_id, quantity, size_id, sleeve_id, style_id, texture_id, thickness_id, created_date, updated_date, code) VALUES (23, 2, 7, 1, 0, 4, 101, 2, 1, 490000, 5, 72, 6, 9, 6, 3, 8, '1992-04-25 21:34:24.0500000', '2006-01-31 04:08:54.0230000', 'STUXL')
INSERT dbo.product_detail(id, brand_id, collar_id, color_id, deleted, elasticity_id, mass, material_id, origin_id, price, product_id, quantity, size_id, sleeve_id, style_id, texture_id, thickness_id, created_date, updated_date, code) VALUES (24, 9, 6, 3, 0, 4, 147, 1, 8, 510000, 7, 16, 6, 5, 5, 3, 2, '1993-10-18 08:55:28.1560000', '1985-05-10 09:48:25.9130000', 'SSAXF')
INSERT dbo.product_detail(id, brand_id, collar_id, color_id, deleted, elasticity_id, mass, material_id, origin_id, price, product_id, quantity, size_id, sleeve_id, style_id, texture_id, thickness_id, created_date, updated_date, code) VALUES (25, 6, 5, 3, 0, 6, 374, 10, 2, 530000, 5, 7, 1, 9, 5, 7, 3, '1975-04-15 09:30:50.4120000', '1987-05-27 12:16:10.2030000', 'AJIPK')
INSERT dbo.product_detail(id, brand_id, collar_id, color_id, deleted, elasticity_id, mass, material_id, origin_id, price, product_id, quantity, size_id, sleeve_id, style_id, texture_id, thickness_id, created_date, updated_date, code) VALUES (26, 8, 6, 6, 0, 4, 813, 7, 9, 550000, 3, 40, 4, 4, 4, 5, 3, '1983-02-24 23:34:11.4560000', '2011-04-26 18:32:32.0610000', 'BLVEF')
INSERT dbo.product_detail(id, brand_id, collar_id, color_id, deleted, elasticity_id, mass, material_id, origin_id, price, product_id, quantity, size_id, sleeve_id, style_id, texture_id, thickness_id, created_date, updated_date, code) VALUES (27, 2, 7, 4, 0, 5, 445, 7, 10, 570000, 9, 84, 6, 9, 2, 5, 1, '2007-10-29 18:36:46.3250000', '2017-04-23 20:37:11.6500000', 'AOVPO')
INSERT dbo.product_detail(id, brand_id, collar_id, color_id, deleted, elasticity_id, mass, material_id, origin_id, price, product_id, quantity, size_id, sleeve_id, style_id, texture_id, thickness_id, created_date, updated_date, code) VALUES (28, 8, 10, 5, 0, 4, 447, 6, 3, 590000, 2, 17, 1, 5, 6, 6, 3, '1973-03-23 08:44:44.1920000', '1977-12-05 09:08:17.6610000', 'LGLCE')
INSERT dbo.product_detail(id, brand_id, collar_id, color_id, deleted, elasticity_id, mass, material_id, origin_id, price, product_id, quantity, size_id, sleeve_id, style_id, texture_id, thickness_id, created_date, updated_date, code) VALUES (29, 5, 10, 3, 0, 2, 173, 4, 9, 610000, 4, 7, 5, 4, 3, 1, 1, '2005-04-25 06:25:23.5800000', '2001-11-08 17:00:17.5700000', 'ARWHB')
INSERT dbo.product_detail(id, brand_id, collar_id, color_id, deleted, elasticity_id, mass, material_id, origin_id, price, product_id, quantity, size_id, sleeve_id, style_id, texture_id, thickness_id, created_date, updated_date, code) VALUES (30, 6, 10, 5, 0, 5, 351, 1, 10, 630000, 2, 1, 3, 5, 7, 3, 4, '2009-03-10 18:37:13.0050000', '2017-12-27 01:40:01.9320000', 'MZJPJ')
INSERT dbo.product_detail(id, brand_id, collar_id, color_id, deleted, elasticity_id, mass, material_id, origin_id, price, product_id, quantity, size_id, sleeve_id, style_id, texture_id, thickness_id, created_date, updated_date, code) VALUES (31, 5, 1, 3, 0, 1, 853, 1, 1, 650000, 4, 31, 4, 8, 5, 3, 4, '1997-10-21 02:45:53.0050000', '1980-10-15 16:58:39.4420000', 'XOUHK')
INSERT dbo.product_detail(id, brand_id, collar_id, color_id, deleted, elasticity_id, mass, material_id, origin_id, price, product_id, quantity, size_id, sleeve_id, style_id, texture_id, thickness_id, created_date, updated_date, code) VALUES (32, 6, 2, 2, 0, 4, 71, 8, 8, 670000, 7, 52, 5, 5, 4, 6, 5, '1981-07-04 07:29:42.0390000', '1975-12-28 22:29:48.9790000', 'WNRXD')
INSERT dbo.product_detail(id, brand_id, collar_id, color_id, deleted, elasticity_id, mass, material_id, origin_id, price, product_id, quantity, size_id, sleeve_id, style_id, texture_id, thickness_id, created_date, updated_date, code) VALUES (33, 9, 10, 1, 0, 6, 46, 5, 2, 690000, 8, 53, 8, 3, 4, 1, 5, '1974-10-30 16:26:25.8100000', '1977-06-30 20:11:41.0770000', 'UNUUL')
INSERT dbo.product_detail(id, brand_id, collar_id, color_id, deleted, elasticity_id, mass, material_id, origin_id, price, product_id, quantity, size_id, sleeve_id, style_id, texture_id, thickness_id, created_date, updated_date, code) VALUES (34, 8, 1, 5, 0, 2, 405, 9, 1, 710000, 2, 4, 3, 5, 1, 2, 5, '2021-09-15 17:39:24.5050000', '1980-04-20 05:31:08.0440000', 'JHMCD')
INSERT dbo.product_detail(id, brand_id, collar_id, color_id, deleted, elasticity_id, mass, material_id, origin_id, price, product_id, quantity, size_id, sleeve_id, style_id, texture_id, thickness_id, created_date, updated_date, code) VALUES (35, 6, 8, 5, 0, 3, 262, 1, 10, 730000, 4, 84, 1, 5, 2, 7, 7, '2013-10-24 21:24:45.4790000', '1973-09-25 22:50:10.8850000', 'JNYHB')
INSERT dbo.product_detail(id, brand_id, collar_id, color_id, deleted, elasticity_id, mass, material_id, origin_id, price, product_id, quantity, size_id, sleeve_id, style_id, texture_id, thickness_id, created_date, updated_date, code) VALUES (36, 6, 9, 2, 0, 5, 1, 3, 8, 750000, 8, 99, 6, 7, 1, 3, 1, '2019-04-25 06:21:35.0500000', '1993-10-03 22:14:43.3290000', 'CVWAH')
INSERT dbo.product_detail(id, brand_id, collar_id, color_id, deleted, elasticity_id, mass, material_id, origin_id, price, product_id, quantity, size_id, sleeve_id, style_id, texture_id, thickness_id, created_date, updated_date, code) VALUES (37, 1, 6, 1, 0, 5, 102, 8, 4, 770000, 4, 95, 3, 10, 3, 5, 1, '2014-06-15 10:53:02.6880000', '1984-10-25 21:07:59.0650000', 'MQPHA')
INSERT dbo.product_detail(id, brand_id, collar_id, color_id, deleted, elasticity_id, mass, material_id, origin_id, price, product_id, quantity, size_id, sleeve_id, style_id, texture_id, thickness_id, created_date, updated_date, code) VALUES (38, 5, 4, 6, 0, 6, 2, 9, 7, 790000, 2, 57, 6, 4, 6, 1, 8, '2001-01-30 13:27:28.0080000', '1970-09-15 06:57:21.4900000', 'AVPGW')
INSERT dbo.product_detail(id, brand_id, collar_id, color_id, deleted, elasticity_id, mass, material_id, origin_id, price, product_id, quantity, size_id, sleeve_id, style_id, texture_id, thickness_id, created_date, updated_date, code) VALUES (39, 2, 7, 2, 0, 3, 966, 5, 2, 810000, 10, 89, 5, 8, 4, 2, 8, '2012-07-23 00:26:02.5930000', '2021-02-09 03:29:21.4370000', 'AZCLD')
INSERT dbo.product_detail(id, brand_id, collar_id, color_id, deleted, elasticity_id, mass, material_id, origin_id, price, product_id, quantity, size_id, sleeve_id, style_id, texture_id, thickness_id, created_date, updated_date, code) VALUES (40, 7, 10, 6, 0, 5, 146, 1, 8, 830000, 2, 56, 7, 9, 5, 4, 6, '1979-04-15 14:32:09.8610000', '1976-05-16 13:49:57.9830000', 'NKUUV')
INSERT dbo.product_detail(id, brand_id, collar_id, color_id, deleted, elasticity_id, mass, material_id, origin_id, price, product_id, quantity, size_id, sleeve_id, style_id, texture_id, thickness_id, created_date, updated_date, code) VALUES (41, 2, 1, 6, 0, 5, 116, 8, 3, 850000, 1, 36, 2, 5, 2, 5, 6, '1982-07-08 22:21:30.2270000', '1971-04-19 02:58:17.1820000', 'DLJYM')
INSERT dbo.product_detail(id, brand_id, collar_id, color_id, deleted, elasticity_id, mass, material_id, origin_id, price, product_id, quantity, size_id, sleeve_id, style_id, texture_id, thickness_id, created_date, updated_date, code) VALUES (42, 2, 6, 1, 0, 2, 688, 9, 4, 870000, 1, 14, 2, 8, 4, 7, 7, '1989-12-27 11:53:48.1760000', '1977-04-23 13:30:39.1750000', 'LTZQD')
INSERT dbo.product_detail(id, brand_id, collar_id, color_id, deleted, elasticity_id, mass, material_id, origin_id, price, product_id, quantity, size_id, sleeve_id, style_id, texture_id, thickness_id, created_date, updated_date, code) VALUES (43, 7, 10, 4, 0, 3, 879, 1, 4, 890000, 1, 20, 5, 8, 7, 7, 2, '2021-06-26 20:47:12.7010000', '1998-09-08 04:05:52.6910000', 'YDOVD')
INSERT dbo.product_detail(id, brand_id, collar_id, color_id, deleted, elasticity_id, mass, material_id, origin_id, price, product_id, quantity, size_id, sleeve_id, style_id, texture_id, thickness_id, created_date, updated_date, code) VALUES (44, 4, 7, 5, 0, 4, 474, 3, 9, 910000, 2, 21, 1, 3, 2, 5, 7, '2015-05-23 12:59:38.0020000', '1985-02-19 10:07:37.3060000', 'HEUTB')
INSERT dbo.product_detail(id, brand_id, collar_id, color_id, deleted, elasticity_id, mass, material_id, origin_id, price, product_id, quantity, size_id, sleeve_id, style_id, texture_id, thickness_id, created_date, updated_date, code) VALUES (45, 10, 2, 3, 0, 1, 2, 8, 10, 930000, 10, 20, 5, 6, 2, 5, 7, '1986-09-11 12:51:46.3560000', '2005-08-26 06:51:23.4430000', 'IBJYZ')
INSERT dbo.product_detail(id, brand_id, collar_id, color_id, deleted, elasticity_id, mass, material_id, origin_id, price, product_id, quantity, size_id, sleeve_id, style_id, texture_id, thickness_id, created_date, updated_date, code) VALUES (46, 9, 9, 1, 0, 3, 339, 9, 4, 950000, 10, 34, 8, 10, 3, 3, 7, '2020-01-10 12:24:49.9600000', '1971-11-10 12:30:10.7880000', 'ILQAK')
INSERT dbo.product_detail(id, brand_id, collar_id, color_id, deleted, elasticity_id, mass, material_id, origin_id, price, product_id, quantity, size_id, sleeve_id, style_id, texture_id, thickness_id, created_date, updated_date, code) VALUES (47, 1, 5, 6, 0, 2, 63, 7, 7, 970000, 7, 21, 6, 4, 2, 2, 4, '1979-04-10 12:07:51.4150000', '2014-05-19 15:45:25.0370000', 'WVDKE')
INSERT dbo.product_detail(id, brand_id, collar_id, color_id, deleted, elasticity_id, mass, material_id, origin_id, price, product_id, quantity, size_id, sleeve_id, style_id, texture_id, thickness_id, created_date, updated_date, code) VALUES (48, 3, 4, 5, 0, 1, 756, 8, 9, 990000, 1, 7, 6, 5, 3, 6, 3, '2008-06-07 05:41:22.0710000', '2009-07-17 10:56:00.9840000', 'WOOVM')
INSERT dbo.product_detail(id, brand_id, collar_id, color_id, deleted, elasticity_id, mass, material_id, origin_id, price, product_id, quantity, size_id, sleeve_id, style_id, texture_id, thickness_id, created_date, updated_date, code) VALUES (49, 9, 4, 6, 0, 3, 577, 7, 3, 50000, 2, 3, 8, 3, 6, 4, 6, '1985-09-10 07:14:03.8100000', '2012-07-02 07:39:44.7370000', 'WAVOG')
INSERT dbo.product_detail(id, brand_id, collar_id, color_id, deleted, elasticity_id, mass, material_id, origin_id, price, product_id, quantity, size_id, sleeve_id, style_id, texture_id, thickness_id, created_date, updated_date, code) VALUES (50, 7, 10, 2, 0, 3, 693, 11, 9, 70000, 8, 92, 4, 5, 7, 6, 6, '2018-04-21 01:03:26.9170000', '1972-04-02 02:28:35.2790000', 'JMLUP')
GO
SET IDENTITY_INSERT dbo.product_detail OFF
GO

--
-- Inserting data into table dbo.customer
--
SET IDENTITY_INSERT dbo.customer ON
GO
INSERT dbo.customer(id, account_id, birth_date, deleted, created_date, updated_date, code, email, gender, name, phone, status) VALUES (1, 16, '1982-10-26', 1, '2015-08-09 03:39:31.9490000', '1982-04-27 15:28:52.0170000', 'YUYPQ', N'nrmzqahm582@example.com', N'Nữ', N'Phan Nhật Minh', '(746) 224-4468', 'Active')
INSERT dbo.customer(id, account_id, birth_date, deleted, created_date, updated_date, code, email, gender, name, phone, status) VALUES (2, 47, '1968-09-02', 0, '1972-11-17 15:34:31.3420000', '2007-09-17 20:18:47.8400000', 'QGHMH', N'Register@nowhere.com', N'Nam', N'Bùi Thuỳ Dung', '(260) 789-3111', 'InActive')
INSERT dbo.customer(id, account_id, birth_date, deleted, created_date, updated_date, code, email, gender, name, phone, status) VALUES (3, 32, '1963-05-09', 0, '1987-04-28 20:20:39.4960000', '2007-07-10 05:28:26.0450000', 'TCBXN', N'Vance.Key26@nowhere.com', N'Nữ', N'Nguyễn Anh Thư', '(779) 344-5511', 'InActive')
INSERT dbo.customer(id, account_id, birth_date, deleted, created_date, updated_date, code, email, gender, name, phone, status) VALUES (4, 22, '1988-10-30', 0, '2018-07-31 02:35:01.6360000', '1982-06-14 11:07:42.9660000', 'OYWXD', N'JakeNegron@example.com', N'Nữ', N'Phan Hoàng Yến', '(814) 857-0273', 'InActive')
INSERT dbo.customer(id, account_id, birth_date, deleted, created_date, updated_date, code, email, gender, name, phone, status) VALUES (5, 27, '1992-10-17', 0, '2017-10-16 18:21:49.0030000', '1983-12-14 19:04:44.7450000', 'VEMKK', N'VeolaSapp@example.com', N'Nữ', N'Võ Văn Khánh', '(326) 569-6801', 'Active')
INSERT dbo.customer(id, account_id, birth_date, deleted, created_date, updated_date, code, email, gender, name, phone, status) VALUES (6, 42, '1960-12-03', 0, '1990-03-11 09:46:29.6410000', '1982-01-27 22:41:01.3020000', 'WOFPQ', N'WaltonRoth368@nowhere.com', N'Nam', N'Đỗ Tuấn Kiệt', '(455) 146-2952', 'Active')
INSERT dbo.customer(id, account_id, birth_date, deleted, created_date, updated_date, code, email, gender, name, phone, status) VALUES (7, 33, '1976-10-01', 1, '1983-05-03 17:58:32.1790000', '1986-03-18 01:42:20.0080000', 'UYQNZ', N'Leida.Abraham893@nowhere.com', N'Nữ', N'Lê Thành Đạt', '(719) 126-5159', 'Active')
INSERT dbo.customer(id, account_id, birth_date, deleted, created_date, updated_date, code, email, gender, name, phone, status) VALUES (8, 45, '1976-12-23', 1, '1997-06-26 19:20:03.1820000', '1979-08-24 17:24:26.0080000', 'XJAVB', N'Tena_Almeida45@nowhere.com', N'Nam', N'Vũ Ngọc Lan', '(624) 326-7798', 'InActive')
INSERT dbo.customer(id, account_id, birth_date, deleted, created_date, updated_date, code, email, gender, name, phone, status) VALUES (9, 50, '1962-02-07', 0, '2022-05-11 12:58:49.7540000', '1987-09-14 11:51:44.3800000', 'SIIBA', N'Stuckey624@nowhere.com', N'Nam', N'Trần Quốc Huy', '(420) 322-0889', 'Active')
INSERT dbo.customer(id, account_id, birth_date, deleted, created_date, updated_date, code, email, gender, name, phone, status) VALUES (10, 37, '1964-07-25', 1, '1973-09-22 22:02:10.5310000', '1970-04-21 14:21:10.8400000', 'VYKZU', N'Jack.Lin@nowhere.com', N'Nam', N'Đỗ Minh Châu', '(451) 380-3859', 'Active')
INSERT dbo.customer(id, account_id, birth_date, deleted, created_date, updated_date, code, email, gender, name, phone, status) VALUES (11, 43, '1954-01-05', 0, '1983-07-22 22:30:23.0100000', '2007-03-03 16:56:38.0040000', 'BWVJG', N'BobbieMoriarty437@nowhere.com', N'Nam', N'Lê Thảo Vy', '(654) 495-8151', 'InActive')
INSERT dbo.customer(id, account_id, birth_date, deleted, created_date, updated_date, code, email, gender, name, phone, status) VALUES (12, 48, '1982-07-17', 1, '1986-01-25 08:43:43.2000000', '1995-06-15 18:50:10.0080000', 'BWFLP', N'dpglpo5709@nowhere.com', N'Nam', N'Nguyễn Anh Dũng', '(887) 895-4302', 'InActive')
INSERT dbo.customer(id, account_id, birth_date, deleted, created_date, updated_date, code, email, gender, name, phone, status) VALUES (13, 46, '1964-12-14', 1, '2014-07-17 17:08:47.7880000', '1993-06-17 00:21:33.9570000', 'RGDFM', N'HarlandMichaud9@example.com', N'Nữ', N'Trần Bảo Ngọc', '(457) 463-7173', 'InActive')
INSERT dbo.customer(id, account_id, birth_date, deleted, created_date, updated_date, code, email, gender, name, phone, status) VALUES (14, 8, '1996-08-24', 0, '1977-02-28 07:36:18.9080000', '2013-01-31 04:51:31.9080000', 'OEUJU', N'ElayneSaldana7@example.com', N'Nữ', N'Hoàng Thanh Hà', '(827) 128-0029', 'InActive')
INSERT dbo.customer(id, account_id, birth_date, deleted, created_date, updated_date, code, email, gender, name, phone, status) VALUES (15, 49, '1954-07-02', 0, '1976-12-28 14:56:39.8180000', '1986-02-17 02:55:55.5460000', 'EITTD', N'Acker@example.com', N'Nam', N'Bùi Bảo Long', '(890) 024-2675', 'Active')
INSERT dbo.customer(id, account_id, birth_date, deleted, created_date, updated_date, code, email, gender, name, phone, status) VALUES (16, 3, '2003-09-15', 0, '1983-10-10 05:48:30.8610000', '2005-03-12 22:39:39.0060000', 'WKVNF', N'Benjamin_Mann5@example.com', N'Nam', N'Phạm Minh Quân', '(522) 843-2761', 'Active')
INSERT dbo.customer(id, account_id, birth_date, deleted, created_date, updated_date, code, email, gender, name, phone, status) VALUES (17, 9, '1955-07-20', 0, '2008-04-10 04:36:03.7110000', '1981-02-04 17:24:10.3340000', 'KOVGR', N'Crabtree456@nowhere.com', N'Nam', N'Phạm Khánh Linh', '(609) 043-5860', 'Active')
INSERT dbo.customer(id, account_id, birth_date, deleted, created_date, updated_date, code, email, gender, name, phone, status) VALUES (18, 4, '1981-09-12', 0, '2022-11-20 12:24:03.6500000', '2002-09-15 08:09:16.0050000', 'OZNXZ', N'EvelinPfeifer8@nowhere.com', N'Nữ', N'Vũ Hải Đăng', '(381) 914-3674', 'Active')
INSERT dbo.customer(id, account_id, birth_date, deleted, created_date, updated_date, code, email, gender, name, phone, status) VALUES (19, 38, '1984-09-22', 1, '2005-03-06 12:47:13.2760000', '1972-04-29 05:23:52.8800000', 'HDCVP', N'GaitherH@example.com', N'Nữ', N'Võ Diệu Anh', '(369) 861-2460', 'InActive')
INSERT dbo.customer(id, account_id, birth_date, deleted, created_date, updated_date, code, email, gender, name, phone, status) VALUES (20, 10, '1962-01-28', 0, '1986-04-21 07:38:10.1320000', '2023-11-27 07:31:02.2860000', 'KEHBU', N'IoneLawler68@nowhere.com', N'Nữ', N'Hoàng Đức Thắng', '(244) 582-6982', 'InActive')
GO
SET IDENTITY_INSERT dbo.customer OFF
GO

--
-- Inserting data into table dbo.staff
--
SET IDENTITY_INSERT dbo.staff ON
GO
INSERT dbo.staff(id, account_id, birth_day, deleted, gender, created_date, updated_date, address, citizen_id, code, district, email, name, note, phone, province, status, ward) VALUES (1, 48, '2019-03-17', 0, 1, '1984-10-26 00:04:53.0430000', '2004-02-28 01:48:29.6360000', N'50 Trường Chinh, Tân Bình, TP. Hồ Chí Minh', '93282', 'STZOZ', N'DE-JF', 'Westbrook@example.com', N'Bùi Bảo Long', N'QPZCX', '(392) 457-1707', N'XFDVE', 'JXNJA', N'JGQEP')
INSERT dbo.staff(id, account_id, birth_day, deleted, gender, created_date, updated_date, address, citizen_id, code, district, email, name, note, phone, province, status, ward) VALUES (2, 38, '2016-09-30', 0, 0, '2000-04-11 14:05:08.2760000', '1978-02-18 22:59:41.2640000', N'60 Hoàng Hoa Thám, Ba Đình, Hà Nội', '52161', 'VQZOD', N'WV-OA', 'ognk5621@example.com', N'Lê Thảo Vy', N'DITCS', '(896) 437-6650', N'DZYEN', 'BAGMW', N'ETNIY')
INSERT dbo.staff(id, account_id, birth_day, deleted, gender, created_date, updated_date, address, citizen_id, code, district, email, name, note, phone, province, status, ward) VALUES (3, 8, '2010-05-14', 0, 1, '1998-02-10 00:35:17.1450000', '1997-09-12 09:16:24.1030000', N'456 Lê Lợi, Quận 1, TP. Hồ Chí Minh', '51828', 'LXLWI', N'HI-IZ', 'Antione.Coulter39@example.com', N'Bùi Thuỳ Dung', N'USIHN', '(292) 976-8074', N'CNHFV', 'PUJWM', N'TFSFU')
INSERT dbo.staff(id, account_id, birth_day, deleted, gender, created_date, updated_date, address, citizen_id, code, district, email, name, note, phone, province, status, ward) VALUES (4, 50, '1970-02-06', 0, 1, '1989-04-09 10:46:47.7370000', '1978-11-28 15:15:10.8200000', N'456 Lê Lợi, Quận 1, TP. Hồ Chí Minh', '52295', 'CAYQV', N'UT-KQ', 'Kirby_Abbott@nowhere.com', N'Nguyễn Anh Thư', N'JCLGF', '(575) 852-4830', N'LECEX', 'RIYWQ', N'SXYCV')
INSERT dbo.staff(id, account_id, birth_day, deleted, gender, created_date, updated_date, address, citizen_id, code, district, email, name, note, phone, province, status, ward) VALUES (5, 46, '1971-06-23', 0, 1, '1995-05-30 20:19:11.0000000', '1972-06-21 12:29:17.0400000', N'456 Lê Lợi, Quận 1, TP. Hồ Chí Minh', '20614', 'VRPRS', N'FL-MY', 'Vanna_Colwell@example.com', N'Đỗ Tuấn Kiệt', N'OJEVT', '(764) 407-4238', N'NKSEX', 'ZPQZY', N'LNGCQ')
INSERT dbo.staff(id, account_id, birth_day, deleted, gender, created_date, updated_date, address, citizen_id, code, district, email, name, note, phone, province, status, ward) VALUES (6, 49, '2007-03-19', 0, 0, '1992-12-04 11:16:56.4340000', '1970-10-06 13:16:48.8730000', N'15 Lý Thái Tổ, Hoàn Kiếm, Hà Nội', '44340', 'LFQMT', N'DE-ZW', 'Alvarez@example.com', N'Nguyễn Anh Dũng', N'JIJEI', '(504) 417-2891', N'OAULX', 'DOSZV', N'LWDJT')
INSERT dbo.staff(id, account_id, birth_day, deleted, gender, created_date, updated_date, address, citizen_id, code, district, email, name, note, phone, province, status, ward) VALUES (7, 23, '2004-03-08', 0, 0, '2021-04-28 05:04:00.3350000', '2016-02-09 07:23:45.9400000', N'75 Điện Biên Phủ, Bình Thạnh, TP. Hồ Chí Minh', '71744', 'RCRFA', N'AK-CP', 'Elenore.NShelby@nowhere.com', N'Đỗ Minh Châu', N'VCYMM', '(216) 107-1989', N'FMCBW', 'WWXNX', N'LIJWO')
INSERT dbo.staff(id, account_id, birth_day, deleted, gender, created_date, updated_date, address, citizen_id, code, district, email, name, note, phone, province, status, ward) VALUES (8, 44, '1984-03-25', 0, 1, '1972-06-06 07:24:31.7890000', '1990-08-30 13:27:29.0010000', N'50 Trường Chinh, Tân Bình, TP. Hồ Chí Minh', '40757', 'RDJXZ', N'IL-LD', 'uzudphuw_ouczoafo@example.com', N'Phan Nhật Minh', N'GBIPS', '(161) 310-6517', N'QXOIG', 'PVSBU', N'UKTOE')
INSERT dbo.staff(id, account_id, birth_day, deleted, gender, created_date, updated_date, address, citizen_id, code, district, email, name, note, phone, province, status, ward) VALUES (9, 47, '2024-03-09', 0, 0, '2014-03-25 08:05:59.0040000', '1984-05-08 04:53:14.1190000', N'22 Phan Chu Trinh, Hải Châu, Đà Nẵng', '85275', 'DARMG', N'KY-FA', 'KevinAbel@nowhere.com', N'Lê Thành Đạt', N'OBZOU', '(627) 538-0784', N'IDPKM', 'QIMQS', N'IVIQF')
INSERT dbo.staff(id, account_id, birth_day, deleted, gender, created_date, updated_date, address, citizen_id, code, district, email, name, note, phone, province, status, ward) VALUES (10, 20, '1978-12-16', 0, 0, '2011-07-27 06:18:24.4590000', '2012-10-17 19:58:17.0450000', N'123 Nguyễn Trãi, Thanh Xuân, Hà Nội', '23900', 'CMTFA', N'GA-MJ', 'mtpnq4@example.com', N'Võ Diệu Anh', N'KGVAL', '(570) 353-0713', N'GMMMM', 'DPXNU', N'ZVAIN')
INSERT dbo.staff(id, account_id, birth_day, deleted, gender, created_date, updated_date, address, citizen_id, code, district, email, name, note, phone, province, status, ward) VALUES (11, 15, '1970-09-20', 0, 0, '1985-06-05 12:44:59.0280000', '1997-06-16 04:48:49.6940000', N'22 Phan Chu Trinh, Hải Châu, Đà Nẵng', '49685', 'GTZLU', N'SD-QT', 'BriannePerryman@example.com', N'Trần Quốc Huy', N'OAASP', '(164) 655-6210', N'KLUIS', 'FOQSZ', N'DZGHO')
INSERT dbo.staff(id, account_id, birth_day, deleted, gender, created_date, updated_date, address, citizen_id, code, district, email, name, note, phone, province, status, ward) VALUES (12, 29, '2012-07-10', 0, 1, '1986-04-14 10:28:49.9500000', '1979-11-05 19:30:02.4040000', N'50 Trường Chinh, Tân Bình, TP. Hồ Chí Minh', '27428', 'PIWSH', N'NM-JF', 'OttoLaughlin@nowhere.com', N'Phạm Minh Quân', N'FXAKO', '(154) 019-1459', N'KEISF', 'SFISD', N'GJLKW')
INSERT dbo.staff(id, account_id, birth_day, deleted, gender, created_date, updated_date, address, citizen_id, code, district, email, name, note, phone, province, status, ward) VALUES (13, 3, '1991-11-04', 0, 1, '1996-04-06 21:33:02.1330000', '1983-03-16 07:30:33.5020000', N'75 Điện Biên Phủ, Bình Thạnh, TP. Hồ Chí Minh', '57344', 'SURHQ', N'PA-XM', 'Brannon68@example.com', N'Hoàng Đức Thắng', N'HHMPL', '(153) 901-5075', N'ZHADI', 'RVDPR', N'QSVRB')
INSERT dbo.staff(id, account_id, birth_day, deleted, gender, created_date, updated_date, address, citizen_id, code, district, email, name, note, phone, province, status, ward) VALUES (14, 24, '2007-10-17', 0, 1, '2012-04-06 17:19:17.0550000', '1994-03-08 04:37:56.0730000', N'15 Lý Thái Tổ, Hoàn Kiếm, Hà Nội', '14837', 'GNWAV', N'TX-VX', 'Aponte@example.com', N'Phạm Khánh Linh', N'FDUTK', '(597) 914-3474', N'TQZRS', 'KSTFI', N'LKJMD')
INSERT dbo.staff(id, account_id, birth_day, deleted, gender, created_date, updated_date, address, citizen_id, code, district, email, name, note, phone, province, status, ward) VALUES (15, 45, '1970-10-24', 0, 1, '2016-04-20 02:59:03.2710000', '2014-02-16 08:12:14.9430000', N'50 Trường Chinh, Tân Bình, TP. Hồ Chí Minh', '36451', 'ZMTLV', N'HI-XY', 'Andy_Cambell37@nowhere.com', N'Vũ Hải Đăng', N'HMVVA', '(949) 046-2945', N'TRQNJ', 'SHUVA', N'YXRGE')
INSERT dbo.staff(id, account_id, birth_day, deleted, gender, created_date, updated_date, address, citizen_id, code, district, email, name, note, phone, province, status, ward) VALUES (16, 21, '1997-07-30', 0, 1, '2008-10-19 10:34:45.0520000', '2019-06-14 14:30:12.1470000', N'123 Nguyễn Trãi, Thanh Xuân, Hà Nội', '63112', 'QTTZD', N'VT-ZX', 'Frizzell@example.com', N'Phan Hoàng Yến', N'CROMY', '(338) 469-5872', N'NCDFG', 'NGXLG', N'ZMHYI')
INSERT dbo.staff(id, account_id, birth_day, deleted, gender, created_date, updated_date, address, citizen_id, code, district, email, name, note, phone, province, status, ward) VALUES (17, 30, '2018-08-20', 0, 0, '2023-03-22 00:01:24.9130000', '2013-04-27 01:46:38.5230000', N'789 Trần Phú, Hà Đông, Hà Nội', '44797', 'FHGKV', N'GA-FM', 'Morley@nowhere.com', N'Vũ Ngọc Lan', N'CYZFY', '(713) 720-3652', N'VCLZM', 'WFJWK', N'KJAUZ')
INSERT dbo.staff(id, account_id, birth_day, deleted, gender, created_date, updated_date, address, citizen_id, code, district, email, name, note, phone, province, status, ward) VALUES (18, 39, '1970-04-02', 0, 1, '2007-10-13 08:16:45.8060000', '1977-10-21 08:32:18.5510000', N'35 Nguyễn Văn Linh, Hải Châu, Đà Nẵng', '51007', 'KMUSK', N'IN-LC', 'Ahern@example.com', N'Trần Bảo Ngọc', N'QFGYH', '(365) 788-4659', N'BYLIU', 'NCXPA', N'SDGCK')
INSERT dbo.staff(id, account_id, birth_day, deleted, gender, created_date, updated_date, address, citizen_id, code, district, email, name, note, phone, province, status, ward) VALUES (19, 34, '1970-03-04', 0, 1, '2007-05-19 08:34:30.7710000', '2005-11-29 06:08:56.1210000', N'50 Trường Chinh, Tân Bình, TP. Hồ Chí Minh', '06291', 'KRLCW', N'OR-QP', 'MarcosAcker@example.com', N'Võ Văn Khánh', N'JKBSP', '(643) 412-7916', N'VYLZN', 'IKBLD', N'JGUEX')
INSERT dbo.staff(id, account_id, birth_day, deleted, gender, created_date, updated_date, address, citizen_id, code, district, email, name, note, phone, province, status, ward) VALUES (20, 25, '1981-04-07', 0, 0, '2004-10-19 06:29:23.0310000', '1992-05-29 17:04:14.7220000', N'10 Nguyễn Huệ, Quận 1, TP. Hồ Chí Minh', '05334', 'KATQM', N'ND-EG', 'BrandonBruno@example.com', N'Hoàng Thanh Hà', N'AQFMT', '(717) 664-4280', N'XXXHW', 'NHOBB', N'PFFHH')
GO
SET IDENTITY_INSERT dbo.staff OFF
GO

--
-- Inserting data into table dbo.cart
--
SET IDENTITY_INSERT dbo.cart ON
GO
INSERT dbo.cart(id, customer_id, deleted, delivery_fee, discount, district_id, province_id, sub_total, total, voucher_id, created_date, updated_date, address, code, district_name, email, payment, phone, province_name, recipient_name, status, type, ward_id, ward_name) VALUES (1, 16, 0, 0, 0, 1, 1, 0, 0, 3, '2022-08-18 22:07:01.9590000', '1987-02-20 03:19:14.0930000', N'1512 Red Woodland Parkway, Keith Building, Pierre, SD, 33570', 'NLBXQ', N'SD-RQ', N'rmfz953@example.com', 'TRANSFER', N'(274) 372-0995', N'Tomas2029', N'Trent226', 'SUCCESS', 'INSTORE', '31170', N'Gale949')
INSERT dbo.cart(id, customer_id, deleted, delivery_fee, discount, district_id, province_id, sub_total, total, voucher_id, created_date, updated_date, address, code, district_name, email, payment, phone, province_name, recipient_name, status, type, ward_id, ward_name) VALUES (2, 4, 0, 10000, 100, 2, 2, 10000, 100000, 3, '1973-08-13 15:58:36.7320000', '2016-01-03 07:19:18.4470000', N'3076 Hidden Rose Hill Road, 1st FL, Little Rock, Arkansas, 54411', 'RFYJJ', N'NM-SZ', N'StuartZ.Kinder@nowhere.com', 'TRANSFER', N'(172) 161-1565', N'Beulah65', N'Alexandra2015', 'TOSHIP', 'ONLINE', '77059', N'Ohara2004')
INSERT dbo.cart(id, customer_id, deleted, delivery_fee, discount, district_id, province_id, sub_total, total, voucher_id, created_date, updated_date, address, code, district_name, email, payment, phone, province_name, recipient_name, status, type, ward_id, ward_name) VALUES (3, 6, 0, 20000, 200, 3, 3, 20000, 200000, 4, '1985-03-16 17:24:34.6500000', '2017-04-16 13:02:22.0280000', N'1109 Red Cedar Tree Pkwy, STE 230, Montgomery, Alabama, 42836', 'RFGFI', N'ID-OD', N'Acker@example.com', 'CASH', N'(838) 075-5305', N'Norbert2018', N'Arsenault944', 'SUCCESS', 'ONLINE', '57474', N'Alonzo512')
INSERT dbo.cart(id, customer_id, deleted, delivery_fee, discount, district_id, province_id, sub_total, total, voucher_id, created_date, updated_date, address, code, district_name, email, payment, phone, province_name, recipient_name, status, type, ward_id, ward_name) VALUES (4, 3, 0, 30000, 300, 4, 4, 30000, 300000, 2, '1970-11-18 01:04:33.0010000', '2013-10-29 01:46:30.6820000', N'563 NW Fox Hill Highway, First Security Bldg, Topeka, KS, 49233', 'MBOST', N'NJ-JB', N'Asbury@example.com', 'TRANSFER', N'(607) 327-1699', N'Elton1957', N'Cleary6', 'SUCCESS', 'INSTORE', '25421', N'Ressie658')
INSERT dbo.cart(id, customer_id, deleted, delivery_fee, discount, district_id, province_id, sub_total, total, voucher_id, created_date, updated_date, address, code, district_name, email, payment, phone, province_name, recipient_name, status, type, ward_id, ward_name) VALUES (5, 8, 0, 40000, 400, 5, 5, 40000, 400000, 2, '2023-08-12 18:12:48.0020000', '1999-06-11 07:27:40.0040000', N'278 W Rockwood Ln, Montpelier, Vermont, 59860', 'GMHIW', N'WV-BN', N'nlwccgg0@nowhere.com', 'CASH', N'(161) 739-0109', N'Daniela1984', N'Adam1966', 'SUCCESS', 'ONLINE', '26120', N'Alva2028')
INSERT dbo.cart(id, customer_id, deleted, delivery_fee, discount, district_id, province_id, sub_total, total, voucher_id, created_date, updated_date, address, code, district_name, email, payment, phone, province_name, recipient_name, status, type, ward_id, ward_name) VALUES (6, 5, 0, 50000, 500, 6, 6, 50000, 500000, 3, '1975-10-02 09:33:21.4290000', '2024-07-05 06:12:46.2960000', N'3138 Hidden Oak Way, Nipper Building, Juneau, AK, 31625', 'NZZQZ', N'CA-UP', N'Chandler@example.com', 'TRANSFER', N'(608) 566-3214', N'Darling1983', N'Adelina79', 'SUCCESS', 'ONLINE', '73323', N'Maki144')
INSERT dbo.cart(id, customer_id, deleted, delivery_fee, discount, district_id, province_id, sub_total, total, voucher_id, created_date, updated_date, address, code, district_name, email, payment, phone, province_name, recipient_name, status, type, ward_id, ward_name) VALUES (7, 3, 0, 60000, 600, 7, 7, 60000, 600000, 2, '2000-04-18 01:14:08.0090000', '1985-05-20 10:37:36.6020000', N'2996 Old Front Dr, Topeka, Kansas, 77919', 'SZJEL', N'NJ-JO', N'Bagwell@nowhere.com', 'CASH', N'(296) 529-0218', N'Sweet1967', N'Margorie3', 'TOSHIP', 'INSTORE', '83127', N'Hoyt334')
INSERT dbo.cart(id, customer_id, deleted, delivery_fee, discount, district_id, province_id, sub_total, total, voucher_id, created_date, updated_date, address, code, district_name, email, payment, phone, province_name, recipient_name, status, type, ward_id, ward_name) VALUES (8, 5, 0, 70000, 700, 8, 8, 70000, 700000, 4, '1997-05-27 10:27:02.8280000', '2019-10-19 07:26:09.0210000', N'570 W Cedar Tree Pkwy, Sacramento, California, 73524', 'EYQKG', N'KY-UH', N'Quincy_Angel@example.com', 'TRANSFER', N'(705) 330-0180', N'Abbie682', N'Swanson4', 'PENDING', 'ONLINE', '06222', N'Desirae866')
INSERT dbo.cart(id, customer_id, deleted, delivery_fee, discount, district_id, province_id, sub_total, total, voucher_id, created_date, updated_date, address, code, district_name, email, payment, phone, province_name, recipient_name, status, type, ward_id, ward_name) VALUES (9, 16, 0, 80000, 800, 9, 9, 80000, 800000, 1, '2005-02-27 01:58:18.0520000', '1993-06-27 04:45:42.2950000', N'41 Deepwood Circle, Suite 871, Sacramento, California, 63912', 'GCGAR', N'VA-BQ', N'Abernathy797@example.com', 'CASH', N'(150) 573-6433', N'Dwain1', N'Lupita4', 'PENDING', 'ONLINE', '64201', N'Bachman1')
INSERT dbo.cart(id, customer_id, deleted, delivery_fee, discount, district_id, province_id, sub_total, total, voucher_id, created_date, updated_date, address, code, district_name, email, payment, phone, province_name, recipient_name, status, type, ward_id, ward_name) VALUES (10, 2, 0, 90000, 900, 10, 10, 90000, 900000, 1, '2001-06-14 18:07:11.9950000', '1989-06-10 12:49:11.5770000', N'3232 North Hope St, Dover, DE, 86409', 'ANRGZ', N'DE-RT', N'EltonStanton941@nowhere.com', 'TRANSFER', N'(263) 301-5438', N'Burdette1979', N'Quintin42', 'PENDING', 'INSTORE', '41347', N'Antwan324')
INSERT dbo.cart(id, customer_id, deleted, delivery_fee, discount, district_id, province_id, sub_total, total, voucher_id, created_date, updated_date, address, code, district_name, email, payment, phone, province_name, recipient_name, status, type, ward_id, ward_name) VALUES (11, 9, 0, 100000, 1000, 11, 11, 100000, 1000000, 2, '1984-09-22 21:40:49.0090000', '1979-04-12 15:14:22.5450000', N'259 South Meadowview Highway, Albany, NY, 32380', 'LCMUT', N'ME-QP', N'EliasZPotts68@nowhere.com', 'TRANSFER', N'(674) 221-9166', N'Mariana2006', N'Drummond36', 'TOSHIP', 'ONLINE', '72825', N'Libbie1956')
INSERT dbo.cart(id, customer_id, deleted, delivery_fee, discount, district_id, province_id, sub_total, total, voucher_id, created_date, updated_date, address, code, district_name, email, payment, phone, province_name, recipient_name, status, type, ward_id, ward_name) VALUES (12, 3, 0, 110000, 1100, 12, 12, 110000, 1100000, 2, '1995-02-28 15:21:40.4980000', '2024-06-11 15:55:34.7240000', N'727 W Beachwood Blvd, Montpelier, VT, 91072', 'CFEMU', N'NH-QB', N'Thornburg757@example.com', 'CASH', N'(153) 072-7783', N'Karolyn1979', N'Milliken2004', 'TOSHIP', 'ONLINE', '87627', N'Falls2016')
INSERT dbo.cart(id, customer_id, deleted, delivery_fee, discount, district_id, province_id, sub_total, total, voucher_id, created_date, updated_date, address, code, district_name, email, payment, phone, province_name, recipient_name, status, type, ward_id, ward_name) VALUES (13, 18, 0, 120000, 1200, 13, 13, 120000, 1200000, 3, '1999-11-25 12:23:53.6720000', '2013-01-30 19:46:22.3760000', N'1727 Oak Highway, Madison, Wisconsin, 95431', 'THJXD', N'SC-DC', N'pspu1089@nowhere.com', 'CASH', N'(327) 560-7765', N'Joslyn39', N'Elliot684', 'PENDING', 'ONLINE', '09319', N'Abraham137')
INSERT dbo.cart(id, customer_id, deleted, delivery_fee, discount, district_id, province_id, sub_total, total, voucher_id, created_date, updated_date, address, code, district_name, email, payment, phone, province_name, recipient_name, status, type, ward_id, ward_name) VALUES (14, 18, 0, 130000, 1300, 14, 14, 130000, 1300000, 2, '2023-10-27 14:09:34.8720000', '1981-08-12 01:31:07.3550000', N'127 Sharp Hill Ct, Standard Bldg, Dover, Delaware, 09304', 'ENYTL', N'LA-ZE', N'pgatpfig_zooib@example.com', 'TRANSFER', N'(270) 247-7381', N'Nunez1997', N'Travis2026', 'TOSHIP', 'INSTORE', '41437', N'Marc37')
INSERT dbo.cart(id, customer_id, deleted, delivery_fee, discount, district_id, province_id, sub_total, total, voucher_id, created_date, updated_date, address, code, district_name, email, payment, phone, province_name, recipient_name, status, type, ward_id, ward_name) VALUES (15, 17, 0, 140000, 1400, 15, 15, 140000, 1400000, 2, '2003-09-09 21:52:35.3390000', '1982-05-03 00:43:06.3020000', N'771 NW Pine Tree Hwy, 2nd FL, Jefferson City, Missouri, 92494', 'LYMGA', N'AZ-FJ', N'Johnathon_Sander@example.com', 'CASH', N'(125) 225-1766', N'Carmelia362', N'Emmy64', 'TOSHIP', 'INSTORE', '34662', N'Arletha1965')
INSERT dbo.cart(id, customer_id, deleted, delivery_fee, discount, district_id, province_id, sub_total, total, voucher_id, created_date, updated_date, address, code, district_name, email, payment, phone, province_name, recipient_name, status, type, ward_id, ward_name) VALUES (16, 13, 0, 150000, 1500, 16, 16, 150000, 1500000, 1, '1987-06-21 00:33:49.2020000', '2016-12-14 22:37:09.2020000', N'2751 Cedar Tree Blvd, 63th FL, Nashville, Tennessee, 32530', 'MRMBL', N'NH-BF', N'Geoffrey.IKnott9@example.com', 'CASH', N'(741) 965-2046', N'Ada2014', N'Beau73', 'SUCCESS', 'INSTORE', '63877', N'Elizabet2025')
INSERT dbo.cart(id, customer_id, deleted, delivery_fee, discount, district_id, province_id, sub_total, total, voucher_id, created_date, updated_date, address, code, district_name, email, payment, phone, province_name, recipient_name, status, type, ward_id, ward_name) VALUES (17, 17, 0, 160000, 1600, 17, 17, 160000, 1600000, 1, '1978-12-13 23:36:39.2660000', '2016-09-02 21:25:04.8150000', N'946 N Sharp Hill Ct, Austin, Texas, 48914', 'GEENB', N'VA-DM', N'Rhea@example.com', 'CASH', N'(797) 355-1732', N'Danika2022', N'Brunilda8', 'TOSHIP', 'ONLINE', '06837', N'Woodall819')
INSERT dbo.cart(id, customer_id, deleted, delivery_fee, discount, district_id, province_id, sub_total, total, voucher_id, created_date, updated_date, address, code, district_name, email, payment, phone, province_name, recipient_name, status, type, ward_id, ward_name) VALUES (18, 16, 0, 170000, 1700, 18, 18, 170000, 1700000, 2, '1983-08-27 00:48:46.5800000', '1992-10-12 11:24:44.7550000', N'56 E Woodbridge Lane, Boise, Idaho, 47729', 'QDDFZ', N'IL-JG', N'Will593@example.com', 'TRANSFER', N'(100) 892-4919', N'Derick456', N'Burgess1955', 'TOSHIP', 'ONLINE', '28810', N'Ross2011')
INSERT dbo.cart(id, customer_id, deleted, delivery_fee, discount, district_id, province_id, sub_total, total, voucher_id, created_date, updated_date, address, code, district_name, email, payment, phone, province_name, recipient_name, status, type, ward_id, ward_name) VALUES (19, 12, 0, 180000, 1800, 19, 19, 180000, 1800000, 1, '1977-05-05 14:03:32.6970000', '2011-05-24 09:55:13.2830000', N'3461 Hunting Hill Dr, Columbus, OH, 37766', 'LFXQW', N'NE-XP', N'Clancy193@nowhere.com', 'CASH', N'(950) 822-7875', N'Rueben2018', N'Perkins1963', 'TOSHIP', 'INSTORE', '60938', N'Wingate6')
INSERT dbo.cart(id, customer_id, deleted, delivery_fee, discount, district_id, province_id, sub_total, total, voucher_id, created_date, updated_date, address, code, district_name, email, payment, phone, province_name, recipient_name, status, type, ward_id, ward_name) VALUES (20, 8, 0, 190000, 1900, 20, 20, 190000, 1900000, 2, '1999-01-25 02:56:28.0200000', '1988-06-01 13:13:49.9200000', N'1000 North Highland Hwy, Providence, RI, 00446', 'ZKITG', N'WI-KA', N'Robbie_Abel@nowhere.com', 'CASH', N'(967) 796-7948', N'Jacinto12', N'Jovan494', 'TOSHIP', 'INSTORE', '66085', N'Dick4')
INSERT dbo.cart(id, customer_id, deleted, delivery_fee, discount, district_id, province_id, sub_total, total, voucher_id, created_date, updated_date, address, code, district_name, email, payment, phone, province_name, recipient_name, status, type, ward_id, ward_name) VALUES (21, 9, 0, 200000, 2000, 21, 21, 200000, 2000000, 3, '2017-05-21 13:14:53.3760000', '2013-08-03 00:49:55.7080000', N'2917 Fox Hill Ave, 3rd FL, Raleigh, North Carolina, 64032', 'PWFKF', N'AL-RL', N'Rutherford@nowhere.com', 'CASH', N'(512) 694-4742', N'Adan746', N'Jerry175', 'SUCCESS', 'INSTORE', '07653', N'Fumiko89')
INSERT dbo.cart(id, customer_id, deleted, delivery_fee, discount, district_id, province_id, sub_total, total, voucher_id, created_date, updated_date, address, code, district_name, email, payment, phone, province_name, recipient_name, status, type, ward_id, ward_name) VALUES (22, 18, 0, 210000, 2100, 22, 22, 210000, 2100000, 3, '1999-11-20 00:06:39.6040000', '2023-04-01 00:46:08.5050000', N'449 Pine Tree Court, Penobscot Building, Concord, NH, 01751', 'RBRIL', N'SD-CN', N'Valentine.Q.Meeks@example.com', 'TRANSFER', N'(666) 819-0279', N'Adriene156', N'Abrams4', 'PENDING', 'ONLINE', '46213', N'Buckner3')
INSERT dbo.cart(id, customer_id, deleted, delivery_fee, discount, district_id, province_id, sub_total, total, voucher_id, created_date, updated_date, address, code, district_name, email, payment, phone, province_name, recipient_name, status, type, ward_id, ward_name) VALUES (23, 7, 1, 220000, 2200, 23, 23, 220000, 2200000, 1, '1973-04-21 08:02:12.0000000', '1982-02-11 03:47:03.1270000', N'3672 SE Highland Lane, Nipper Bldg, Oklahoma City, Oklahoma, 40044', 'NWLAP', N'ND-YY', N'Broadway@example.com', 'TRANSFER', N'(167) 263-4777', N'Buffy2007', N'Abe9', 'TOSHIP', 'ONLINE', '63258', N'Nick485')
INSERT dbo.cart(id, customer_id, deleted, delivery_fee, discount, district_id, province_id, sub_total, total, voucher_id, created_date, updated_date, address, code, district_name, email, payment, phone, province_name, recipient_name, status, type, ward_id, ward_name) VALUES (24, 13, 0, 230000, 2300, 24, 24, 230000, 2300000, 4, '2020-10-02 04:42:42.0470000', '1994-04-24 21:57:13.0030000', N'3351 New Hazelwood Highway, Boise, Idaho, 28325', 'MQOVC', N'MT-WL', N'FelicitasBowden@example.com', 'TRANSFER', N'(723) 049-4490', N'Coughlin1989', N'Scotty85', 'TOSHIP', 'INSTORE', '22148', N'Shaffer2014')
INSERT dbo.cart(id, customer_id, deleted, delivery_fee, discount, district_id, province_id, sub_total, total, voucher_id, created_date, updated_date, address, code, district_name, email, payment, phone, province_name, recipient_name, status, type, ward_id, ward_name) VALUES (25, 2, 0, 240000, 2400, 25, 25, 240000, 2400000, 4, '2024-04-01 22:29:50.0050000', '1986-12-16 18:43:35.5890000', N'2352 Chapel Hill Lane, Columbus, OH, 65979', 'QDRBK', N'GA-JA', N'Denice_Reich@example.com', 'CASH', N'(740) 388-6658', N'Isis1953', N'Wendi434', 'PENDING', 'ONLINE', '95168', N'Adolfo8')
INSERT dbo.cart(id, customer_id, deleted, delivery_fee, discount, district_id, province_id, sub_total, total, voucher_id, created_date, updated_date, address, code, district_name, email, payment, phone, province_name, recipient_name, status, type, ward_id, ward_name) VALUES (26, 15, 0, 250000, 2500, 26, 26, 250000, 2500000, 1, '1985-07-30 22:41:01.0650000', '1987-09-16 04:59:56.1460000', N'881 Old Ironwood Loop, Salt Lake City, UT, 40552', 'ACPLD', N'AK-IW', N'TwannaAndrus@example.com', 'CASH', N'(665) 500-3803', N'Monet1956', N'Branham885', 'PENDING', 'INSTORE', '69570', N'Kelley1958')
INSERT dbo.cart(id, customer_id, deleted, delivery_fee, discount, district_id, province_id, sub_total, total, voucher_id, created_date, updated_date, address, code, district_name, email, payment, phone, province_name, recipient_name, status, type, ward_id, ward_name) VALUES (27, 19, 0, 260000, 2600, 27, 27, 260000, 2600000, 4, '2001-05-07 12:12:32.5980000', '1999-11-08 08:33:40.0590000', N'2943 Flintwood Cir, Honolulu, HI, 51721', 'AAEZC', N'TX-RT', N'Violeta_Abel@example.com', 'CASH', N'(226) 017-3541', N'Tenesha2029', N'Domingo2029', 'TOSHIP', 'INSTORE', '40587', N'Alexandria497')
INSERT dbo.cart(id, customer_id, deleted, delivery_fee, discount, district_id, province_id, sub_total, total, voucher_id, created_date, updated_date, address, code, district_name, email, payment, phone, province_name, recipient_name, status, type, ward_id, ward_name) VALUES (28, 6, 0, 270000, 2700, 28, 28, 270000, 2700000, 2, '2021-03-15 15:59:23.3010000', '1981-06-10 20:52:41.9520000', N'447 Ski Hill Lane, Penobscot Bldg, Annapolis, Maryland, 28147', 'NTSRE', N'MD-ZQ', N'HubertThomason@example.com', 'TRANSFER', N'(499) 711-7659', N'Abernathy252', N'Acevedo679', 'PENDING', 'INSTORE', '50103', N'Jayna2026')
INSERT dbo.cart(id, customer_id, deleted, delivery_fee, discount, district_id, province_id, sub_total, total, voucher_id, created_date, updated_date, address, code, district_name, email, payment, phone, province_name, recipient_name, status, type, ward_id, ward_name) VALUES (29, 14, 0, 280000, 2800, 29, 29, 280000, 2800000, 1, '1976-01-04 23:50:03.0930000', '1995-10-06 18:04:39.0140000', N'300 New Highland Pkwy, Calyon Building, Salem, Oregon, 03770', 'TCUDK', N'SD-TQ', N'Frame75@nowhere.com', 'CASH', N'(798) 976-9107', N'Shirley671', N'Malinda2004', 'SUCCESS', 'INSTORE', '58769', N'Charlette17')
INSERT dbo.cart(id, customer_id, deleted, delivery_fee, discount, district_id, province_id, sub_total, total, voucher_id, created_date, updated_date, address, code, district_name, email, payment, phone, province_name, recipient_name, status, type, ward_id, ward_name) VALUES (30, 16, 0, 290000, 2900, 30, 30, 290000, 2900000, 4, '1985-10-27 20:11:15.0170000', '2020-10-25 00:44:54.0050000', N'3729 Parkwood Ln, 3rd Floor, Richmond, Virginia, 01255', 'OAWUO', N'CA-FN', N'Pritchett172@example.com', 'CASH', N'(437) 876-0237', N'Abbott557', N'Felix1961', 'SUCCESS', 'INSTORE', '63492', N'Ramon2015')
INSERT dbo.cart(id, customer_id, deleted, delivery_fee, discount, district_id, province_id, sub_total, total, voucher_id, created_date, updated_date, address, code, district_name, email, payment, phone, province_name, recipient_name, status, type, ward_id, ward_name) VALUES (31, 20, 0, 300000, 3000, 31, 31, 300000, 3000000, 2, '1994-12-23 04:50:50.2850000', '1977-08-07 23:40:38.6560000', N'1805 Rose Hill Blvd, Carson City, NV, 67535', 'PCOHL', N'DE-GL', N'LynneMackay629@nowhere.com', 'CASH', N'(205) 472-4178', N'Gavin1964', N'Aldridge2029', 'PENDING', 'INSTORE', '04010', N'Albina1960')
INSERT dbo.cart(id, customer_id, deleted, delivery_fee, discount, district_id, province_id, sub_total, total, voucher_id, created_date, updated_date, address, code, district_name, email, payment, phone, province_name, recipient_name, status, type, ward_id, ward_name) VALUES (32, 11, 1, 310000, 3100, 32, 32, 310000, 3100000, 3, '2014-04-28 15:43:13.8230000', '2008-03-07 09:05:28.0790000', N'3625 SW Hunting Hill Dr, 257 Towers Bldg, Sacramento, California, 38468', 'HYVKR', N'NV-CA', N'RollerO1@example.com', 'TRANSFER', N'(847) 276-0607', N'Vivan5', N'Hatley1953', 'PENDING', 'INSTORE', '72355', N'Montes36')
INSERT dbo.cart(id, customer_id, deleted, delivery_fee, discount, district_id, province_id, sub_total, total, voucher_id, created_date, updated_date, address, code, district_name, email, payment, phone, province_name, recipient_name, status, type, ward_id, ward_name) VALUES (33, 4, 0, 320000, 3200, 33, 33, 320000, 3200000, 1, '1990-12-24 16:08:32.2950000', '2022-12-11 17:37:30.1870000', N'1493 Old Ashwood Rd, Dover, DE, 31408', 'SDVHO', N'DE-YI', N'Alba@example.com', 'CASH', N'(989) 592-8077', N'Tony1996', N'Arndt91', 'PENDING', 'INSTORE', '76640', N'Pinckney2010')
INSERT dbo.cart(id, customer_id, deleted, delivery_fee, discount, district_id, province_id, sub_total, total, voucher_id, created_date, updated_date, address, code, district_name, email, payment, phone, province_name, recipient_name, status, type, ward_id, ward_name) VALUES (34, 12, 0, 330000, 3300, 34, 34, 330000, 3300000, 4, '1981-08-23 13:46:02.7120000', '2000-05-18 04:33:08.6740000', N'375 NW Ski Hill Circle, STE 69, Sacramento, CA, 84314', 'BUNWJ', N'NH-VR', N'CaroleAcker@example.com', 'TRANSFER', N'(935) 374-6254', N'Buster2017', N'Chery1961', 'SUCCESS', 'ONLINE', '81506', N'Claudio1961')
INSERT dbo.cart(id, customer_id, deleted, delivery_fee, discount, district_id, province_id, sub_total, total, voucher_id, created_date, updated_date, address, code, district_name, email, payment, phone, province_name, recipient_name, status, type, ward_id, ward_name) VALUES (35, 4, 0, 340000, 3400, 35, 35, 340000, 3400000, 2, '1981-06-28 14:45:51.7830000', '1974-06-27 19:49:22.5320000', N'2786 Burwood Circle, 1st Floor, Carson City, Nevada, 99763', 'QYIUC', N'IA-GD', N'Kelly.Pinckney@example.com', 'TRANSFER', N'(768) 489-4898', N'Sprague1995', N'Meaghan12', 'SUCCESS', 'INSTORE', '68634', N'Cinthia9')
INSERT dbo.cart(id, customer_id, deleted, delivery_fee, discount, district_id, province_id, sub_total, total, voucher_id, created_date, updated_date, address, code, district_name, email, payment, phone, province_name, recipient_name, status, type, ward_id, ward_name) VALUES (36, 7, 1, 350000, 3500, 36, 36, 350000, 3500000, 4, '2010-06-08 17:47:51.8400000', '2004-07-16 04:16:04.1070000', N'1031 Ski Hill Pkwy, Lansing, Michigan, 08370', 'CEGOC', N'ID-OC', N'Clanton@example.com', 'CASH', N'(904) 924-2699', N'Rosser1991', N'Bottoms5', 'TOSHIP', 'INSTORE', '50419', N'Bella766')
INSERT dbo.cart(id, customer_id, deleted, delivery_fee, discount, district_id, province_id, sub_total, total, voucher_id, created_date, updated_date, address, code, district_name, email, payment, phone, province_name, recipient_name, status, type, ward_id, ward_name) VALUES (37, 15, 1, 360000, 3600, 37, 37, 360000, 3600000, 3, '2014-12-11 10:39:16.6820000', '1974-08-01 14:32:41.8810000', N'1588 Red Meadowview Ln, Harrisburg, Pennsylvania, 79228', 'KKGSF', N'VA-BB', N'Elliot.Cannon@example.com', 'CASH', N'(351) 548-4214', N'Ernesto64', N'Acevedo1950', 'TOSHIP', 'ONLINE', '95658', N'Pedro874')
INSERT dbo.cart(id, customer_id, deleted, delivery_fee, discount, district_id, province_id, sub_total, total, voucher_id, created_date, updated_date, address, code, district_name, email, payment, phone, province_name, recipient_name, status, type, ward_id, ward_name) VALUES (38, 4, 0, 370000, 3700, 38, 38, 370000, 3700000, 1, '2020-04-24 11:28:41.0590000', '1991-04-02 01:39:41.0420000', N'620 NW Ski Hill Ct, Nipper Bldg, Madison, Wisconsin, 43226', 'HJDIF', N'WA-BG', N'Ewing@example.com', 'TRANSFER', N'(953) 549-7805', N'Dominic2010', N'Agatha2000', 'TOSHIP', 'INSTORE', '30750', N'Carvalho1988')
INSERT dbo.cart(id, customer_id, deleted, delivery_fee, discount, district_id, province_id, sub_total, total, voucher_id, created_date, updated_date, address, code, district_name, email, payment, phone, province_name, recipient_name, status, type, ward_id, ward_name) VALUES (39, 11, 0, 380000, 3800, 39, 39, 380000, 3800000, 1, '2018-04-18 02:48:52.0040000', '2020-04-18 17:26:54.4620000', N'1056 Rushwood Road, Tallahassee, FL, 53859', 'LWREX', N'CT-FY', N'Michael96@example.com', 'TRANSFER', N'(284) 833-7235', N'Julee61', N'Labbe2006', 'TOSHIP', 'INSTORE', '92549', N'Angel91')
INSERT dbo.cart(id, customer_id, deleted, delivery_fee, discount, district_id, province_id, sub_total, total, voucher_id, created_date, updated_date, address, code, district_name, email, payment, phone, province_name, recipient_name, status, type, ward_id, ward_name) VALUES (40, 20, 0, 390000, 3900, 40, 40, 390000, 3900000, 3, '1996-01-30 01:31:56.5090000', '1973-07-16 19:19:53.7330000', N'2972 White Pine Tree Ln, Buhl Building, Honolulu, HI, 51897', 'ULGWT', N'SC-SV', N'Allen_Abel42@example.com', 'CASH', N'(573) 084-6795', N'Cutler2023', N'Alfaro463', 'SUCCESS', 'INSTORE', '84373', N'Courtney595')
INSERT dbo.cart(id, customer_id, deleted, delivery_fee, discount, district_id, province_id, sub_total, total, voucher_id, created_date, updated_date, address, code, district_name, email, payment, phone, province_name, recipient_name, status, type, ward_id, ward_name) VALUES (41, 14, 0, 400000, 4000, 41, 41, 400000, 4000000, 3, '2012-02-06 04:01:35.2690000', '2000-05-04 20:42:43.6970000', N'1636 South Quailwood Ct, Equitable Building, Cheyenne, WY, 36029', 'LTPXD', N'AR-XZ', N'MargeretAlonzo295@example.com', 'CASH', N'(801) 814-8795', N'Mitchell1967', N'Sylvester833', 'TOSHIP', 'INSTORE', '91783', N'Correia2001')
INSERT dbo.cart(id, customer_id, deleted, delivery_fee, discount, district_id, province_id, sub_total, total, voucher_id, created_date, updated_date, address, code, district_name, email, payment, phone, province_name, recipient_name, status, type, ward_id, ward_name) VALUES (42, 1, 0, 410000, 4100, 42, 42, 410000, 4100000, 1, '2010-06-06 15:26:09.1520000', '2020-12-10 17:44:13.3380000', N'10 N Church Ct, 257 Towers Bldg, Annapolis, MD, 10484', 'EFPSM', N'NC-YW', N'Leak@nowhere.com', 'TRANSFER', N'(271) 758-7302', N'Andrew1972', N'Abernathy2006', 'SUCCESS', 'INSTORE', '50025', N'Ernestine93')
INSERT dbo.cart(id, customer_id, deleted, delivery_fee, discount, district_id, province_id, sub_total, total, voucher_id, created_date, updated_date, address, code, district_name, email, payment, phone, province_name, recipient_name, status, type, ward_id, ward_name) VALUES (43, 7, 0, 420000, 4200, 43, 43, 420000, 4200000, 4, '1972-03-15 09:15:05.3180000', '1993-12-16 15:55:07.6290000', N'3903 SW Oak Blvd, 2nd FL, Oklahoma City, Oklahoma, 52928', 'IHXHU', N'KY-HB', N'Ahern16@example.com', 'TRANSFER', N'(392) 456-5136', N'Gunderson597', N'Angulo2000', 'SUCCESS', 'ONLINE', '62140', N'Acker9')
INSERT dbo.cart(id, customer_id, deleted, delivery_fee, discount, district_id, province_id, sub_total, total, voucher_id, created_date, updated_date, address, code, district_name, email, payment, phone, province_name, recipient_name, status, type, ward_id, ward_name) VALUES (44, 20, 0, 430000, 4300, 44, 44, 430000, 4300000, 3, '1993-09-23 01:03:53.9360000', '2017-09-02 06:31:52.5330000', N'691 E Ironwood Ln, Helena, Montana, 04156', 'DQTLL', N'CA-MS', N'Davis372@example.com', 'TRANSFER', N'(408) 687-1262', N'Kennith1979', N'Taisha1983', 'SUCCESS', 'INSTORE', '51870', N'Reilly187')
INSERT dbo.cart(id, customer_id, deleted, delivery_fee, discount, district_id, province_id, sub_total, total, voucher_id, created_date, updated_date, address, code, district_name, email, payment, phone, province_name, recipient_name, status, type, ward_id, ward_name) VALUES (45, 7, 1, 440000, 4400, 45, 45, 440000, 4400000, 4, '2015-07-05 23:36:02.0890000', '2021-06-18 16:25:30.6770000', N'711 NE Deepwood Blvd, Victor Executive Bldg, Topeka, Kansas, 67534', 'HNMMY', N'MD-MV', N'Fuchs@example.com', 'TRANSFER', N'(735) 455-7285', N'Abraham1972', N'Lemay2002', 'TOSHIP', 'ONLINE', '99710', N'Solange2021')
INSERT dbo.cart(id, customer_id, deleted, delivery_fee, discount, district_id, province_id, sub_total, total, voucher_id, created_date, updated_date, address, code, district_name, email, payment, phone, province_name, recipient_name, status, type, ward_id, ward_name) VALUES (46, 1, 1, 450000, 4500, 46, 46, 450000, 4500000, 1, '1987-12-08 12:01:32.0050000', '2000-12-30 15:22:32.0200000', N'2665 Red Riddle Hill Highway, Duke Energy Building, Indianapolis, IN, 14643', 'ROJAJ', N'ME-LR', N'Chang.Ferrell5@nowhere.com', 'CASH', N'(520) 060-3411', N'Monroe19', N'Minerva855', 'PENDING', 'ONLINE', '04117', N'Benson995')
INSERT dbo.cart(id, customer_id, deleted, delivery_fee, discount, district_id, province_id, sub_total, total, voucher_id, created_date, updated_date, address, code, district_name, email, payment, phone, province_name, recipient_name, status, type, ward_id, ward_name) VALUES (47, 15, 0, 460000, 4600, 47, 47, 460000, 4600000, 2, '2010-02-24 17:55:22.8940000', '1970-06-22 16:03:50.0540000', N'243 Social Parkway, Keith Building, Hartford, Connecticut, 39318', 'HXHIO', N'MA-CQ', N'AlessandraPruett@example.com', 'CASH', N'(822) 480-9179', N'Giovanni65', N'Stubblefield4', 'SUCCESS', 'INSTORE', '21454', N'Hand4')
INSERT dbo.cart(id, customer_id, deleted, delivery_fee, discount, district_id, province_id, sub_total, total, voucher_id, created_date, updated_date, address, code, district_name, email, payment, phone, province_name, recipient_name, status, type, ward_id, ward_name) VALUES (48, 4, 0, 470000, 4700, 48, 48, 470000, 4700000, 4, '1994-04-15 05:57:33.9800000', '1974-10-19 13:45:25.6810000', N'92 Parkwood Loop, Judge Bldg, Phoenix, AZ, 30883', 'MCKIO', N'AR-XP', N'LuttrellZ@example.com', 'CASH', N'(847) 481-1951', N'Gagnon1987', N'Jesse1965', 'TOSHIP', 'INSTORE', '49011', N'Dixie968')
INSERT dbo.cart(id, customer_id, deleted, delivery_fee, discount, district_id, province_id, sub_total, total, voucher_id, created_date, updated_date, address, code, district_name, email, payment, phone, province_name, recipient_name, status, type, ward_id, ward_name) VALUES (49, 16, 0, 480000, 4800, 49, 49, 480000, 4800000, 1, '1976-12-11 01:58:14.5320000', '1995-08-23 01:56:39.2270000', N'450 85th Pkwy, Boston, Massachusetts, 27723', 'MDXNH', N'UT-PY', N'ArdenAlcorn@example.com', 'TRANSFER', N'(639) 965-3140', N'Burley3', N'Mcgrath2019', 'PENDING', 'INSTORE', '15156', N'Austin912')
INSERT dbo.cart(id, customer_id, deleted, delivery_fee, discount, district_id, province_id, sub_total, total, voucher_id, created_date, updated_date, address, code, district_name, email, payment, phone, province_name, recipient_name, status, type, ward_id, ward_name) VALUES (50, 2, 1, 490000, 4900, 50, 50, 490000, 4900000, 2, '1998-12-03 23:31:01.1270000', '1974-10-29 04:19:18.9080000', N'1372 Old Sharp Hill Lane, Saint Paul, Minnesota, 03485', 'JMJFL', N'TN-KK', N'mdcxmjf2@example.com', 'TRANSFER', N'(467) 151-7240', N'Dani2023', N'Purdy1990', 'SUCCESS', 'ONLINE', '70974', N'Ian2027')
GO
SET IDENTITY_INSERT dbo.cart OFF
GO

--
-- Inserting data into table dbo.orders
--
SET IDENTITY_INSERT dbo.orders ON
GO
INSERT dbo.orders(id, customer_id, deleted, delivery_fee, discount, discount_voucher_percent, district_id, in_store, is_payment, province_id, staff_id, sub_total, total, total_paid, voucher_id, voucher_minimum_subtotal_required, created_date, updated_date, address, code, district_name, email, payment, phone, province_name, recipient_name, status, type, ward_id, ward_name) VALUES (1, 6, 0, 58493.1, 90, 0, 2046, 1, 1, N'78062', 18, 699830.26, 225562.16, 460426.13, 1, 0, '2024-11-06 13:18:38.0760000', '2002-02-08 03:35:53.9320000', N'Thôn 5', 'SVHVE', N'DE-DR', 'haanhhy01f@gmail.com', 'TRANSFER', '(263) 224-0877', N'Hưng Yên', N'Aretha165', 'TORECEIVE', 'ONLINE', '220909', N'Xã Tân Quang')
INSERT dbo.orders(id, customer_id, deleted, delivery_fee, discount, discount_voucher_percent, district_id, in_store, is_payment, province_id, staff_id, sub_total, total, total_paid, voucher_id, voucher_minimum_subtotal_required, created_date, updated_date, address, code, district_name, email, payment, phone, province_name, recipient_name, status, type, ward_id, ward_name) VALUES (2, 19, 0, 88.47, 72.46, 0, 2046, 0, 0, N'83637', 18, 976393.53, 691386.2, 159653.8, 1, 0, '2024-10-31 23:45:16.1220000', '2023-12-02 10:43:53.0900000', N'Thôn 5', 'ZNROW', N'CT-GD', 'haanhhy01f@gmail.com', 'CASH', '(333) 827-8984', N'Hưng Yên', N'Aretha165', 'TOSHIP', 'ONLINE', '220909', N'Xã Tân Quang')
INSERT dbo.orders(id, customer_id, deleted, delivery_fee, discount, discount_voucher_percent, district_id, in_store, is_payment, province_id, staff_id, sub_total, total, total_paid, voucher_id, voucher_minimum_subtotal_required, created_date, updated_date, address, code, district_name, email, payment, phone, province_name, recipient_name, status, type, ward_id, ward_name) VALUES (3, 15, 0, 8718.86, 31.45, 0, 2046, 0, 0, N'34703', 5, 173773.8, 76.7, 804017.13, 2, 0, '2024-10-27 18:03:59.6120000', '1989-02-11 23:10:07.0780000', N'Thôn 5', 'HNOKG', N'ND-KQ', 'haanhhy01f@gmail.com', 'CASH', '(389) 267-5897', N'Hưng Yên', N'Aretha165', 'DELIVERED', 'INSTORE', '220909', N'Xã Tân Quang')
INSERT dbo.orders(id, customer_id, deleted, delivery_fee, discount, discount_voucher_percent, district_id, in_store, is_payment, province_id, staff_id, sub_total, total, total_paid, voucher_id, voucher_minimum_subtotal_required, created_date, updated_date, address, code, district_name, email, payment, phone, province_name, recipient_name, status, type, ward_id, ward_name) VALUES (4, 9, 0, 53.59, 1.85, 0, 2046, 1, 1, N'48189', 20, 850289.57, 964480.53, 1843, 3, 0, '2024-11-22 19:53:38.9250000', '1971-11-16 00:46:23.0710000', N'Thôn 5', 'BMSSH', N'CO-VD', 'haanhhy01f@gmail.com', 'CASH', '(670) 967-6885', N'Hưng Yên', N'Aretha165', 'PENDING', 'INSTORE', '220909', N'Xã Tân Quang')
INSERT dbo.orders(id, customer_id, deleted, delivery_fee, discount, discount_voucher_percent, district_id, in_store, is_payment, province_id, staff_id, sub_total, total, total_paid, voucher_id, voucher_minimum_subtotal_required, created_date, updated_date, address, code, district_name, email, payment, phone, province_name, recipient_name, status, type, ward_id, ward_name) VALUES (5, 9, 0, 50385.37, 29.71, 0, 2046, 0, 0, N'47518', 4, 189800.49, 440469.21, 908515.55, 2, 0, '2024-11-08 07:12:32.0000000', '1985-08-10 19:31:20.0070000', N'Thôn 5', 'KPCOH', N'TX-TT', 'haanhhy01f@gmail.com', 'CASH', '(755) 786-2167', N'Hưng Yên', N'Aretha165', 'DELIVERED', 'INSTORE', '220909', N'Xã Tân Quang')
INSERT dbo.orders(id, customer_id, deleted, delivery_fee, discount, discount_voucher_percent, district_id, in_store, is_payment, province_id, staff_id, sub_total, total, total_paid, voucher_id, voucher_minimum_subtotal_required, created_date, updated_date, address, code, district_name, email, payment, phone, province_name, recipient_name, status, type, ward_id, ward_name) VALUES (6, 17, 0, 65675.33, 2.38, 0, 2046, 0, 0, N'26016', 10, 465.22, 2881.38, 449765.13, 4, 0, '2024-10-12 22:25:30.0230000', '1995-01-14 08:56:22.7090000', N'Thôn 5', 'AORKW', N'NH-ET', 'haanhhy01f@gmail.com', 'TRANSFER', '(248) 949-6164', N'Hưng Yên', N'Aretha165', 'TORECEIVE', 'ONLINE', '220909', N'Xã Tân Quang')
INSERT dbo.orders(id, customer_id, deleted, delivery_fee, discount, discount_voucher_percent, district_id, in_store, is_payment, province_id, staff_id, sub_total, total, total_paid, voucher_id, voucher_minimum_subtotal_required, created_date, updated_date, address, code, district_name, email, payment, phone, province_name, recipient_name, status, type, ward_id, ward_name) VALUES (7, 13, 0, 60589.07, 71.69, 0, 2046, 1, 1, N'55572', 4, 270039.9, 646077.8, 836046.43, 3, 0, '2024-11-11 02:34:33.3670000', '2017-10-22 14:23:23.1950000', N'Thôn 5', 'WREMT', N'CA-MB', 'haanhhy01f@gmail.com', 'TRANSFER', '(900) 909-1447', N'Hưng Yên', N'Aretha165', 'TORECEIVE', 'INSTORE', '220909', N'Xã Tân Quang')
INSERT dbo.orders(id, customer_id, deleted, delivery_fee, discount, discount_voucher_percent, district_id, in_store, is_payment, province_id, staff_id, sub_total, total, total_paid, voucher_id, voucher_minimum_subtotal_required, created_date, updated_date, address, code, district_name, email, payment, phone, province_name, recipient_name, status, type, ward_id, ward_name) VALUES (8, 8, 0, 54393.95, 86.52, 0, 2046, 1, 1, N'63634', 7, 856513.94, 238377.07, 920584.29, 2, 0, '2024-10-03 12:25:38.3150000', '1980-02-18 14:56:24.1700000', N'Thôn 5', 'AYRQZ', N'MA-DX', 'haanhhy01f@gmail.com', 'CASH', '(373) 595-3466', N'Hưng Yên', N'Aretha165', 'TORECEIVE', 'ONLINE', '220909', N'Xã Tân Quang')
INSERT dbo.orders(id, customer_id, deleted, delivery_fee, discount, discount_voucher_percent, district_id, in_store, is_payment, province_id, staff_id, sub_total, total, total_paid, voucher_id, voucher_minimum_subtotal_required, created_date, updated_date, address, code, district_name, email, payment, phone, province_name, recipient_name, status, type, ward_id, ward_name) VALUES (9, 5, 0, 97126.74, 20.38, 0, 2046, 0, 0, N'37995', 6, 992.78, 629237.02, 465188.09, 3, 0, '2024-10-16 01:52:45.4930000', '1979-04-23 10:50:35.6970000', N'Thôn 5', 'UOPRM', N'VT-AT', 'haanhhy01f@gmail.com', 'CASH', '(116) 741-2395', N'Hưng Yên', N'Aretha165', 'PENDING', 'INSTORE', '220909', N'Xã Tân Quang')
INSERT dbo.orders(id, customer_id, deleted, delivery_fee, discount, discount_voucher_percent, district_id, in_store, is_payment, province_id, staff_id, sub_total, total, total_paid, voucher_id, voucher_minimum_subtotal_required, created_date, updated_date, address, code, district_name, email, payment, phone, province_name, recipient_name, status, type, ward_id, ward_name) VALUES (10, 1, 0, 88781.11, 59.49, 0, 2046, 0, 0, N'04581', 16, 392896.17, 182662.79, 39656.77, 2, 0, '2024-11-12 16:53:14.7460000', '2005-02-22 16:40:52.4110000', N'Thôn 5', 'JPNVR', N'TN-YA', 'haanhhy01f@gmail.com', 'TRANSFER', '(831) 166-6250', N'Hưng Yên', N'Aretha165', 'TORECEIVE', 'ONLINE', '220909', N'Xã Tân Quang')
INSERT dbo.orders(id, customer_id, deleted, delivery_fee, discount, discount_voucher_percent, district_id, in_store, is_payment, province_id, staff_id, sub_total, total, total_paid, voucher_id, voucher_minimum_subtotal_required, created_date, updated_date, address, code, district_name, email, payment, phone, province_name, recipient_name, status, type, ward_id, ward_name) VALUES (11, 3, 0, 24229.61, 8.94, 0, 2046, 0, 0, N'24455', 8, 293320.81, 996342.37, 81288.41, 1, 0, '2024-09-30 14:49:02.3610000', '2017-07-25 12:56:01.5610000', N'Thôn 5', 'MAWFW', N'TN-MO', 'haanhhy01f@gmail.com', 'CASH', '(896) 600-3485', N'Hưng Yên', N'Aretha165', 'DELIVERED', 'ONLINE', '220909', N'Xã Tân Quang')
INSERT dbo.orders(id, customer_id, deleted, delivery_fee, discount, discount_voucher_percent, district_id, in_store, is_payment, province_id, staff_id, sub_total, total, total_paid, voucher_id, voucher_minimum_subtotal_required, created_date, updated_date, address, code, district_name, email, payment, phone, province_name, recipient_name, status, type, ward_id, ward_name) VALUES (12, 9, 0, 85757.18, 48.61, 0, 2046, 1, 1, N'74390', 8, 642213.52, 263985.9, 84.42, 3, 0, '2024-10-28 17:38:26.6530000', '1999-03-10 21:09:09.0220000', N'Thôn 5', 'XGKAL', N'MT-LL', 'haanhhy01f@gmail.com', 'CASH', '(811) 629-0071', N'Hưng Yên', N'Aretha165', 'PENDING', 'ONLINE', '220909', N'Xã Tân Quang')
INSERT dbo.orders(id, customer_id, deleted, delivery_fee, discount, discount_voucher_percent, district_id, in_store, is_payment, province_id, staff_id, sub_total, total, total_paid, voucher_id, voucher_minimum_subtotal_required, created_date, updated_date, address, code, district_name, email, payment, phone, province_name, recipient_name, status, type, ward_id, ward_name) VALUES (13, 4, 0, 82269.22, 14.64, 0, 2046, 1, 1, N'69502', 9, 908288.56, 537423.19, 703642.26, 2, 0, '2024-10-08 20:56:53.0420000', '2006-03-31 04:38:57.8760000', N'Thôn 5', 'AYSJS', N'ID-SC', 'haanhhy01f@gmail.com', 'CASH', '(922) 576-8928', N'Hưng Yên', N'Aretha165', 'TOSHIP', 'INSTORE', '220909', N'Xã Tân Quang')
INSERT dbo.orders(id, customer_id, deleted, delivery_fee, discount, discount_voucher_percent, district_id, in_store, is_payment, province_id, staff_id, sub_total, total, total_paid, voucher_id, voucher_minimum_subtotal_required, created_date, updated_date, address, code, district_name, email, payment, phone, province_name, recipient_name, status, type, ward_id, ward_name) VALUES (14, 20, 0, 74567.31, 6.98, 0, 2046, 0, 0, N'87621', 4, 635935.76, 28.41, 33.35, 4, 0, '2024-10-12 04:18:42.5430000', '2003-04-13 09:21:10.0400000', N'Thôn 5', 'EGCHX', N'NM-XV', 'haanhhy01f@gmail.com', 'TRANSFER', '(417) 712-5234', N'Hưng Yên', N'Aretha165', 'CANCELED', 'INSTORE', '220909', N'Xã Tân Quang')
INSERT dbo.orders(id, customer_id, deleted, delivery_fee, discount, discount_voucher_percent, district_id, in_store, is_payment, province_id, staff_id, sub_total, total, total_paid, voucher_id, voucher_minimum_subtotal_required, created_date, updated_date, address, code, district_name, email, payment, phone, province_name, recipient_name, status, type, ward_id, ward_name) VALUES (15, 13, 0, 78247.51, 61.17, 0, 2046, 0, 0, N'78448', 3, 483446.12, 370614.07, 20.39, 4, 0, '2024-11-10 02:56:37.8960000', '2007-06-18 06:56:11.3140000', N'Thôn 5', 'ILPVH', N'VA-VE', 'haanhhy01f@gmail.com', 'TRANSFER', '(762) 631-0634', N'Hưng Yên', N'Aretha165', 'CANCELED', 'INSTORE', '220909', N'Xã Tân Quang')
INSERT dbo.orders(id, customer_id, deleted, delivery_fee, discount, discount_voucher_percent, district_id, in_store, is_payment, province_id, staff_id, sub_total, total, total_paid, voucher_id, voucher_minimum_subtotal_required, created_date, updated_date, address, code, district_name, email, payment, phone, province_name, recipient_name, status, type, ward_id, ward_name) VALUES (16, 3, 0, 74013.7, 20.33, 0, 2046, 1, 1, N'17837', 15, 793574.86, 242035.9, 14.86, 3, 0, '2024-10-23 07:17:24.5660000', '1986-04-28 10:53:53.6360000', N'Thôn 5', 'ODLPW', N'MA-VW', 'haanhhy01f@gmail.com', 'CASH', '(242) 469-5743', N'Hưng Yên', N'Aretha165', 'TORECEIVE', 'ONLINE', '220909', N'Xã Tân Quang')
INSERT dbo.orders(id, customer_id, deleted, delivery_fee, discount, discount_voucher_percent, district_id, in_store, is_payment, province_id, staff_id, sub_total, total, total_paid, voucher_id, voucher_minimum_subtotal_required, created_date, updated_date, address, code, district_name, email, payment, phone, province_name, recipient_name, status, type, ward_id, ward_name) VALUES (17, 2, 0, 50681, 82.63, 0, 2046, 1, 1, N'48630', 10, 830808.62, 1.57, 2386.34, 2, 0, '2024-10-04 19:57:38.7870000', '2016-08-14 10:51:13.7010000', N'Thôn 5', 'PQDHD', N'TX-GZ', 'haanhhy01f@gmail.com', 'CASH', '(737) 088-9604', N'Hưng Yên', N'Aretha165', 'TORECEIVE', 'INSTORE', '220909', N'Xã Tân Quang')
INSERT dbo.orders(id, customer_id, deleted, delivery_fee, discount, discount_voucher_percent, district_id, in_store, is_payment, province_id, staff_id, sub_total, total, total_paid, voucher_id, voucher_minimum_subtotal_required, created_date, updated_date, address, code, district_name, email, payment, phone, province_name, recipient_name, status, type, ward_id, ward_name) VALUES (18, 2, 0, 28219.51, 40.33, 0, 2046, 0, 0, N'67311', 20, 747771.95, 163622.62, 494650.22, 2, 0, '2024-11-23 00:40:28.1670000', '1993-10-12 07:20:46.0320000', N'Thôn 5', 'SAEJS', N'OK-FT', 'haanhhy01f@gmail.com', 'CASH', '(462) 357-9916', N'Hưng Yên', N'Aretha165', 'TOSHIP', 'INSTORE', '220909', N'Xã Tân Quang')
INSERT dbo.orders(id, customer_id, deleted, delivery_fee, discount, discount_voucher_percent, district_id, in_store, is_payment, province_id, staff_id, sub_total, total, total_paid, voucher_id, voucher_minimum_subtotal_required, created_date, updated_date, address, code, district_name, email, payment, phone, province_name, recipient_name, status, type, ward_id, ward_name) VALUES (19, 6, 0, 97858.78, 46.19, 0, 2046, 0, 0, N'58335', 6, 857746.01, 6860.87, 896147.47, 3, 0, '2024-11-23 11:45:56.8970000', '2023-04-25 11:08:35.4170000', N'Thôn 5', 'OJSDR', N'MN-WB', 'haanhhy01f@gmail.com', 'TRANSFER', '(505) 730-9295', N'Hưng Yên', N'Aretha165', 'TOSHIP', 'ONLINE', '220909', N'Xã Tân Quang')
INSERT dbo.orders(id, customer_id, deleted, delivery_fee, discount, discount_voucher_percent, district_id, in_store, is_payment, province_id, staff_id, sub_total, total, total_paid, voucher_id, voucher_minimum_subtotal_required, created_date, updated_date, address, code, district_name, email, payment, phone, province_name, recipient_name, status, type, ward_id, ward_name) VALUES (20, 8, 0, 36629.7, 11.65, 0, 2046, 0, 0, N'97688', 3, 833.83, 5940.79, 451666.25, 1, 0, '2024-11-16 17:38:13.3360000', '2024-05-31 03:53:08.0090000', N'Thôn 5', 'LXKIA', N'MA-FM', 'haanhhy01f@gmail.com', 'TRANSFER', '(185) 723-7159', N'Hưng Yên', N'Aretha165', 'TORECEIVE', 'ONLINE', '220909', N'Xã Tân Quang')
INSERT dbo.orders(id, customer_id, deleted, delivery_fee, discount, discount_voucher_percent, district_id, in_store, is_payment, province_id, staff_id, sub_total, total, total_paid, voucher_id, voucher_minimum_subtotal_required, created_date, updated_date, address, code, district_name, email, payment, phone, province_name, recipient_name, status, type, ward_id, ward_name) VALUES (21, 13, 0, 68787.26, 26.93, 0, 2046, 0, 0, N'21308', 19, 598361.8, 1.17, 5.6, 1, 0, '2024-11-18 07:54:38.6690000', '2011-02-19 02:17:31.0000000', N'Thôn 5', 'NWWWA', N'MN-MN', 'haanhhy01f@gmail.com', 'CASH', '(219) 150-6943', N'Hưng Yên', N'Aretha165', 'CANCELED', 'INSTORE', '220909', N'Xã Tân Quang')
INSERT dbo.orders(id, customer_id, deleted, delivery_fee, discount, discount_voucher_percent, district_id, in_store, is_payment, province_id, staff_id, sub_total, total, total_paid, voucher_id, voucher_minimum_subtotal_required, created_date, updated_date, address, code, district_name, email, payment, phone, province_name, recipient_name, status, type, ward_id, ward_name) VALUES (22, 20, 0, 65730.44, 89.86, 0, 2046, 0, 0, N'43103', 12, 15, 469101.71, 315447.58, 4, 0, '2024-10-25 16:13:51.5140000', '1973-01-13 06:16:58.0070000', N'Thôn 5', 'FDWUX', N'IN-EJ', 'haanhhy01f@gmail.com', 'CASH', '(906) 826-8948', N'Hưng Yên', N'Aretha165', 'TOSHIP', 'INSTORE', '220909', N'Xã Tân Quang')
INSERT dbo.orders(id, customer_id, deleted, delivery_fee, discount, discount_voucher_percent, district_id, in_store, is_payment, province_id, staff_id, sub_total, total, total_paid, voucher_id, voucher_minimum_subtotal_required, created_date, updated_date, address, code, district_name, email, payment, phone, province_name, recipient_name, status, type, ward_id, ward_name) VALUES (23, 1, 0, 44724.26, 20.79, 0, 2046, 1, 1, N'59094', 4, 392653.88, 95451.26, 168718.69, 2, 0, '2024-11-10 03:11:36.0020000', '1971-02-10 14:29:35.0770000', N'Thôn 5', 'JPIYD', N'ID-TE', 'haanhhy01f@gmail.com', 'TRANSFER', '(921) 037-4781', N'Hưng Yên', N'Aretha165', 'TOSHIP', 'INSTORE', '220909', N'Xã Tân Quang')
INSERT dbo.orders(id, customer_id, deleted, delivery_fee, discount, discount_voucher_percent, district_id, in_store, is_payment, province_id, staff_id, sub_total, total, total_paid, voucher_id, voucher_minimum_subtotal_required, created_date, updated_date, address, code, district_name, email, payment, phone, province_name, recipient_name, status, type, ward_id, ward_name) VALUES (24, 13, 0, 25201.36, 64.31, 0, 2046, 0, 0, N'61456', 4, 788680.46, 676036.38, 262042.06, 3, 0, '2024-11-21 09:15:08.5620000', '1976-08-26 06:01:53.3950000', N'Thôn 5', 'EALKB', N'SC-JS', 'haanhhy01f@gmail.com', 'CASH', '(288) 481-4908', N'Hưng Yên', N'Aretha165', 'DELIVERED', 'ONLINE', '220909', N'Xã Tân Quang')
INSERT dbo.orders(id, customer_id, deleted, delivery_fee, discount, discount_voucher_percent, district_id, in_store, is_payment, province_id, staff_id, sub_total, total, total_paid, voucher_id, voucher_minimum_subtotal_required, created_date, updated_date, address, code, district_name, email, payment, phone, province_name, recipient_name, status, type, ward_id, ward_name) VALUES (25, 7, 0, 40466.09, 66.04, 0, 2046, 1, 1, N'51717', 5, 200273.36, 355164.74, 678951.21, 4, 0, '2024-10-25 11:34:27.6050000', '2010-07-17 00:38:34.0040000', N'Thôn 5', 'UFYSY', N'AR-DM', 'haanhhy01f@gmail.com', 'CASH', '(244) 801-4910', N'Hưng Yên', N'Aretha165', 'PENDING', 'INSTORE', '220909', N'Xã Tân Quang')
INSERT dbo.orders(id, customer_id, deleted, delivery_fee, discount, discount_voucher_percent, district_id, in_store, is_payment, province_id, staff_id, sub_total, total, total_paid, voucher_id, voucher_minimum_subtotal_required, created_date, updated_date, address, code, district_name, email, payment, phone, province_name, recipient_name, status, type, ward_id, ward_name) VALUES (26, 9, 0, 31254.16, 53.23, 0, 2046, 1, 1, N'92107', 15, 470565.94, 6.58, 913801.86, 4, 0, '2024-10-06 20:44:05.2770000', '2022-12-28 13:20:27.8790000', N'Thôn 5', 'GSPAI', N'RI-HN', 'haanhhy01f@gmail.com', 'CASH', '(125) 331-4435', N'Hưng Yên', N'Aretha165', 'CANCELED', 'INSTORE', '220909', N'Xã Tân Quang')
INSERT dbo.orders(id, customer_id, deleted, delivery_fee, discount, discount_voucher_percent, district_id, in_store, is_payment, province_id, staff_id, sub_total, total, total_paid, voucher_id, voucher_minimum_subtotal_required, created_date, updated_date, address, code, district_name, email, payment, phone, province_name, recipient_name, status, type, ward_id, ward_name) VALUES (27, 16, 0, 3.61, 53.16, 0, 2046, 0, 0, N'68904', 5, 660770.12, 421527.68, 228477.72, 2, 0, '2024-10-09 11:37:44.0080000', '1976-12-12 03:27:07.8930000', N'Thôn 5', 'XVPND', N'AK-DY', 'haanhhy01f@gmail.com', 'CASH', '(727) 367-3201', N'Hưng Yên', N'Aretha165', 'DELIVERED', 'INSTORE', '220909', N'Xã Tân Quang')
INSERT dbo.orders(id, customer_id, deleted, delivery_fee, discount, discount_voucher_percent, district_id, in_store, is_payment, province_id, staff_id, sub_total, total, total_paid, voucher_id, voucher_minimum_subtotal_required, created_date, updated_date, address, code, district_name, email, payment, phone, province_name, recipient_name, status, type, ward_id, ward_name) VALUES (28, 18, 0, 91905.29, 84.87, 0, 2046, 0, 0, N'01465', 10, 0.45, 789524.69, 581642.65, 3, 0, '2024-10-16 10:43:08.4060000', '2015-07-22 16:53:49.6600000', N'Thôn 5', 'WKKRA', N'MO-GA', 'haanhhy01f@gmail.com', 'CASH', '(548) 750-9546', N'Hưng Yên', N'Aretha165', 'TORECEIVE', 'ONLINE', '220909', N'Xã Tân Quang')
INSERT dbo.orders(id, customer_id, deleted, delivery_fee, discount, discount_voucher_percent, district_id, in_store, is_payment, province_id, staff_id, sub_total, total, total_paid, voucher_id, voucher_minimum_subtotal_required, created_date, updated_date, address, code, district_name, email, payment, phone, province_name, recipient_name, status, type, ward_id, ward_name) VALUES (29, 11, 0, 1267.36, 66.27, 0, 2046, 0, 0, N'35659', 10, 48261.69, 765513.64, 485530.47, 1, 0, '2024-10-01 14:25:19.4250000', '2013-01-20 19:25:14.0020000', N'Thôn 5', 'OQHPK', N'IL-PS', 'haanhhy01f@gmail.com', 'CASH', '(721) 328-6114', N'Hưng Yên', N'Aretha165', 'PENDING', 'INSTORE', '220909', N'Xã Tân Quang')
INSERT dbo.orders(id, customer_id, deleted, delivery_fee, discount, discount_voucher_percent, district_id, in_store, is_payment, province_id, staff_id, sub_total, total, total_paid, voucher_id, voucher_minimum_subtotal_required, created_date, updated_date, address, code, district_name, email, payment, phone, province_name, recipient_name, status, type, ward_id, ward_name) VALUES (30, 20, 1, 18346.8, 44.65, 0, 2046, 0, 0, N'43609', 16, 128468.8, 21136.71, 674312.27, 1, 0, '2024-10-21 16:06:42.5800000', '2021-12-06 01:32:47.0000000', N'Thôn 5', 'XNXTO', N'NV-BQ', 'haanhhy01f@gmail.com', 'TRANSFER', '(807) 702-4276', N'Hưng Yên', N'Aretha165', 'TORECEIVE', 'INSTORE', '220909', N'Xã Tân Quang')
INSERT dbo.orders(id, customer_id, deleted, delivery_fee, discount, discount_voucher_percent, district_id, in_store, is_payment, province_id, staff_id, sub_total, total, total_paid, voucher_id, voucher_minimum_subtotal_required, created_date, updated_date, address, code, district_name, email, payment, phone, province_name, recipient_name, status, type, ward_id, ward_name) VALUES (31, 6, 0, 14148.01, 56, 0, 2046, 0, 0, N'62922', 20, 685.05, 87714.63, 902363.82, 2, 0, '2024-11-20 21:34:46.5850000', '1975-07-10 15:49:02.4030000', N'Thôn 5', 'EYGKH', N'FL-BB', 'haanhhy01f@gmail.com', 'TRANSFER', '(409) 780-2298', N'Hưng Yên', N'Aretha165', 'TORECEIVE', 'INSTORE', '220909', N'Xã Tân Quang')
INSERT dbo.orders(id, customer_id, deleted, delivery_fee, discount, discount_voucher_percent, district_id, in_store, is_payment, province_id, staff_id, sub_total, total, total_paid, voucher_id, voucher_minimum_subtotal_required, created_date, updated_date, address, code, district_name, email, payment, phone, province_name, recipient_name, status, type, ward_id, ward_name) VALUES (32, 7, 0, 59738.88, 78.9, 0, 2046, 1, 1, N'04288', 3, 949521.96, 847269.45, 961452.34, 3, 0, '2024-11-05 11:32:33.0000000', '2014-08-15 09:48:25.0090000', N'Thôn 5', 'AJNPK', N'WV-WG', 'haanhhy01f@gmail.com', 'TRANSFER', '(364) 484-7177', N'Hưng Yên', N'Aretha165', 'TOSHIP', 'INSTORE', '220909', N'Xã Tân Quang')
INSERT dbo.orders(id, customer_id, deleted, delivery_fee, discount, discount_voucher_percent, district_id, in_store, is_payment, province_id, staff_id, sub_total, total, total_paid, voucher_id, voucher_minimum_subtotal_required, created_date, updated_date, address, code, district_name, email, payment, phone, province_name, recipient_name, status, type, ward_id, ward_name) VALUES (33, 7, 0, 6.42, 13.02, 0, 2046, 1, 1, N'05165', 20, 37870.58, 90463.26, 641904.25, 1, 0, '2024-11-24 18:45:51.0250000', '1988-12-28 09:18:35.7910000', N'Thôn 5', 'ZTZAH', N'WY-BY', 'haanhhy01f@gmail.com', 'CASH', '(502) 148-6758', N'Hưng Yên', N'Aretha165', 'PENDING', 'INSTORE', '220909', N'Xã Tân Quang')
INSERT dbo.orders(id, customer_id, deleted, delivery_fee, discount, discount_voucher_percent, district_id, in_store, is_payment, province_id, staff_id, sub_total, total, total_paid, voucher_id, voucher_minimum_subtotal_required, created_date, updated_date, address, code, district_name, email, payment, phone, province_name, recipient_name, status, type, ward_id, ward_name) VALUES (34, 8, 0, 49160.03, 29.74, 0, 2046, 0, 0, N'94680', 16, 699634.45, 32.07, 62.01, 1, 0, '2024-10-21 20:01:43.8320000', '1985-04-03 15:37:05.0780000', N'Thôn 5', 'VFJIM', N'IN-GC', 'haanhhy01f@gmail.com', 'TRANSFER', '(344) 983-2689', N'Hưng Yên', N'Aretha165', 'PENDING', 'ONLINE', '220909', N'Xã Tân Quang')
INSERT dbo.orders(id, customer_id, deleted, delivery_fee, discount, discount_voucher_percent, district_id, in_store, is_payment, province_id, staff_id, sub_total, total, total_paid, voucher_id, voucher_minimum_subtotal_required, created_date, updated_date, address, code, district_name, email, payment, phone, province_name, recipient_name, status, type, ward_id, ward_name) VALUES (35, 1, 0, 38852.4, 99, 0, 2046, 0, 0, N'29265', 2, 110956.7, 597.61, 399.2, 4, 0, '2024-10-23 20:44:04.2180000', '2023-03-24 02:31:18.5540000', N'Thôn 5', 'BQPRU', N'FL-ZF', 'haanhhy01f@gmail.com', 'CASH', '(462) 778-1884', N'Hưng Yên', N'Aretha165', 'PENDING', 'INSTORE', '220909', N'Xã Tân Quang')
INSERT dbo.orders(id, customer_id, deleted, delivery_fee, discount, discount_voucher_percent, district_id, in_store, is_payment, province_id, staff_id, sub_total, total, total_paid, voucher_id, voucher_minimum_subtotal_required, created_date, updated_date, address, code, district_name, email, payment, phone, province_name, recipient_name, status, type, ward_id, ward_name) VALUES (36, 9, 0, 35493.8, 39.03, 0, 2046, 1, 1, N'69764', 6, 845897.61, 861417.59, 995631.79, 3, 0, '2024-10-17 06:52:37.0050000', '2008-03-02 05:52:35.0720000', N'Thôn 5', 'BAUPO', N'PA-EM', 'haanhhy01f@gmail.com', 'TRANSFER', '(741) 957-2856', N'Hưng Yên', N'Aretha165', 'DELIVERED', 'ONLINE', '220909', N'Xã Tân Quang')
INSERT dbo.orders(id, customer_id, deleted, delivery_fee, discount, discount_voucher_percent, district_id, in_store, is_payment, province_id, staff_id, sub_total, total, total_paid, voucher_id, voucher_minimum_subtotal_required, created_date, updated_date, address, code, district_name, email, payment, phone, province_name, recipient_name, status, type, ward_id, ward_name) VALUES (37, 11, 0, 6396.13, 71.01, 0, 2046, 0, 0, N'73833', 7, 8.5, 7975.43, 7192.19, 2, 0, '2024-11-16 07:26:56.8520000', '2007-12-23 22:11:09.8250000', N'Thôn 5', 'XIEHW', N'AR-LD', 'haanhhy01f@gmail.com', 'TRANSFER', '(227) 612-2349', N'Hưng Yên', N'Aretha165', 'TORECEIVE', 'ONLINE', '220909', N'Xã Tân Quang')
INSERT dbo.orders(id, customer_id, deleted, delivery_fee, discount, discount_voucher_percent, district_id, in_store, is_payment, province_id, staff_id, sub_total, total, total_paid, voucher_id, voucher_minimum_subtotal_required, created_date, updated_date, address, code, district_name, email, payment, phone, province_name, recipient_name, status, type, ward_id, ward_name) VALUES (38, 8, 1, 532.72, 87.94, 0, 2046, 0, 0, N'39864', 4, 336.87, 9.74, 49.68, 1, 0, '2024-11-09 13:52:12.8970000', '1985-04-25 02:54:55.5130000', N'Thôn 5', 'JCQKB', N'NY-IZ', 'haanhhy01f@gmail.com', 'CASH', '(489) 503-2234', N'Hưng Yên', N'Aretha165', 'TOSHIP', 'ONLINE', '220909', N'Xã Tân Quang')
INSERT dbo.orders(id, customer_id, deleted, delivery_fee, discount, discount_voucher_percent, district_id, in_store, is_payment, province_id, staff_id, sub_total, total, total_paid, voucher_id, voucher_minimum_subtotal_required, created_date, updated_date, address, code, district_name, email, payment, phone, province_name, recipient_name, status, type, ward_id, ward_name) VALUES (39, 18, 0, 39946.65, 96.11, 0, 2046, 0, 0, N'52235', 13, 666857.6, 354437.58, 3.8, 3, 0, '2024-11-29 19:13:00.7270000', '2009-06-27 11:27:37.0000000', N'Thôn 5', 'SUAFR', N'AR-AR', 'haanhhy01f@gmail.com', 'TRANSFER', '(296) 307-6577', N'Hưng Yên', N'Aretha165', 'TORECEIVE', 'ONLINE', '220909', N'Xã Tân Quang')
INSERT dbo.orders(id, customer_id, deleted, delivery_fee, discount, discount_voucher_percent, district_id, in_store, is_payment, province_id, staff_id, sub_total, total, total_paid, voucher_id, voucher_minimum_subtotal_required, created_date, updated_date, address, code, district_name, email, payment, phone, province_name, recipient_name, status, type, ward_id, ward_name) VALUES (40, 11, 0, 8.03, 74.08, 0, 2046, 0, 0, N'69249', 6, 7.66, 607078.2, 281736.75, 2, 0, '2024-11-09 23:24:32.0350000', '2009-02-01 05:00:41.1350000', N'Thôn 5', 'MXMFS', N'CT-UG', 'haanhhy01f@gmail.com', 'TRANSFER', '(865) 720-1123', N'Hưng Yên', N'Aretha165', 'TORECEIVE', 'INSTORE', '220909', N'Xã Tân Quang')
INSERT dbo.orders(id, customer_id, deleted, delivery_fee, discount, discount_voucher_percent, district_id, in_store, is_payment, province_id, staff_id, sub_total, total, total_paid, voucher_id, voucher_minimum_subtotal_required, created_date, updated_date, address, code, district_name, email, payment, phone, province_name, recipient_name, status, type, ward_id, ward_name) VALUES (41, 8, 0, 13715.93, 15.27, 0, 2046, 0, 0, N'83957', 9, 643090.52, 641950.76, 984915.53, 2, 0, '2024-10-10 19:44:13.9250000', '2005-03-12 06:00:53.1440000', N'Thôn 5', 'IIDJL', N'OH-AB', 'haanhhy01f@gmail.com', 'CASH', '(823) 705-8936', N'Hưng Yên', N'Aretha165', 'DELIVERED', 'ONLINE', '220909', N'Xã Tân Quang')
INSERT dbo.orders(id, customer_id, deleted, delivery_fee, discount, discount_voucher_percent, district_id, in_store, is_payment, province_id, staff_id, sub_total, total, total_paid, voucher_id, voucher_minimum_subtotal_required, created_date, updated_date, address, code, district_name, email, payment, phone, province_name, recipient_name, status, type, ward_id, ward_name) VALUES (42, 8, 0, 86642.22, 50.85, 0, 2046, 0, 0, N'83950', 3, 3809.19, 649.39, 7443.07, 3, 0, '2024-10-20 10:06:06.0620000', '2019-09-24 17:36:14.2110000', N'Thôn 5', 'DLXXC', N'MO-QL', 'haanhhy01f@gmail.com', 'CASH', '(681) 997-2224', N'Hưng Yên', N'Aretha165', 'PENDING', 'ONLINE', '220909', N'Xã Tân Quang')
INSERT dbo.orders(id, customer_id, deleted, delivery_fee, discount, discount_voucher_percent, district_id, in_store, is_payment, province_id, staff_id, sub_total, total, total_paid, voucher_id, voucher_minimum_subtotal_required, created_date, updated_date, address, code, district_name, email, payment, phone, province_name, recipient_name, status, type, ward_id, ward_name) VALUES (43, 3, 0, 3116.58, 23.63, 0, 2046, 1, 1, N'20020', 8, 380128.03, 365026.54, 6035.59, 1, 0, '2024-11-20 11:30:12.4140000', '2013-11-09 12:33:02.2080000', N'Thôn 5', 'TPLOG', N'ME-WU', 'haanhhy01f@gmail.com', 'CASH', '(831) 758-8836', N'Hưng Yên', N'Aretha165', 'TORECEIVE', 'INSTORE', '220909', N'Xã Tân Quang')
INSERT dbo.orders(id, customer_id, deleted, delivery_fee, discount, discount_voucher_percent, district_id, in_store, is_payment, province_id, staff_id, sub_total, total, total_paid, voucher_id, voucher_minimum_subtotal_required, created_date, updated_date, address, code, district_name, email, payment, phone, province_name, recipient_name, status, type, ward_id, ward_name) VALUES (44, 16, 0, 8548.61, 3.59, 0, 2046, 1, 1, N'56720', 7, 699151.96, 1264.96, 920274.35, 3, 0, '2024-10-25 11:03:23.8410000', '2020-10-29 03:29:17.6980000', N'Thôn 5', 'PRBVL', N'GA-OH', 'haanhhy01f@gmail.com', 'CASH', '(764) 706-0605', N'Hưng Yên', N'Aretha165', 'CANCELED', 'INSTORE', '220909', N'Xã Tân Quang')
INSERT dbo.orders(id, customer_id, deleted, delivery_fee, discount, discount_voucher_percent, district_id, in_store, is_payment, province_id, staff_id, sub_total, total, total_paid, voucher_id, voucher_minimum_subtotal_required, created_date, updated_date, address, code, district_name, email, payment, phone, province_name, recipient_name, status, type, ward_id, ward_name) VALUES (45, 10, 0, 97749.34, 5.91, 0, 2046, 1, 1, N'39733', 18, 678874.46, 476810.32, 71608.86, 2, 0, '2024-10-11 02:56:21.8720000', '1987-12-26 09:23:29.0110000', N'Thôn 5', 'TGGUD', N'CT-BV', 'haanhhy01f@gmail.com', 'TRANSFER', '(808) 355-6893', N'Hưng Yên', N'Aretha165', 'TOSHIP', 'INSTORE', '220909', N'Xã Tân Quang')
INSERT dbo.orders(id, customer_id, deleted, delivery_fee, discount, discount_voucher_percent, district_id, in_store, is_payment, province_id, staff_id, sub_total, total, total_paid, voucher_id, voucher_minimum_subtotal_required, created_date, updated_date, address, code, district_name, email, payment, phone, province_name, recipient_name, status, type, ward_id, ward_name) VALUES (46, 15, 0, 48269.78, 5.11, 0, 2046, 1, 1, N'67562', 19, 60902.73, 588516.79, 10.62, 3, 0, '2024-11-18 04:28:54.0010000', '1978-02-15 08:17:05.0730000', N'Thôn 5', 'EFNAD', N'GA-IV', 'haanhhy01f@gmail.com', 'CASH', '(696) 959-0246', N'Hưng Yên', N'Aretha165', 'DELIVERED', 'INSTORE', '220909', N'Xã Tân Quang')
INSERT dbo.orders(id, customer_id, deleted, delivery_fee, discount, discount_voucher_percent, district_id, in_store, is_payment, province_id, staff_id, sub_total, total, total_paid, voucher_id, voucher_minimum_subtotal_required, created_date, updated_date, address, code, district_name, email, payment, phone, province_name, recipient_name, status, type, ward_id, ward_name) VALUES (47, 5, 0, 264.52, 3.12, 0, 2046, 0, 0, N'66256', 9, 767546.66, 613427.53, 754581.26, 1, 0, '2024-11-03 19:05:23.9400000', '1988-07-01 18:41:24.6960000', N'Thôn 5', 'TUHDO', N'NM-SM', 'haanhhy01f@gmail.com', 'CASH', '(891) 826-6487', N'Hưng Yên', N'Aretha165', 'DELIVERED', 'ONLINE', '220909', N'Xã Tân Quang')
INSERT dbo.orders(id, customer_id, deleted, delivery_fee, discount, discount_voucher_percent, district_id, in_store, is_payment, province_id, staff_id, sub_total, total, total_paid, voucher_id, voucher_minimum_subtotal_required, created_date, updated_date, address, code, district_name, email, payment, phone, province_name, recipient_name, status, type, ward_id, ward_name) VALUES (48, 9, 0, 9477.82, 61.71, 0, 2046, 1, 1, N'94192', 16, 983970.53, 685.31, 80915.58, 3, 0, '2024-10-27 06:32:49.1660000', '2017-12-31 12:22:03.6810000', N'Thôn 5', 'GIOLY', N'IL-CL', 'haanhhy01f@gmail.com', 'CASH', '(202) 851-8436', N'Hưng Yên', N'Aretha165', 'PENDING', 'INSTORE', '220909', N'Xã Tân Quang')
INSERT dbo.orders(id, customer_id, deleted, delivery_fee, discount, discount_voucher_percent, district_id, in_store, is_payment, province_id, staff_id, sub_total, total, total_paid, voucher_id, voucher_minimum_subtotal_required, created_date, updated_date, address, code, district_name, email, payment, phone, province_name, recipient_name, status, type, ward_id, ward_name) VALUES (49, 18, 0, 11057.58, 9.74, 0, 2046, 0, 0, N'62152', 16, 61847.67, 349879.08, 793769.16, 1, 0, '2024-11-24 12:05:48.8450000', '1996-07-29 07:16:29.1440000', N'Thôn 5', 'GOHGC', N'AR-GN', 'haanhhy01f@gmail.com', 'CASH', '(824) 638-0056', N'Hưng Yên', N'Aretha165', 'TOSHIP', 'INSTORE', '220909', N'Xã Tân Quang')
INSERT dbo.orders(id, customer_id, deleted, delivery_fee, discount, discount_voucher_percent, district_id, in_store, is_payment, province_id, staff_id, sub_total, total, total_paid, voucher_id, voucher_minimum_subtotal_required, created_date, updated_date, address, code, district_name, email, payment, phone, province_name, recipient_name, status, type, ward_id, ward_name) VALUES (50, 6, 0, 21751.71, 8.74, 0, 2046, 1, 1, N'54482', 10, 680637.7, 967356.4, 587930.55, 2, 0, '2024-11-13 22:58:05.3230000', '1996-03-16 08:48:42.4450000', N'Thôn 5', 'GANZJ', N'AK-DI', 'haanhhy01f@gmail.com', 'TRANSFER', '(546) 764-6066', N'Hưng Yên', N'Aretha165', 'TOSHIP', 'ONLINE', '220909', N'Xã Tân Quang')
GO
SET IDENTITY_INSERT dbo.orders OFF
GO

--
-- Inserting data into table dbo.address
--
SET IDENTITY_INSERT dbo.address ON
GO
INSERT dbo.address(id, customer_id, is_default, created_date, updated_date, detail, district, district_id, name, phone, province, province_id, ward, ward_id) VALUES (1, 19, 1, '1980-03-22 11:19:42.3190000', '1999-07-25 13:03:18.9120000', N'456 Lê Lợi, Quận 1, TP. Hồ Chí Minh', N'Huyện Phù Cừ', '2194', N'Conrad1997', '(459) 613-9467', N'Hưng Yên', '268', N'Xã Tống Phan', '220713')
INSERT dbo.address(id, customer_id, is_default, created_date, updated_date, detail, district, district_id, name, phone, province, province_id, ward, ward_id) VALUES (2, 14, 1, '1970-08-26 16:17:12.4590000', '2003-04-11 01:11:44.6060000', N'60 Hoàng Hoa Thám, Ba Đình, Hà Nội', N'Huyện Phù Cừ', '2194', N'Drew9', '(730) 955-6764', N'Hưng Yên', '268', N'Xã Tống Phan', '220713')
INSERT dbo.address(id, customer_id, is_default, created_date, updated_date, detail, district, district_id, name, phone, province, province_id, ward, ward_id) VALUES (3, 6, 1, '1979-09-17 06:26:03.6250000', '1979-04-19 15:07:09.7440000', N'75 Điện Biên Phủ, Bình Thạnh, TP. Hồ Chí Minh', N'Huyện Phù Cừ', '2194', N'Kim1953', '(681) 747-0352', N'Hưng Yên', '268', N'Xã Tống Phan', '220713')
INSERT dbo.address(id, customer_id, is_default, created_date, updated_date, detail, district, district_id, name, phone, province, province_id, ward, ward_id) VALUES (4, 12, 1, '1992-09-16 17:24:13.1600000', '1994-06-28 08:29:00.0910000', N'123 Nguyễn Trãi, Thanh Xuân, Hà Nội', N'Huyện Phù Cừ', '2194', N'Latonya2022', '(513) 643-0254', N'Hưng Yên', '268', N'Xã Tống Phan', '220713')
INSERT dbo.address(id, customer_id, is_default, created_date, updated_date, detail, district, district_id, name, phone, province, province_id, ward, ward_id) VALUES (5, 13, 1, '1976-06-29 22:59:08.5620000', '2012-12-22 19:50:31.9350000', N'22 Phan Chu Trinh, Hải Châu, Đà Nẵng', N'Huyện Phù Cừ', '2194', N'Stamm465', '(776) 960-1978', N'Hưng Yên', '268', N'Xã Tống Phan', '220713')
INSERT dbo.address(id, customer_id, is_default, created_date, updated_date, detail, district, district_id, name, phone, province, province_id, ward, ward_id) VALUES (6, 19, 1, '1979-05-08 13:54:50.4380000', '2009-11-17 02:20:20.5340000', N'789 Trần Phú, Hà Đông, Hà Nội', N'Huyện Phù Cừ', '2194', N'Winkler2019', '(943) 664-5705', N'Hưng Yên', '268', N'Xã Tống Phan', '220713')
INSERT dbo.address(id, customer_id, is_default, created_date, updated_date, detail, district, district_id, name, phone, province, province_id, ward, ward_id) VALUES (7, 1, 1, '1975-09-30 22:11:46.2270000', '1973-04-21 23:07:17.0040000', N'50 Trường Chinh, Tân Bình, TP. Hồ Chí Minh', N'Huyện Phù Cừ', '2194', N'Brendan547', '(282) 510-9326', N'Hưng Yên', '268', N'Xã Tống Phan', '220713')
INSERT dbo.address(id, customer_id, is_default, created_date, updated_date, detail, district, district_id, name, phone, province, province_id, ward, ward_id) VALUES (8, 10, 0, '1977-12-28 20:02:58.7060000', '1994-06-05 08:10:55.2990000', N'35 Nguyễn Văn Linh, Hải Châu, Đà Nẵng', N'Huyện Phù Cừ', '2194', N'Gino2021', '(350) 234-6559', N'Hưng Yên', '268', N'Xã Tống Phan', '220713')
INSERT dbo.address(id, customer_id, is_default, created_date, updated_date, detail, district, district_id, name, phone, province, province_id, ward, ward_id) VALUES (9, 6, 1, '2022-08-12 21:15:09.7100000', '1982-10-14 10:11:20.5360000', N'75 Điện Biên Phủ, Bình Thạnh, TP. Hồ Chí Minh', N'Huyện Phù Cừ', '2194', N'Abby664', '(157) 934-3116', N'Hưng Yên', '268', N'Xã Tống Phan', '220713')
INSERT dbo.address(id, customer_id, is_default, created_date, updated_date, detail, district, district_id, name, phone, province, province_id, ward, ward_id) VALUES (10, 16, 1, '1978-11-01 14:57:58.9480000', '2017-06-29 00:31:08.0300000', N'456 Lê Lợi, Quận 1, TP. Hồ Chí Minh', N'Huyện Phù Cừ', '2194', N'Jolene437', '(465) 454-8347', N'Hưng Yên', '268', N'Xã Tống Phan', '220713')
INSERT dbo.address(id, customer_id, is_default, created_date, updated_date, detail, district, district_id, name, phone, province, province_id, ward, ward_id) VALUES (11, 13, 1, '2002-08-12 02:38:54.0030000', '1974-11-03 16:59:25.5680000', N'15 Lý Thái Tổ, Hoàn Kiếm, Hà Nội', N'Huyện Phù Cừ', '2194', N'Alonso441', '(122) 838-0637', N'Hưng Yên', '268', N'Xã Tống Phan', '220713')
INSERT dbo.address(id, customer_id, is_default, created_date, updated_date, detail, district, district_id, name, phone, province, province_id, ward, ward_id) VALUES (12, 10, 1, '2024-09-07 09:35:35.1830000', '1978-04-01 22:41:46.3740000', N'789 Trần Phú, Hà Đông, Hà Nội', N'Huyện Phù Cừ', '2194', N'Abby754', '(529) 468-6964', N'Hưng Yên', '268', N'Xã Tống Phan', '220713')
INSERT dbo.address(id, customer_id, is_default, created_date, updated_date, detail, district, district_id, name, phone, province, province_id, ward, ward_id) VALUES (13, 19, 1, '2007-08-19 00:56:59.7900000', '1992-06-17 20:29:39.0080000', N'60 Hoàng Hoa Thám, Ba Đình, Hà Nội', N'Huyện Phù Cừ', '2194', N'Simpson5', '(789) 568-6157', N'Hưng Yên', '268', N'Xã Tống Phan', '220713')
INSERT dbo.address(id, customer_id, is_default, created_date, updated_date, detail, district, district_id, name, phone, province, province_id, ward, ward_id) VALUES (14, 4, 0, '2019-03-12 17:36:46.0770000', '1988-03-23 10:05:21.9420000', N'75 Điện Biên Phủ, Bình Thạnh, TP. Hồ Chí Minh', N'Huyện Phù Cừ', '2194', N'Darius5', '(507) 184-2162', N'Hưng Yên', '268', N'Xã Tống Phan', '220713')
INSERT dbo.address(id, customer_id, is_default, created_date, updated_date, detail, district, district_id, name, phone, province, province_id, ward, ward_id) VALUES (15, 4, 1, '2003-12-18 20:29:29.6380000', '2018-04-21 21:18:19.0070000', N'456 Lê Lợi, Quận 1, TP. Hồ Chí Minh', N'Huyện Phù Cừ', '2194', N'Boling2025', '(948) 826-7804', N'Hưng Yên', '268', N'Xã Tống Phan', '220713')
INSERT dbo.address(id, customer_id, is_default, created_date, updated_date, detail, district, district_id, name, phone, province, province_id, ward, ward_id) VALUES (16, 5, 1, '2021-12-13 20:01:27.4050000', '1982-09-30 09:25:06.0080000', N'35 Nguyễn Văn Linh, Hải Châu, Đà Nẵng', N'Huyện Phù Cừ', '2194', N'Abbie1953', '(286) 001-2185', N'Hưng Yên', '268', N'Xã Tống Phan', '220713')
INSERT dbo.address(id, customer_id, is_default, created_date, updated_date, detail, district, district_id, name, phone, province, province_id, ward, ward_id) VALUES (17, 10, 1, '1974-07-12 22:47:38.6530000', '1978-06-26 18:12:29.4220000', N'75 Điện Biên Phủ, Bình Thạnh, TP. Hồ Chí Minh', N'Huyện Phù Cừ', '2194', N'Bernita1999', '(718) 229-1171', N'Hưng Yên', '268', N'Xã Tống Phan', '220713')
INSERT dbo.address(id, customer_id, is_default, created_date, updated_date, detail, district, district_id, name, phone, province, province_id, ward, ward_id) VALUES (18, 16, 1, '2024-04-20 08:41:42.9040000', '2024-08-09 21:02:51.4930000', N'10 Nguyễn Huệ, Quận 1, TP. Hồ Chí Minh', N'Huyện Phù Cừ', '2194', N'Deborah2002', '(659) 832-5274', N'Hưng Yên', '268', N'Xã Tống Phan', '220713')
INSERT dbo.address(id, customer_id, is_default, created_date, updated_date, detail, district, district_id, name, phone, province, province_id, ward, ward_id) VALUES (19, 6, 1, '1993-05-27 21:25:28.4110000', '1971-01-08 14:22:50.4520000', N'75 Điện Biên Phủ, Bình Thạnh, TP. Hồ Chí Minh', N'Huyện Phù Cừ', '2194', N'Earl2024', '(899) 567-0654', N'Hưng Yên', '268', N'Xã Tống Phan', '220713')
INSERT dbo.address(id, customer_id, is_default, created_date, updated_date, detail, district, district_id, name, phone, province, province_id, ward, ward_id) VALUES (20, 16, 1, '2007-05-26 19:54:21.1990000', '1989-05-09 14:29:23.4810000', N'10 Nguyễn Huệ, Quận 1, TP. Hồ Chí Minh', N'Huyện Phù Cừ', '2194', N'Constance1951', '(674) 683-5376', N'Hưng Yên', '268', N'Xã Tống Phan', '220713')
INSERT dbo.address(id, customer_id, is_default, created_date, updated_date, detail, district, district_id, name, phone, province, province_id, ward, ward_id) VALUES (21, 4, 0, '1993-07-20 12:45:25.3520000', '2020-04-14 13:47:30.0320000', N'456 Lê Lợi, Quận 1, TP. Hồ Chí Minh', N'Huyện Phù Cừ', '2194', N'Shon1986', '(835) 754-7630', N'Hưng Yên', '268', N'Xã Tống Phan', '220713')
INSERT dbo.address(id, customer_id, is_default, created_date, updated_date, detail, district, district_id, name, phone, province, province_id, ward, ward_id) VALUES (22, 9, 1, '1997-08-29 17:52:53.7530000', '1987-07-08 20:50:05.0120000', N'10 Nguyễn Huệ, Quận 1, TP. Hồ Chí Minh', N'Huyện Phù Cừ', '2194', N'Justin1958', '(397) 639-0832', N'Hưng Yên', '268', N'Xã Tống Phan', '220713')
INSERT dbo.address(id, customer_id, is_default, created_date, updated_date, detail, district, district_id, name, phone, province, province_id, ward, ward_id) VALUES (23, 3, 1, '2013-10-16 06:10:55.5340000', '2006-02-15 05:27:33.3150000', N'75 Điện Biên Phủ, Bình Thạnh, TP. Hồ Chí Minh', N'Huyện Phù Cừ', '2194', N'Williams7', '(878) 889-3248', N'Hưng Yên', '268', N'Xã Tống Phan', '220713')
INSERT dbo.address(id, customer_id, is_default, created_date, updated_date, detail, district, district_id, name, phone, province, province_id, ward, ward_id) VALUES (24, 10, 1, '1994-06-25 09:23:21.1940000', '1994-04-14 05:19:11.0260000', N'22 Phan Chu Trinh, Hải Châu, Đà Nẵng', N'Huyện Phù Cừ', '2194', N'Cathy1961', '(792) 850-9043', N'Hưng Yên', '268', N'Xã Tống Phan', '220713')
INSERT dbo.address(id, customer_id, is_default, created_date, updated_date, detail, district, district_id, name, phone, province, province_id, ward, ward_id) VALUES (25, 20, 1, '2000-03-18 01:56:04.3910000', '1992-07-15 06:30:13.0090000', N'10 Nguyễn Huệ, Quận 1, TP. Hồ Chí Minh', N'Huyện Phù Cừ', '2194', N'Rocky1969', '(898) 388-9426', N'Hưng Yên', '268', N'Xã Tống Phan', '220713')
INSERT dbo.address(id, customer_id, is_default, created_date, updated_date, detail, district, district_id, name, phone, province, province_id, ward, ward_id) VALUES (26, 8, 1, '1988-09-13 04:19:24.2500000', '1977-02-07 22:37:16.4100000', N'22 Phan Chu Trinh, Hải Châu, Đà Nẵng', N'Huyện Phù Cừ', '2194', N'Adaline2010', '(365) 356-4078', N'Hưng Yên', '268', N'Xã Tống Phan', '220713')
INSERT dbo.address(id, customer_id, is_default, created_date, updated_date, detail, district, district_id, name, phone, province, province_id, ward, ward_id) VALUES (27, 14, 1, '2007-07-04 21:06:13.4740000', '1981-02-01 22:21:00.5590000', N'60 Hoàng Hoa Thám, Ba Đình, Hà Nội', N'Huyện Phù Cừ', '2194', N'Drew35', '(861) 549-7247', N'Hưng Yên', '268', N'Xã Tống Phan', '220713')
INSERT dbo.address(id, customer_id, is_default, created_date, updated_date, detail, district, district_id, name, phone, province, province_id, ward, ward_id) VALUES (28, 9, 1, '1990-06-05 04:29:14.4950000', '1980-07-14 17:28:56.3970000', N'789 Trần Phú, Hà Đông, Hà Nội', N'Huyện Phù Cừ', '2194', N'Ray2015', '(296) 043-6622', N'Hưng Yên', '268', N'Xã Tống Phan', '220713')
INSERT dbo.address(id, customer_id, is_default, created_date, updated_date, detail, district, district_id, name, phone, province, province_id, ward, ward_id) VALUES (29, 3, 1, '1976-09-22 01:04:55.5480000', '1975-01-18 17:42:40.1530000', N'789 Trần Phú, Hà Đông, Hà Nội', N'Huyện Phù Cừ', '2194', N'Arvilla9', '(461) 654-2968', N'Hưng Yên', '268', N'Xã Tống Phan', '220713')
INSERT dbo.address(id, customer_id, is_default, created_date, updated_date, detail, district, district_id, name, phone, province, province_id, ward, ward_id) VALUES (30, 17, 1, '2000-02-24 22:51:54.3930000', '1971-03-23 00:42:49.0080000', N'15 Lý Thái Tổ, Hoàn Kiếm, Hà Nội', N'Huyện Phù Cừ', '2194', N'Bourgeois2010', '(463) 980-1962', N'Hưng Yên', '268', N'Xã Tống Phan', '220713')
INSERT dbo.address(id, customer_id, is_default, created_date, updated_date, detail, district, district_id, name, phone, province, province_id, ward, ward_id) VALUES (31, 3, 1, '2001-08-16 19:30:17.4480000', '2007-05-28 08:16:46.1160000', N'789 Trần Phú, Hà Đông, Hà Nội', N'Huyện Phù Cừ', '2194', N'Ron2016', '(113) 450-2756', N'Hưng Yên', '268', N'Xã Tống Phan', '220713')
INSERT dbo.address(id, customer_id, is_default, created_date, updated_date, detail, district, district_id, name, phone, province, province_id, ward, ward_id) VALUES (32, 10, 1, '2013-01-11 07:46:41.9410000', '2015-01-19 17:38:02.3500000', N'22 Phan Chu Trinh, Hải Châu, Đà Nẵng', N'Huyện Phù Cừ', '2194', N'Ada2007', '(249) 938-5859', N'Hưng Yên', '268', N'Xã Tống Phan', '220713')
INSERT dbo.address(id, customer_id, is_default, created_date, updated_date, detail, district, district_id, name, phone, province, province_id, ward, ward_id) VALUES (33, 5, 1, '2010-09-29 13:09:43.4340000', '2011-01-12 12:16:39.0200000', N'15 Lý Thái Tổ, Hoàn Kiếm, Hà Nội', N'Huyện Phù Cừ', '2194', N'Clelia1967', '(894) 989-7256', N'Hưng Yên', '268', N'Xã Tống Phan', '220713')
INSERT dbo.address(id, customer_id, is_default, created_date, updated_date, detail, district, district_id, name, phone, province, province_id, ward, ward_id) VALUES (34, 16, 1, '1972-12-26 15:30:24.8570000', '1982-02-09 22:18:32.8890000', N'60 Hoàng Hoa Thám, Ba Đình, Hà Nội', N'Huyện Phù Cừ', '2194', N'Dillon2027', '(134) 228-5449', N'Hưng Yên', '268', N'Xã Tống Phan', '220713')
INSERT dbo.address(id, customer_id, is_default, created_date, updated_date, detail, district, district_id, name, phone, province, province_id, ward, ward_id) VALUES (35, 11, 0, '1996-01-17 17:35:13.6790000', '2001-12-16 08:19:23.2470000', N'35 Nguyễn Văn Linh, Hải Châu, Đà Nẵng', N'Huyện Phù Cừ', '2194', N'Washington5', '(896) 756-6541', N'Hưng Yên', '268', N'Xã Tống Phan', '220713')
INSERT dbo.address(id, customer_id, is_default, created_date, updated_date, detail, district, district_id, name, phone, province, province_id, ward, ward_id) VALUES (36, 10, 1, '2011-08-08 15:51:15.0040000', '1980-01-21 16:55:28.7790000', N'789 Trần Phú, Hà Đông, Hà Nội', N'Huyện Phù Cừ', '2194', N'Packard2000', '(948) 551-7855', N'Hưng Yên', '268', N'Xã Tống Phan', '220713')
INSERT dbo.address(id, customer_id, is_default, created_date, updated_date, detail, district, district_id, name, phone, province, province_id, ward, ward_id) VALUES (37, 15, 1, '2011-12-07 21:26:16.0070000', '1980-12-16 11:01:10.7820000', N'10 Nguyễn Huệ, Quận 1, TP. Hồ Chí Minh', N'Huyện Phù Cừ', '2194', N'Bonilla2029', '(250) 604-2488', N'Hưng Yên', '268', N'Xã Tống Phan', '220713')
INSERT dbo.address(id, customer_id, is_default, created_date, updated_date, detail, district, district_id, name, phone, province, province_id, ward, ward_id) VALUES (38, 2, 1, '1997-02-20 06:29:00.7430000', '1980-08-08 13:35:45.4470000', N'75 Điện Biên Phủ, Bình Thạnh, TP. Hồ Chí Minh', N'Huyện Phù Cừ', '2194', N'Abbie2021', '(720) 779-2685', N'Hưng Yên', '268', N'Xã Tống Phan', '220713')
INSERT dbo.address(id, customer_id, is_default, created_date, updated_date, detail, district, district_id, name, phone, province, province_id, ward, ward_id) VALUES (39, 14, 1, '2016-03-04 02:18:10.8140000', '2005-05-08 12:13:21.1050000', N'50 Trường Chinh, Tân Bình, TP. Hồ Chí Minh', N'Huyện Phù Cừ', '2194', N'Charla71', '(565) 967-6647', N'Hưng Yên', '268', N'Xã Tống Phan', '220713')
INSERT dbo.address(id, customer_id, is_default, created_date, updated_date, detail, district, district_id, name, phone, province, province_id, ward, ward_id) VALUES (40, 3, 1, '2010-07-27 16:47:34.0340000', '2002-06-11 19:36:15.5480000', N'75 Điện Biên Phủ, Bình Thạnh, TP. Hồ Chí Minh', N'Huyện Phù Cừ', '2194', N'Cher425', '(748) 936-9702', N'Hưng Yên', '268', N'Xã Tống Phan', '220713')
INSERT dbo.address(id, customer_id, is_default, created_date, updated_date, detail, district, district_id, name, phone, province, province_id, ward, ward_id) VALUES (41, 13, 1, '1993-07-18 05:16:44.5020000', '1974-04-03 10:56:12.7990000', N'123 Nguyễn Trãi, Thanh Xuân, Hà Nội', N'Huyện Phù Cừ', '2194', N'Adah2028', '(346) 279-2551', N'Hưng Yên', '268', N'Xã Tống Phan', '220713')
INSERT dbo.address(id, customer_id, is_default, created_date, updated_date, detail, district, district_id, name, phone, province, province_id, ward, ward_id) VALUES (42, 19, 0, '1973-06-28 08:36:10.2800000', '2000-07-24 12:49:17.1570000', N'789 Trần Phú, Hà Đông, Hà Nội', N'Huyện Phù Cừ', '2194', N'Mosby661', '(153) 446-2344', N'Hưng Yên', '268', N'Xã Tống Phan', '220713')
INSERT dbo.address(id, customer_id, is_default, created_date, updated_date, detail, district, district_id, name, phone, province, province_id, ward, ward_id) VALUES (43, 2, 1, '1991-04-08 14:52:58.0890000', '1978-03-20 23:57:58.9090000', N'35 Nguyễn Văn Linh, Hải Châu, Đà Nẵng', N'Huyện Phù Cừ', '2194', N'Hunter2027', '(871) 703-6933', N'Hưng Yên', '268', N'Xã Tống Phan', '220713')
INSERT dbo.address(id, customer_id, is_default, created_date, updated_date, detail, district, district_id, name, phone, province, province_id, ward, ward_id) VALUES (44, 12, 1, '1979-09-20 11:56:32.5560000', '1995-06-09 02:39:06.9480000', N'75 Điện Biên Phủ, Bình Thạnh, TP. Hồ Chí Minh', N'Huyện Phù Cừ', '2194', N'Anglin1953', '(130) 566-1060', N'Hưng Yên', '268', N'Xã Tống Phan', '220713')
INSERT dbo.address(id, customer_id, is_default, created_date, updated_date, detail, district, district_id, name, phone, province, province_id, ward, ward_id) VALUES (45, 9, 1, '1981-01-24 02:25:32.7350000', '2006-10-03 04:24:51.5740000', N'50 Trường Chinh, Tân Bình, TP. Hồ Chí Minh', N'Huyện Phù Cừ', '2194', N'Albert381', '(852) 645-5229', N'Hưng Yên', '268', N'Xã Tống Phan', '220713')
INSERT dbo.address(id, customer_id, is_default, created_date, updated_date, detail, district, district_id, name, phone, province, province_id, ward, ward_id) VALUES (46, 14, 1, '1984-02-11 00:12:54.9790000', '1993-05-26 10:58:19.0640000', N'50 Trường Chinh, Tân Bình, TP. Hồ Chí Minh', N'Huyện Phù Cừ', '2194', N'Ordonez879', '(303) 737-0588', N'Hưng Yên', '268', N'Xã Tống Phan', '220713')
INSERT dbo.address(id, customer_id, is_default, created_date, updated_date, detail, district, district_id, name, phone, province, province_id, ward, ward_id) VALUES (47, 2, 1, '1972-06-28 23:20:27.2280000', '1990-10-16 08:43:25.8290000', N'123 Nguyễn Trãi, Thanh Xuân, Hà Nội', N'Huyện Phù Cừ', '2194', N'Burrell393', '(542) 738-1744', N'Hưng Yên', '268', N'Xã Tống Phan', '220713')
INSERT dbo.address(id, customer_id, is_default, created_date, updated_date, detail, district, district_id, name, phone, province, province_id, ward, ward_id) VALUES (48, 16, 1, '2000-08-16 07:49:24.0040000', '1998-08-07 03:18:21.0440000', N'60 Hoàng Hoa Thám, Ba Đình, Hà Nội', N'Huyện Phù Cừ', '2194', N'Athena521', '(307) 844-2142', N'Hưng Yên', '268', N'Xã Tống Phan', '220713')
INSERT dbo.address(id, customer_id, is_default, created_date, updated_date, detail, district, district_id, name, phone, province, province_id, ward, ward_id) VALUES (49, 2, 1, '2008-06-22 14:41:56.7190000', '2003-07-05 08:12:15.6810000', N'22 Phan Chu Trinh, Hải Châu, Đà Nẵng', N'Huyện Phù Cừ', '2194', N'Alonzo218', '(705) 905-9161', N'Hưng Yên', '268', N'Xã Tống Phan', '220713')
INSERT dbo.address(id, customer_id, is_default, created_date, updated_date, detail, district, district_id, name, phone, province, province_id, ward, ward_id) VALUES (50, 19, 1, '1973-05-10 10:39:40.1400000', '1991-11-16 06:53:07.6470000', N'60 Hoàng Hoa Thám, Ba Đình, Hà Nội', N'Huyện Phù Cừ', '2194', N'Nieto1959', '(267) 504-9171', N'Hưng Yên', '268', N'Xã Tống Phan', '220713')
GO
SET IDENTITY_INSERT dbo.address OFF
GO

--
-- Inserting data into table dbo.cart_detail
--
SET IDENTITY_INSERT dbo.cart_detail ON
GO
INSERT dbo.cart_detail(id, cart_id, product_detail_id, quantity, created_date, updated_date, code) VALUES (1, 13, 33, 62, '2008-08-14 15:08:35.3630000', '1973-03-12 16:52:12.5080000', 'EXONZ')
INSERT dbo.cart_detail(id, cart_id, product_detail_id, quantity, created_date, updated_date, code) VALUES (2, 29, 37, 60, '1986-03-03 23:22:01.4740000', '2018-10-17 08:16:33.4220000', 'KPPSI')
INSERT dbo.cart_detail(id, cart_id, product_detail_id, quantity, created_date, updated_date, code) VALUES (3, 32, 41, 34, '1982-03-29 00:41:02.7010000', '1981-10-29 09:22:08.1470000', 'LGHUD')
INSERT dbo.cart_detail(id, cart_id, product_detail_id, quantity, created_date, updated_date, code) VALUES (4, 48, 39, 12, '2008-08-06 11:00:42.0330000', '1998-03-02 18:57:41.0360000', 'INILB')
INSERT dbo.cart_detail(id, cart_id, product_detail_id, quantity, created_date, updated_date, code) VALUES (5, 12, 38, 25, '1973-02-16 10:36:47.3330000', '2013-01-18 18:18:24.8530000', 'ZVULU')
INSERT dbo.cart_detail(id, cart_id, product_detail_id, quantity, created_date, updated_date, code) VALUES (6, 33, 33, 21, '2019-01-16 21:22:11.0010000', '2009-12-07 18:12:44.9990000', 'HXRRD')
INSERT dbo.cart_detail(id, cart_id, product_detail_id, quantity, created_date, updated_date, code) VALUES (7, 4, 4, 59, '2006-05-08 14:02:33.2050000', '1970-05-30 07:21:48.8080000', 'PXRFA')
INSERT dbo.cart_detail(id, cart_id, product_detail_id, quantity, created_date, updated_date, code) VALUES (8, 4, 15, 23, '2001-01-08 01:24:49.5960000', '1982-03-05 22:52:06.8180000', 'LCSOR')
INSERT dbo.cart_detail(id, cart_id, product_detail_id, quantity, created_date, updated_date, code) VALUES (9, 19, 42, 23, '2006-03-30 04:23:53.2790000', '1972-04-30 18:15:45.1680000', 'DEJCF')
INSERT dbo.cart_detail(id, cart_id, product_detail_id, quantity, created_date, updated_date, code) VALUES (10, 1, 41, 87, '2024-05-23 22:20:49.0910000', '2004-07-31 07:52:28.0530000', 'KTYCI')
INSERT dbo.cart_detail(id, cart_id, product_detail_id, quantity, created_date, updated_date, code) VALUES (11, 48, 31, 1, '1988-01-26 19:13:40.2570000', '1999-01-27 05:50:06.5880000', 'PXMGE')
INSERT dbo.cart_detail(id, cart_id, product_detail_id, quantity, created_date, updated_date, code) VALUES (12, 46, 23, 66, '2014-07-03 11:47:10.0130000', '2005-03-06 02:51:59.3220000', 'FONUN')
INSERT dbo.cart_detail(id, cart_id, product_detail_id, quantity, created_date, updated_date, code) VALUES (13, 47, 6, 33, '2012-08-20 18:16:28.8610000', '2013-09-23 10:22:58.7680000', 'XPQWJ')
INSERT dbo.cart_detail(id, cart_id, product_detail_id, quantity, created_date, updated_date, code) VALUES (14, 26, 29, 72, '2019-11-07 15:51:59.3440000', '1985-06-17 01:52:08.9210000', 'CUFAM')
INSERT dbo.cart_detail(id, cart_id, product_detail_id, quantity, created_date, updated_date, code) VALUES (15, 10, 22, 14, '1996-04-09 21:52:32.0980000', '1979-07-09 04:11:50.0180000', 'MADWI')
INSERT dbo.cart_detail(id, cart_id, product_detail_id, quantity, created_date, updated_date, code) VALUES (16, 39, 17, 40, '2020-09-19 13:14:05.2380000', '1990-02-21 11:34:18.0000000', 'KLXPO')
INSERT dbo.cart_detail(id, cart_id, product_detail_id, quantity, created_date, updated_date, code) VALUES (17, 19, 49, 8, '1971-05-21 14:17:26.5280000', '1973-05-01 08:59:23.3170000', 'GBUUI')
INSERT dbo.cart_detail(id, cart_id, product_detail_id, quantity, created_date, updated_date, code) VALUES (18, 24, 16, 91, '2008-10-19 12:43:44.0060000', '2021-07-11 02:57:31.2860000', 'WUJTU')
INSERT dbo.cart_detail(id, cart_id, product_detail_id, quantity, created_date, updated_date, code) VALUES (19, 11, 25, 62, '2004-07-10 21:08:17.0840000', '2023-07-09 05:01:11.5590000', 'XCBLJ')
INSERT dbo.cart_detail(id, cart_id, product_detail_id, quantity, created_date, updated_date, code) VALUES (20, 42, 47, 39, '2003-02-27 10:20:38.2400000', '1988-11-15 12:07:57.1490000', 'QKXIU')
INSERT dbo.cart_detail(id, cart_id, product_detail_id, quantity, created_date, updated_date, code) VALUES (21, 1, 1, 8, '1991-07-29 12:34:21.5650000', '1993-07-19 09:03:24.5500000', 'NGLTF')
INSERT dbo.cart_detail(id, cart_id, product_detail_id, quantity, created_date, updated_date, code) VALUES (22, 23, 7, 80, '1994-12-19 04:45:52.7170000', '2002-05-21 19:23:39.0770000', 'LRSLI')
INSERT dbo.cart_detail(id, cart_id, product_detail_id, quantity, created_date, updated_date, code) VALUES (23, 25, 32, 32, '1998-07-13 10:15:15.9680000', '1979-12-07 18:44:07.7200000', 'FWNCM')
INSERT dbo.cart_detail(id, cart_id, product_detail_id, quantity, created_date, updated_date, code) VALUES (24, 24, 21, 90, '2001-04-23 00:55:31.1990000', '1997-09-20 20:02:12.0690000', 'FOHMT')
INSERT dbo.cart_detail(id, cart_id, product_detail_id, quantity, created_date, updated_date, code) VALUES (25, 32, 45, 64, '2019-07-06 07:10:40.5800000', '1975-01-16 23:58:54.3920000', 'CCUKB')
INSERT dbo.cart_detail(id, cart_id, product_detail_id, quantity, created_date, updated_date, code) VALUES (26, 7, 30, 2, '2014-10-06 03:55:33.9510000', '1972-12-23 15:32:02.0090000', 'GWHZG')
INSERT dbo.cart_detail(id, cart_id, product_detail_id, quantity, created_date, updated_date, code) VALUES (27, 34, 49, 54, '1992-11-12 18:01:43.6520000', '2005-08-03 01:38:13.1350000', 'QUSGX')
INSERT dbo.cart_detail(id, cart_id, product_detail_id, quantity, created_date, updated_date, code) VALUES (28, 24, 31, 35, '2008-12-08 05:53:22.2820000', '2015-04-12 21:20:29.9190000', 'ZQNYX')
INSERT dbo.cart_detail(id, cart_id, product_detail_id, quantity, created_date, updated_date, code) VALUES (29, 25, 32, 1, '1979-12-31 15:30:03.6590000', '2001-02-24 20:31:14.0090000', 'NQWQB')
INSERT dbo.cart_detail(id, cart_id, product_detail_id, quantity, created_date, updated_date, code) VALUES (30, 2, 37, 38, '1979-04-03 12:19:55.3570000', '1991-01-12 18:12:14.0410000', 'NDPWP')
INSERT dbo.cart_detail(id, cart_id, product_detail_id, quantity, created_date, updated_date, code) VALUES (31, 16, 32, 5, '1982-06-26 21:34:35.3950000', '2000-05-11 11:37:32.3710000', 'VQLZF')
INSERT dbo.cart_detail(id, cart_id, product_detail_id, quantity, created_date, updated_date, code) VALUES (32, 25, 19, 26, '2022-12-08 19:42:06.6700000', '2001-02-21 05:18:47.4370000', 'GCFNH')
INSERT dbo.cart_detail(id, cart_id, product_detail_id, quantity, created_date, updated_date, code) VALUES (33, 25, 38, 78, '2020-12-11 17:12:05.7620000', '1983-04-14 13:48:24.1440000', 'UOBPY')
INSERT dbo.cart_detail(id, cart_id, product_detail_id, quantity, created_date, updated_date, code) VALUES (34, 24, 31, 78, '1971-01-12 15:20:49.0030000', '1987-02-18 07:17:32.5080000', 'PSPUO')
INSERT dbo.cart_detail(id, cart_id, product_detail_id, quantity, created_date, updated_date, code) VALUES (35, 28, 25, 64, '1993-04-24 15:29:45.0090000', '2008-07-25 14:32:04.9220000', 'BHSLW')
INSERT dbo.cart_detail(id, cart_id, product_detail_id, quantity, created_date, updated_date, code) VALUES (36, 24, 42, 83, '1971-04-17 02:35:56.2730000', '2000-02-09 17:56:20.2050000', 'AFABN')
INSERT dbo.cart_detail(id, cart_id, product_detail_id, quantity, created_date, updated_date, code) VALUES (37, 11, 4, 43, '2023-08-23 10:18:35.0520000', '2020-03-17 23:35:25.9880000', 'WDGJW')
INSERT dbo.cart_detail(id, cart_id, product_detail_id, quantity, created_date, updated_date, code) VALUES (38, 23, 37, 1, '1982-11-03 13:00:32.5350000', '1971-06-26 22:01:15.5530000', 'XCQQL')
INSERT dbo.cart_detail(id, cart_id, product_detail_id, quantity, created_date, updated_date, code) VALUES (39, 39, 24, 48, '1981-05-22 08:02:14.4140000', '2016-05-05 01:32:05.3380000', 'VVBVP')
INSERT dbo.cart_detail(id, cart_id, product_detail_id, quantity, created_date, updated_date, code) VALUES (40, 27, 43, 8, '1995-09-21 16:06:09.8930000', '1973-09-15 04:32:37.5330000', 'WJDZO')
INSERT dbo.cart_detail(id, cart_id, product_detail_id, quantity, created_date, updated_date, code) VALUES (41, 43, 44, 85, '2018-05-21 21:50:08.0900000', '2001-12-12 01:06:28.4930000', 'OIWBT')
INSERT dbo.cart_detail(id, cart_id, product_detail_id, quantity, created_date, updated_date, code) VALUES (42, 49, 44, 24, '1988-07-02 13:44:52.5700000', '1999-07-02 18:00:33.0030000', 'NCLSV')
INSERT dbo.cart_detail(id, cart_id, product_detail_id, quantity, created_date, updated_date, code) VALUES (43, 14, 25, 99, '2008-07-01 10:52:35.7730000', '2008-09-08 04:16:27.1910000', 'TZOKG')
INSERT dbo.cart_detail(id, cart_id, product_detail_id, quantity, created_date, updated_date, code) VALUES (44, 7, 50, 27, '2024-02-01 09:24:32.4350000', '2018-07-18 03:44:10.8560000', 'ZKWHS')
INSERT dbo.cart_detail(id, cart_id, product_detail_id, quantity, created_date, updated_date, code) VALUES (45, 10, 50, 78, '1984-03-22 09:33:04.4750000', '2010-02-05 23:42:03.2870000', 'CTZRU')
INSERT dbo.cart_detail(id, cart_id, product_detail_id, quantity, created_date, updated_date, code) VALUES (46, 13, 30, 33, '2016-10-25 15:58:25.4080000', '1997-06-15 01:40:18.9940000', 'LWEOK')
INSERT dbo.cart_detail(id, cart_id, product_detail_id, quantity, created_date, updated_date, code) VALUES (47, 20, 8, 8, '1995-12-13 13:25:27.9700000', '2019-08-29 06:22:08.1150000', 'DKBNZ')
INSERT dbo.cart_detail(id, cart_id, product_detail_id, quantity, created_date, updated_date, code) VALUES (48, 26, 37, 26, '2017-07-15 08:54:37.0090000', '2016-04-07 18:10:37.4330000', 'EGIEM')
INSERT dbo.cart_detail(id, cart_id, product_detail_id, quantity, created_date, updated_date, code) VALUES (49, 37, 29, 21, '2022-04-08 19:58:03.2010000', '2020-03-14 07:19:46.3470000', 'LNQGH')
INSERT dbo.cart_detail(id, cart_id, product_detail_id, quantity, created_date, updated_date, code) VALUES (50, 6, 24, 66, '2013-11-26 16:20:22.5120000', '2002-07-02 21:10:40.0080000', 'ICEXX')
GO
SET IDENTITY_INSERT dbo.cart_detail OFF
GO

--
-- Inserting data into table dbo.event_product
--
INSERT dbo.event_product(event_id, product_id) VALUES (2, 1)
INSERT dbo.event_product(event_id, product_id) VALUES (4, 2)
INSERT dbo.event_product(event_id, product_id) VALUES (1, 3)
INSERT dbo.event_product(event_id, product_id) VALUES (4, 4)
INSERT dbo.event_product(event_id, product_id) VALUES (1, 5)
INSERT dbo.event_product(event_id, product_id) VALUES (2, 6)
INSERT dbo.event_product(event_id, product_id) VALUES (1, 7)
INSERT dbo.event_product(event_id, product_id) VALUES (5, 8)
INSERT dbo.event_product(event_id, product_id) VALUES (5, 9)
INSERT dbo.event_product(event_id, product_id) VALUES (5, 10)
INSERT dbo.event_product(event_id, product_id) VALUES (3, 1)
INSERT dbo.event_product(event_id, product_id) VALUES (5, 2)
INSERT dbo.event_product(event_id, product_id) VALUES (1, 3)
INSERT dbo.event_product(event_id, product_id) VALUES (3, 4)
INSERT dbo.event_product(event_id, product_id) VALUES (4, 5)
INSERT dbo.event_product(event_id, product_id) VALUES (4, 6)
INSERT dbo.event_product(event_id, product_id) VALUES (1, 7)
INSERT dbo.event_product(event_id, product_id) VALUES (2, 8)
INSERT dbo.event_product(event_id, product_id) VALUES (4, 9)
INSERT dbo.event_product(event_id, product_id) VALUES (4, 10)
INSERT dbo.event_product(event_id, product_id) VALUES (4, 1)
INSERT dbo.event_product(event_id, product_id) VALUES (3, 2)
INSERT dbo.event_product(event_id, product_id) VALUES (1, 3)
INSERT dbo.event_product(event_id, product_id) VALUES (2, 4)
INSERT dbo.event_product(event_id, product_id) VALUES (2, 5)
INSERT dbo.event_product(event_id, product_id) VALUES (5, 6)
INSERT dbo.event_product(event_id, product_id) VALUES (2, 7)
INSERT dbo.event_product(event_id, product_id) VALUES (5, 8)
INSERT dbo.event_product(event_id, product_id) VALUES (5, 9)
INSERT dbo.event_product(event_id, product_id) VALUES (5, 10)
INSERT dbo.event_product(event_id, product_id) VALUES (3, 1)
INSERT dbo.event_product(event_id, product_id) VALUES (2, 2)
INSERT dbo.event_product(event_id, product_id) VALUES (4, 3)
INSERT dbo.event_product(event_id, product_id) VALUES (3, 4)
INSERT dbo.event_product(event_id, product_id) VALUES (2, 5)
INSERT dbo.event_product(event_id, product_id) VALUES (1, 6)
INSERT dbo.event_product(event_id, product_id) VALUES (1, 7)
INSERT dbo.event_product(event_id, product_id) VALUES (5, 8)
INSERT dbo.event_product(event_id, product_id) VALUES (2, 9)
INSERT dbo.event_product(event_id, product_id) VALUES (3, 10)
INSERT dbo.event_product(event_id, product_id) VALUES (3, 1)
INSERT dbo.event_product(event_id, product_id) VALUES (5, 2)
INSERT dbo.event_product(event_id, product_id) VALUES (2, 3)
INSERT dbo.event_product(event_id, product_id) VALUES (5, 4)
INSERT dbo.event_product(event_id, product_id) VALUES (1, 5)
INSERT dbo.event_product(event_id, product_id) VALUES (5, 6)
INSERT dbo.event_product(event_id, product_id) VALUES (1, 7)
INSERT dbo.event_product(event_id, product_id) VALUES (5, 8)
INSERT dbo.event_product(event_id, product_id) VALUES (2, 9)
INSERT dbo.event_product(event_id, product_id) VALUES (2, 10)
GO

--
-- Inserting data into table dbo.history
--
SET IDENTITY_INSERT dbo.history ON
GO
INSERT dbo.history(id, account_id, order_id, created_date, updated_date, note, status) VALUES (1, 38, 45, '1987-08-26 10:14:02.5200000', '2009-02-17 22:03:23.9420000', N'XH77Q336372WS9B7EEBEBT9182416', 'TOSHIP')
INSERT dbo.history(id, account_id, order_id, created_date, updated_date, note, status) VALUES (2, 16, 15, '1972-03-03 19:37:07.7290000', '1975-11-05 15:15:55.1270000', N'JLT3650N', 'CANCELED')
INSERT dbo.history(id, account_id, order_id, created_date, updated_date, note, status) VALUES (3, 36, 34, '2018-02-18 20:51:52.9400000', '1986-12-06 23:42:38.3330000', N'W1COV45SP4H57T68KR8OY413Y60UV36CKWX', 'TORECEIVE')
INSERT dbo.history(id, account_id, order_id, created_date, updated_date, note, status) VALUES (4, 16, 1, '1972-07-12 02:25:35.1330000', '1976-04-06 13:01:29.9470000', N'61HJ2G3CL4ZJC3W', 'CANCELED')
INSERT dbo.history(id, account_id, order_id, created_date, updated_date, note, status) VALUES (5, 10, 28, '1985-06-17 18:43:01.7220000', '2022-06-19 21:53:51.0090000', N'A4Q6KL4HML7837Y20X4U', 'PENDING')
INSERT dbo.history(id, account_id, order_id, created_date, updated_date, note, status) VALUES (6, 5, 25, '2017-05-20 19:38:27.6300000', '1975-01-22 14:58:20.0310000', N'L9V1BDTG8JOBL', 'TORECEIVE')
INSERT dbo.history(id, account_id, order_id, created_date, updated_date, note, status) VALUES (7, 46, 49, '1992-04-08 22:22:53.5690000', '1990-11-11 11:00:04.4820000', N'AM456141TQ7QN37Y76QAIT1KL2V030ZXZG', 'DELIVERED')
INSERT dbo.history(id, account_id, order_id, created_date, updated_date, note, status) VALUES (8, 39, 32, '1977-02-20 10:03:07.7500000', '2013-09-26 03:04:40.0350000', N'E90B7U', 'PENDING')
INSERT dbo.history(id, account_id, order_id, created_date, updated_date, note, status) VALUES (9, 11, 35, '2002-03-01 19:45:59.7240000', '1976-02-10 23:18:57.5490000', N'C10', 'TOSHIP')
INSERT dbo.history(id, account_id, order_id, created_date, updated_date, note, status) VALUES (10, 22, 23, '1974-07-28 06:44:06.2320000', '1985-04-23 15:31:43.0060000', N'BLH6J2', 'TORECEIVE')
INSERT dbo.history(id, account_id, order_id, created_date, updated_date, note, status) VALUES (11, 40, 27, '2004-04-21 00:31:55.8780000', '1986-01-25 18:02:21.1110000', N'817129XI2G41649X68D4I26C51X24I0W2PTQ0CY0NF', 'PENDING')
INSERT dbo.history(id, account_id, order_id, created_date, updated_date, note, status) VALUES (12, 40, 14, '1974-11-01 10:16:17.9420000', '1995-12-18 00:43:52.4040000', N'NN305Q18WWI9G6', 'PENDING')
INSERT dbo.history(id, account_id, order_id, created_date, updated_date, note, status) VALUES (13, 4, 31, '2019-05-06 07:19:29.8310000', '1975-09-29 10:41:01.6000000', N'7E70Z84CUDTSUX3L45LPK', 'DELIVERED')
INSERT dbo.history(id, account_id, order_id, created_date, updated_date, note, status) VALUES (14, 1, 48, '1979-12-15 04:31:08.9080000', '1978-11-13 17:19:07.5520000', N'I90OQ5CUXNPW0O4HSQH8V6P4RB4EOP0XUT555550C04ALPYWDV69JG8P1GXH54JW0IFJOB5457T9X06R0M35W375R06VENB9304BV1A1H3', 'PENDING')
INSERT dbo.history(id, account_id, order_id, created_date, updated_date, note, status) VALUES (15, 29, 10, '1989-05-21 19:11:47.3300000', '2016-05-13 11:14:55.3620000', N'1O2MP450X2OTT4C0AJ2', 'TOSHIP')
INSERT dbo.history(id, account_id, order_id, created_date, updated_date, note, status) VALUES (16, 50, 6, '2020-10-15 17:07:27.0040000', '2012-10-03 13:33:32.0030000', N'439FCIS012Z553XWSW47675ZCU179Y5052642572', 'TORECEIVE')
INSERT dbo.history(id, account_id, order_id, created_date, updated_date, note, status) VALUES (17, 17, 22, '2024-03-02 21:49:28.0500000', '2024-01-24 19:01:14.8920000', N'I9KRV6E7KMZRV64RGSV62WT6V80304E5OX4JHBVS3W3MN93G6A4XYM2576XQ3P570VE653P0M260S3', 'TOSHIP')
INSERT dbo.history(id, account_id, order_id, created_date, updated_date, note, status) VALUES (18, 36, 14, '2020-06-26 22:57:56.5870000', '1972-12-22 17:57:30.3740000', N'U66Z8RUDUVG9B1NADJT6VN4VC476WSOQUMTE39E94A0WS86ZFP26755I7272N78WXZD212W6MI4ZTHZ420SK', 'CANCELED')
INSERT dbo.history(id, account_id, order_id, created_date, updated_date, note, status) VALUES (19, 50, 26, '2021-11-08 03:00:32.0050000', '2001-07-09 00:17:08.7360000', N'GRZ3W27F512NE6FLQR5N70SJL9X99WVF736CU7H0S59C1722G794B4G92V09T9F9', 'TORECEIVE')
INSERT dbo.history(id, account_id, order_id, created_date, updated_date, note, status) VALUES (20, 3, 13, '2016-10-04 04:54:06.8640000', '1979-10-16 17:56:16.6400000', N'6VF2QH94N3U9YB4WAU2P5J3Z28J1M39201A9', 'TOSHIP')
INSERT dbo.history(id, account_id, order_id, created_date, updated_date, note, status) VALUES (21, 5, 43, '2008-10-11 04:01:59.5040000', '2000-08-21 09:15:39.0190000', N'IBPNS5IWZYDE0063L9W32372MN8760HVA01U26AL26', 'DELIVERED')
INSERT dbo.history(id, account_id, order_id, created_date, updated_date, note, status) VALUES (22, 6, 16, '2008-12-05 03:03:52.4960000', '2004-02-10 00:29:01.0760000', N'10N99Z1B0ASAO71897WOHS8OT61FHW9LSQI96C0183BJ59IHOQA9OGHT28R03EVP6T9EQCVE0DL7J83', 'DELIVERED')
INSERT dbo.history(id, account_id, order_id, created_date, updated_date, note, status) VALUES (23, 1, 29, '1970-10-30 05:14:54.0020000', '1989-08-12 01:25:29.6980000', N'YM1', 'TOSHIP')
INSERT dbo.history(id, account_id, order_id, created_date, updated_date, note, status) VALUES (24, 41, 26, '1995-12-11 18:30:53.0200000', '1992-10-05 23:22:05.7930000', N'JW0AGT', 'PENDING')
INSERT dbo.history(id, account_id, order_id, created_date, updated_date, note, status) VALUES (25, 2, 32, '1985-07-13 10:38:07.3540000', '1993-12-13 07:58:38.0740000', N'450KU7I16XRL12OG435Y17', 'TORECEIVE')
INSERT dbo.history(id, account_id, order_id, created_date, updated_date, note, status) VALUES (26, 31, 12, '2009-04-21 17:24:10.3490000', '1992-07-27 18:50:12.0330000', N'DZM4P6', 'CANCELED')
INSERT dbo.history(id, account_id, order_id, created_date, updated_date, note, status) VALUES (27, 31, 44, '1984-04-25 09:54:51.1620000', '2001-06-01 06:25:08.1990000', N'9500CUA1M565O22WHJ2F6X9N4Z9ZMV6Z6IEUX690U22M9Q7613BCN66WD25L512', 'TORECEIVE')
INSERT dbo.history(id, account_id, order_id, created_date, updated_date, note, status) VALUES (28, 2, 7, '2003-03-16 10:55:33.6510000', '2005-12-25 17:31:24.5760000', N'93D7183K3O6', 'PENDING')
INSERT dbo.history(id, account_id, order_id, created_date, updated_date, note, status) VALUES (29, 29, 46, '2009-03-10 15:55:09.0520000', '2014-07-01 07:58:00.2350000', N'92G423KJ35QQN24LA83FM37W808XKF8F0L1G966A26W78TXS6JQU5T5H1O1813G86', 'TOSHIP')
INSERT dbo.history(id, account_id, order_id, created_date, updated_date, note, status) VALUES (30, 25, 16, '2022-11-09 03:50:05.0060000', '2004-01-06 23:10:50.6960000', N'W10MUP77LVLJ6RPTB35UYFNSG244AHK96S0AR49315', 'PENDING')
INSERT dbo.history(id, account_id, order_id, created_date, updated_date, note, status) VALUES (31, 45, 17, '2003-10-09 01:56:56.0360000', '1974-12-02 08:53:19.0100000', N'648FO886W14301FEA90BKUX', 'TORECEIVE')
INSERT dbo.history(id, account_id, order_id, created_date, updated_date, note, status) VALUES (32, 49, 42, '2024-05-20 11:40:12.9270000', '1984-07-18 08:14:14.4550000', N'Z5568WRZ8Y', 'TOSHIP')
INSERT dbo.history(id, account_id, order_id, created_date, updated_date, note, status) VALUES (33, 42, 40, '2022-08-13 14:29:15.0010000', '2024-03-20 04:12:58.0020000', N'1P6250', 'TOSHIP')
INSERT dbo.history(id, account_id, order_id, created_date, updated_date, note, status) VALUES (34, 36, 37, '2015-06-04 00:22:21.3650000', '1971-08-21 04:29:26.1180000', N'8E4BRJ4499J3C873PIJ8B558S63O', 'DELIVERED')
INSERT dbo.history(id, account_id, order_id, created_date, updated_date, note, status) VALUES (35, 42, 27, '2022-11-13 07:25:52.3760000', '2015-02-18 19:49:59.6910000', N'FVPOCI', 'CANCELED')
INSERT dbo.history(id, account_id, order_id, created_date, updated_date, note, status) VALUES (36, 7, 13, '1993-10-01 22:09:27.0040000', '1990-07-07 22:43:26.1290000', N'4085652PJ1B3M4DW4S5BA5CE1SU8E857QB06M91N6NFA4113', 'TOSHIP')
INSERT dbo.history(id, account_id, order_id, created_date, updated_date, note, status) VALUES (37, 4, 45, '1973-09-27 10:23:46.5990000', '1980-06-20 09:06:17.7960000', N'29F4244408PN0C', 'PENDING')
INSERT dbo.history(id, account_id, order_id, created_date, updated_date, note, status) VALUES (38, 25, 45, '2008-04-13 01:34:20.4050000', '2000-06-06 18:57:21.9680000', N'0Q61B846G51IH097ZRKNQ3WV97CL1KNWL30V489O178O1543VT62B4FQ5Q4', 'TOSHIP')
INSERT dbo.history(id, account_id, order_id, created_date, updated_date, note, status) VALUES (39, 44, 39, '2023-09-20 11:22:00.0710000', '2004-03-28 09:18:29.4360000', N'51227186ZGYO353F3NSKNOOX355Q9U1K21C0X6Y159S3V7Z50UU79G', 'PENDING')
INSERT dbo.history(id, account_id, order_id, created_date, updated_date, note, status) VALUES (40, 22, 13, '2006-08-01 17:57:29.0510000', '1994-05-03 11:31:39.0090000', N'AA7Q6W32GM6W64Z3', 'PENDING')
INSERT dbo.history(id, account_id, order_id, created_date, updated_date, note, status) VALUES (41, 43, 50, '1971-01-27 23:38:36.6000000', '1971-05-12 22:46:06.0090000', N'VK2U50GY25OT361BK', 'TOSHIP')
INSERT dbo.history(id, account_id, order_id, created_date, updated_date, note, status) VALUES (42, 49, 34, '1972-12-19 09:24:49.3250000', '2024-03-26 15:09:40.1930000', N'5Z6XZ', 'TOSHIP')
INSERT dbo.history(id, account_id, order_id, created_date, updated_date, note, status) VALUES (43, 6, 16, '2017-11-20 13:16:40.2470000', '1981-10-26 02:10:52.3580000', N'PVHEI36BFKIUGZ11GJTH8DNBP9RG85YIGT9L9', 'TOSHIP')
INSERT dbo.history(id, account_id, order_id, created_date, updated_date, note, status) VALUES (44, 9, 22, '2022-09-10 15:11:08.2250000', '1981-10-19 20:04:59.0980000', N'4AWNK7E0C2144DR0WHP3AZ1DII6DG4OLM1QMLFG6', 'CANCELED')
INSERT dbo.history(id, account_id, order_id, created_date, updated_date, note, status) VALUES (45, 8, 9, '2001-03-06 04:21:05.9620000', '1993-02-26 08:14:48.7190000', N'QU3MU8C9D5QC69193R55X4D', 'PENDING')
INSERT dbo.history(id, account_id, order_id, created_date, updated_date, note, status) VALUES (46, 39, 19, '1982-06-23 02:34:11.0050000', '1994-07-26 09:27:37.8380000', N'99I8IXF33O1K9TQM8R0U0LM300CAP4L1938E7T9M1C83ZS6128979NNIWR6FY811YW8Q66O9JCCOK1H40IOO8Y800S1217I00KS49E6309YS2KSJDO615W7742D292UP4J718NG75LUOJI54K59WZ', 'DELIVERED')
INSERT dbo.history(id, account_id, order_id, created_date, updated_date, note, status) VALUES (47, 5, 14, '2017-10-30 19:29:39.7280000', '1987-08-14 13:43:39.3220000', N'LR93KYD3ACYAHL25H00FI6C76O4F35JFJA178859W6509B2L', 'TORECEIVE')
INSERT dbo.history(id, account_id, order_id, created_date, updated_date, note, status) VALUES (48, 30, 5, '2023-12-18 23:42:44.8600000', '2012-03-23 14:40:52.0690000', N'VJ5LN675NXJTBZ0844Y508', 'PENDING')
INSERT dbo.history(id, account_id, order_id, created_date, updated_date, note, status) VALUES (49, 7, 37, '2000-02-08 20:06:29.0680000', '2011-07-21 11:21:18.5970000', N'WNG5HX0', 'TOSHIP')
INSERT dbo.history(id, account_id, order_id, created_date, updated_date, note, status) VALUES (50, 44, 38, '1974-01-14 22:35:52.3340000', '2009-12-28 12:56:52.6860000', N'5MK79U2DT74A72C102F717W8G', 'TOSHIP')
GO
SET IDENTITY_INSERT dbo.history OFF
GO

--
-- Inserting data into table dbo.order_detail
--
SET IDENTITY_INSERT dbo.order_detail ON
GO
INSERT dbo.order_detail(id, average_discount_event, deleted, order_id, product_detail_id, quantity, created_date, updated_date) VALUES (1, 3.64, 1, 16, 49, 37, '1994-08-19 22:44:58.0300000', '2016-02-12 10:34:19.0400000')
INSERT dbo.order_detail(id, average_discount_event, deleted, order_id, product_detail_id, quantity, created_date, updated_date) VALUES (2, 8.76, 0, 21, 5, 1, '1978-10-23 14:57:19.4000000', '2011-05-14 03:20:27.9950000')
INSERT dbo.order_detail(id, average_discount_event, deleted, order_id, product_detail_id, quantity, created_date, updated_date) VALUES (3, 35.4, 0, 20, 40, 70, '1986-07-17 03:04:36.3040000', '1992-01-06 19:22:15.4180000')
INSERT dbo.order_detail(id, average_discount_event, deleted, order_id, product_detail_id, quantity, created_date, updated_date) VALUES (4, 41.35, 0, 14, 13, 88, '1994-09-07 03:10:26.4030000', '2020-11-14 11:59:40.5250000')
INSERT dbo.order_detail(id, average_discount_event, deleted, order_id, product_detail_id, quantity, created_date, updated_date) VALUES (5, 28.14, 1, 2, 49, 41, '1999-08-24 11:19:35.5560000', '1996-07-24 08:15:49.2650000')
INSERT dbo.order_detail(id, average_discount_event, deleted, order_id, product_detail_id, quantity, created_date, updated_date) VALUES (6, 23.72, 0, 23, 35, 37, '1995-10-19 13:35:35.0080000', '1981-05-29 00:10:12.6530000')
INSERT dbo.order_detail(id, average_discount_event, deleted, order_id, product_detail_id, quantity, created_date, updated_date) VALUES (7, 4.28, 0, 6, 9, 60, '2014-08-29 13:44:27.1210000', '1972-02-17 10:02:39.0560000')
INSERT dbo.order_detail(id, average_discount_event, deleted, order_id, product_detail_id, quantity, created_date, updated_date) VALUES (8, 16.93, 1, 38, 11, 84, '1992-11-01 00:32:03.3190000', '2002-01-16 01:37:03.4780000')
INSERT dbo.order_detail(id, average_discount_event, deleted, order_id, product_detail_id, quantity, created_date, updated_date) VALUES (9, 32.25, 0, 7, 28, 46, '1995-03-13 00:32:04.0030000', '1999-08-14 14:20:44.0120000')
INSERT dbo.order_detail(id, average_discount_event, deleted, order_id, product_detail_id, quantity, created_date, updated_date) VALUES (10, 0.21, 1, 20, 22, 2, '2017-01-18 01:34:36.5720000', '1982-05-26 12:40:26.2780000')
INSERT dbo.order_detail(id, average_discount_event, deleted, order_id, product_detail_id, quantity, created_date, updated_date) VALUES (11, 0.49, 0, 1, 24, 52, '1993-09-14 07:19:08.3240000', '2004-01-18 17:40:53.3050000')
INSERT dbo.order_detail(id, average_discount_event, deleted, order_id, product_detail_id, quantity, created_date, updated_date) VALUES (12, 2.17, 1, 17, 28, 46, '1990-09-25 16:23:29.0970000', '1992-08-23 07:56:12.1250000')
INSERT dbo.order_detail(id, average_discount_event, deleted, order_id, product_detail_id, quantity, created_date, updated_date) VALUES (13, 0.59, 1, 30, 41, 58, '1995-12-01 23:15:49.2530000', '2002-03-01 12:56:35.7540000')
INSERT dbo.order_detail(id, average_discount_event, deleted, order_id, product_detail_id, quantity, created_date, updated_date) VALUES (14, 9.86, 0, 28, 8, 91, '1987-08-18 01:04:00.4060000', '1996-10-26 09:21:43.6250000')
INSERT dbo.order_detail(id, average_discount_event, deleted, order_id, product_detail_id, quantity, created_date, updated_date) VALUES (15, 45.09, 0, 15, 12, 87, '1979-11-12 17:06:22.4850000', '2008-06-21 08:54:40.0690000')
INSERT dbo.order_detail(id, average_discount_event, deleted, order_id, product_detail_id, quantity, created_date, updated_date) VALUES (16, 2.66, 1, 40, 44, 7, '1984-06-11 23:13:37.0070000', '1997-12-02 20:14:05.9330000')
INSERT dbo.order_detail(id, average_discount_event, deleted, order_id, product_detail_id, quantity, created_date, updated_date) VALUES (17, 30.12, 0, 12, 8, 37, '1986-09-07 19:37:42.0810000', '2022-01-21 14:27:48.8020000')
INSERT dbo.order_detail(id, average_discount_event, deleted, order_id, product_detail_id, quantity, created_date, updated_date) VALUES (18, 9.15, 0, 48, 30, 10, '1983-07-11 09:54:58.0800000', '2013-12-12 16:43:24.6860000')
INSERT dbo.order_detail(id, average_discount_event, deleted, order_id, product_detail_id, quantity, created_date, updated_date) VALUES (19, 24.7, 1, 2, 3, 65, '2007-05-10 20:48:03.0210000', '1994-06-11 03:28:02.0530000')
INSERT dbo.order_detail(id, average_discount_event, deleted, order_id, product_detail_id, quantity, created_date, updated_date) VALUES (20, 2.67, 0, 2, 5, 63, '1974-02-04 22:04:11.9440000', '2007-11-30 07:37:31.7400000')
INSERT dbo.order_detail(id, average_discount_event, deleted, order_id, product_detail_id, quantity, created_date, updated_date) VALUES (21, 38.92, 1, 28, 39, 5, '2002-12-28 21:53:57.5880000', '1983-10-21 04:33:01.2690000')
INSERT dbo.order_detail(id, average_discount_event, deleted, order_id, product_detail_id, quantity, created_date, updated_date) VALUES (22, 2.66, 0, 8, 36, 38, '2005-07-22 08:46:10.6580000', '2010-12-31 20:30:17.3400000')
INSERT dbo.order_detail(id, average_discount_event, deleted, order_id, product_detail_id, quantity, created_date, updated_date) VALUES (23, 38.09, 1, 6, 45, 15, '1988-10-30 07:14:27.5540000', '2024-03-30 23:26:13.8440000')
INSERT dbo.order_detail(id, average_discount_event, deleted, order_id, product_detail_id, quantity, created_date, updated_date) VALUES (24, 16.72, 1, 27, 34, 97, '1975-04-07 06:17:23.3480000', '1975-05-26 08:08:06.2140000')
INSERT dbo.order_detail(id, average_discount_event, deleted, order_id, product_detail_id, quantity, created_date, updated_date) VALUES (25, 40.82, 1, 41, 29, 81, '1989-12-24 04:21:50.7900000', '2007-08-23 19:17:26.4050000')
INSERT dbo.order_detail(id, average_discount_event, deleted, order_id, product_detail_id, quantity, created_date, updated_date) VALUES (26, 42.03, 0, 36, 18, 48, '2022-01-21 06:16:25.0900000', '2021-04-06 06:34:39.0650000')
INSERT dbo.order_detail(id, average_discount_event, deleted, order_id, product_detail_id, quantity, created_date, updated_date) VALUES (27, 3.37, 0, 18, 1, 6, '2014-09-21 14:36:57.6150000', '1999-05-10 07:04:58.7580000')
INSERT dbo.order_detail(id, average_discount_event, deleted, order_id, product_detail_id, quantity, created_date, updated_date) VALUES (28, 32.08, 0, 7, 16, 22, '1982-07-24 02:19:18.0090000', '2019-05-16 22:07:41.7110000')
INSERT dbo.order_detail(id, average_discount_event, deleted, order_id, product_detail_id, quantity, created_date, updated_date) VALUES (29, 15.48, 1, 28, 25, 53, '2014-09-21 18:35:43.9560000', '1979-02-24 21:12:33.9440000')
INSERT dbo.order_detail(id, average_discount_event, deleted, order_id, product_detail_id, quantity, created_date, updated_date) VALUES (30, 30.68, 1, 41, 17, 88, '2014-05-07 09:31:51.0980000', '1993-09-04 15:05:10.6480000')
INSERT dbo.order_detail(id, average_discount_event, deleted, order_id, product_detail_id, quantity, created_date, updated_date) VALUES (31, 33.68, 1, 4, 24, 65, '1984-07-28 15:32:59.4180000', '2009-10-17 08:13:35.7990000')
INSERT dbo.order_detail(id, average_discount_event, deleted, order_id, product_detail_id, quantity, created_date, updated_date) VALUES (32, 13.98, 0, 21, 17, 38, '2005-03-12 18:10:28.0830000', '1982-09-03 19:30:00.5990000')
INSERT dbo.order_detail(id, average_discount_event, deleted, order_id, product_detail_id, quantity, created_date, updated_date) VALUES (33, 34, 0, 6, 39, 80, '2019-04-06 00:10:40.2940000', '2005-08-06 11:47:09.0080000')
INSERT dbo.order_detail(id, average_discount_event, deleted, order_id, product_detail_id, quantity, created_date, updated_date) VALUES (34, 34.31, 0, 31, 6, 1, '2015-03-24 20:46:26.4590000', '1979-08-16 05:40:48.0160000')
INSERT dbo.order_detail(id, average_discount_event, deleted, order_id, product_detail_id, quantity, created_date, updated_date) VALUES (35, 10.04, 1, 10, 40, 38, '1987-10-20 00:05:31.3950000', '1978-02-14 14:53:35.0980000')
INSERT dbo.order_detail(id, average_discount_event, deleted, order_id, product_detail_id, quantity, created_date, updated_date) VALUES (36, 8.98, 0, 14, 25, 5, '2010-01-03 07:52:39.0780000', '1987-02-12 22:58:40.6460000')
INSERT dbo.order_detail(id, average_discount_event, deleted, order_id, product_detail_id, quantity, created_date, updated_date) VALUES (37, 38.34, 0, 16, 47, 9, '1971-03-18 00:26:09.3180000', '2019-02-02 04:17:22.3390000')
INSERT dbo.order_detail(id, average_discount_event, deleted, order_id, product_detail_id, quantity, created_date, updated_date) VALUES (38, 22.46, 0, 7, 23, 4, '1989-11-11 08:07:51.4330000', '1993-02-28 15:48:54.0870000')
INSERT dbo.order_detail(id, average_discount_event, deleted, order_id, product_detail_id, quantity, created_date, updated_date) VALUES (39, 8.58, 1, 9, 8, 7, '2014-10-21 11:45:44.0520000', '2014-12-16 18:16:45.1550000')
INSERT dbo.order_detail(id, average_discount_event, deleted, order_id, product_detail_id, quantity, created_date, updated_date) VALUES (40, 4.23, 0, 30, 8, 78, '1985-06-16 17:09:11.0800000', '1996-06-13 04:38:31.6950000')
INSERT dbo.order_detail(id, average_discount_event, deleted, order_id, product_detail_id, quantity, created_date, updated_date) VALUES (41, 34.83, 0, 49, 28, 7, '2020-02-28 17:08:50.0080000', '2019-10-28 08:59:52.4600000')
INSERT dbo.order_detail(id, average_discount_event, deleted, order_id, product_detail_id, quantity, created_date, updated_date) VALUES (42, 42.89, 1, 27, 46, 1, '1994-08-03 18:30:53.0500000', '1988-07-29 18:29:15.2930000')
INSERT dbo.order_detail(id, average_discount_event, deleted, order_id, product_detail_id, quantity, created_date, updated_date) VALUES (43, 40.62, 0, 10, 15, 91, '2000-04-04 11:17:30.3020000', '1980-03-27 15:45:38.4960000')
INSERT dbo.order_detail(id, average_discount_event, deleted, order_id, product_detail_id, quantity, created_date, updated_date) VALUES (44, 25.73, 0, 30, 19, 51, '2016-02-28 08:31:39.7690000', '2012-06-17 01:40:38.9210000')
INSERT dbo.order_detail(id, average_discount_event, deleted, order_id, product_detail_id, quantity, created_date, updated_date) VALUES (45, 13.83, 0, 50, 8, 99, '2022-09-27 04:38:20.3360000', '2002-05-23 22:16:51.7630000')
INSERT dbo.order_detail(id, average_discount_event, deleted, order_id, product_detail_id, quantity, created_date, updated_date) VALUES (46, 30.08, 0, 9, 9, 8, '2018-05-16 15:10:37.4580000', '1999-05-05 17:18:37.3250000')
INSERT dbo.order_detail(id, average_discount_event, deleted, order_id, product_detail_id, quantity, created_date, updated_date) VALUES (47, 17.77, 0, 45, 27, 69, '1972-06-15 16:29:30.8310000', '1979-11-01 19:40:42.2790000')
INSERT dbo.order_detail(id, average_discount_event, deleted, order_id, product_detail_id, quantity, created_date, updated_date) VALUES (48, 40.58, 0, 47, 8, 8, '2001-03-15 02:34:52.7370000', '2013-03-10 16:23:54.9260000')
INSERT dbo.order_detail(id, average_discount_event, deleted, order_id, product_detail_id, quantity, created_date, updated_date) VALUES (49, 34.21, 1, 45, 7, 75, '1979-12-07 04:53:01.0030000', '2012-03-27 03:55:40.1950000')
INSERT dbo.order_detail(id, average_discount_event, deleted, order_id, product_detail_id, quantity, created_date, updated_date) VALUES (50, 28.06, 1, 9, 17, 46, '2006-11-01 13:55:59.0020000', '1997-05-05 03:24:00.0860000')
GO
SET IDENTITY_INSERT dbo.order_detail OFF
GO

--
-- Inserting data into table dbo.product_detail_image
--
INSERT dbo.product_detail_image(image_id, product_detail_id) VALUES (12, 4)
INSERT dbo.product_detail_image(image_id, product_detail_id) VALUES (27, 7)
INSERT dbo.product_detail_image(image_id, product_detail_id) VALUES (9, 46)
INSERT dbo.product_detail_image(image_id, product_detail_id) VALUES (22, 33)
INSERT dbo.product_detail_image(image_id, product_detail_id) VALUES (46, 37)
INSERT dbo.product_detail_image(image_id, product_detail_id) VALUES (16, 32)
INSERT dbo.product_detail_image(image_id, product_detail_id) VALUES (38, 31)
INSERT dbo.product_detail_image(image_id, product_detail_id) VALUES (17, 16)
INSERT dbo.product_detail_image(image_id, product_detail_id) VALUES (30, 13)
INSERT dbo.product_detail_image(image_id, product_detail_id) VALUES (37, 46)
INSERT dbo.product_detail_image(image_id, product_detail_id) VALUES (14, 49)
INSERT dbo.product_detail_image(image_id, product_detail_id) VALUES (36, 21)
INSERT dbo.product_detail_image(image_id, product_detail_id) VALUES (14, 21)
INSERT dbo.product_detail_image(image_id, product_detail_id) VALUES (7, 1)
INSERT dbo.product_detail_image(image_id, product_detail_id) VALUES (9, 22)
INSERT dbo.product_detail_image(image_id, product_detail_id) VALUES (32, 24)
INSERT dbo.product_detail_image(image_id, product_detail_id) VALUES (9, 5)
INSERT dbo.product_detail_image(image_id, product_detail_id) VALUES (40, 38)
INSERT dbo.product_detail_image(image_id, product_detail_id) VALUES (22, 47)
INSERT dbo.product_detail_image(image_id, product_detail_id) VALUES (43, 38)
INSERT dbo.product_detail_image(image_id, product_detail_id) VALUES (21, 47)
INSERT dbo.product_detail_image(image_id, product_detail_id) VALUES (38, 41)
INSERT dbo.product_detail_image(image_id, product_detail_id) VALUES (15, 48)
INSERT dbo.product_detail_image(image_id, product_detail_id) VALUES (45, 20)
INSERT dbo.product_detail_image(image_id, product_detail_id) VALUES (17, 9)
INSERT dbo.product_detail_image(image_id, product_detail_id) VALUES (9, 41)
INSERT dbo.product_detail_image(image_id, product_detail_id) VALUES (6, 37)
INSERT dbo.product_detail_image(image_id, product_detail_id) VALUES (32, 11)
INSERT dbo.product_detail_image(image_id, product_detail_id) VALUES (28, 45)
INSERT dbo.product_detail_image(image_id, product_detail_id) VALUES (39, 34)
INSERT dbo.product_detail_image(image_id, product_detail_id) VALUES (20, 24)
INSERT dbo.product_detail_image(image_id, product_detail_id) VALUES (29, 49)
INSERT dbo.product_detail_image(image_id, product_detail_id) VALUES (26, 23)
INSERT dbo.product_detail_image(image_id, product_detail_id) VALUES (34, 43)
INSERT dbo.product_detail_image(image_id, product_detail_id) VALUES (11, 43)
INSERT dbo.product_detail_image(image_id, product_detail_id) VALUES (8, 21)
INSERT dbo.product_detail_image(image_id, product_detail_id) VALUES (30, 9)
INSERT dbo.product_detail_image(image_id, product_detail_id) VALUES (12, 8)
INSERT dbo.product_detail_image(image_id, product_detail_id) VALUES (35, 34)
INSERT dbo.product_detail_image(image_id, product_detail_id) VALUES (29, 26)
INSERT dbo.product_detail_image(image_id, product_detail_id) VALUES (37, 20)
INSERT dbo.product_detail_image(image_id, product_detail_id) VALUES (10, 23)
INSERT dbo.product_detail_image(image_id, product_detail_id) VALUES (4, 20)
INSERT dbo.product_detail_image(image_id, product_detail_id) VALUES (40, 37)
INSERT dbo.product_detail_image(image_id, product_detail_id) VALUES (36, 7)
INSERT dbo.product_detail_image(image_id, product_detail_id) VALUES (21, 17)
INSERT dbo.product_detail_image(image_id, product_detail_id) VALUES (12, 46)
INSERT dbo.product_detail_image(image_id, product_detail_id) VALUES (21, 41)
INSERT dbo.product_detail_image(image_id, product_detail_id) VALUES (22, 28)
INSERT dbo.product_detail_image(image_id, product_detail_id) VALUES (4, 22)
GO

--
-- Inserting data into table dbo.tokens
--
SET IDENTITY_INSERT dbo.tokens ON
GO
INSERT dbo.tokens(id, account_id, expired, is_mobile, revoked, created_date, expiration_date, refresh_expiration_date, updated_date, token_type, refresh_token, token) VALUES (1, 17, 0, 1, 0, '2007-05-17 16:16:26.6120000', '1999-12-06 14:23:55.2050000', '1973-03-05 05:01:10.0200000', '2000-03-14 04:17:32.1610000', 'JGQE', 'CLUM', 'CCUJ')
INSERT dbo.tokens(id, account_id, expired, is_mobile, revoked, created_date, expiration_date, refresh_expiration_date, updated_date, token_type, refresh_token, token) VALUES (2, 13, 1, 0, 0, '1992-05-28 17:21:33.8920000', '1982-02-05 22:28:18.4870000', '1989-05-14 22:58:33.2660000', '1977-08-27 21:09:58.1480000', 'PETN', 'LGHZ', 'QGNF')
INSERT dbo.tokens(id, account_id, expired, is_mobile, revoked, created_date, expiration_date, refresh_expiration_date, updated_date, token_type, refresh_token, token) VALUES (3, 33, 0, 1, 1, '2021-08-07 23:39:31.0130000', '2014-03-05 16:03:22.0810000', '2018-01-09 23:02:45.0010000', '1981-05-24 16:28:55.5210000', 'IYTF', 'MCNU', 'UKPR')
INSERT dbo.tokens(id, account_id, expired, is_mobile, revoked, created_date, expiration_date, refresh_expiration_date, updated_date, token_type, refresh_token, token) VALUES (4, 18, 1, 1, 0, '1985-02-18 00:57:26.6390000', '1990-08-26 13:58:31.5060000', '1974-10-26 22:20:24.4730000', '2021-02-18 16:33:41.3680000', 'SFUS', 'QDEX', 'VFFW')
INSERT dbo.tokens(id, account_id, expired, is_mobile, revoked, created_date, expiration_date, refresh_expiration_date, updated_date, token_type, refresh_token, token) VALUES (5, 27, 1, 0, 1, '2003-05-12 18:18:39.3570000', '1973-12-21 10:21:23.0830000', '1995-03-12 06:25:45.5620000', '1984-04-08 13:47:22.4710000', 'XYCV', 'SMPA', 'AQBR')
INSERT dbo.tokens(id, account_id, expired, is_mobile, revoked, created_date, expiration_date, refresh_expiration_date, updated_date, token_type, refresh_token, token) VALUES (6, 35, 1, 1, 1, '2002-12-19 12:05:52.1870000', '2019-05-01 03:05:14.3740000', '1971-10-17 10:15:05.0160000', '1983-03-09 03:17:36.3210000', 'LNGC', 'SIAM', 'HSJK')
INSERT dbo.tokens(id, account_id, expired, is_mobile, revoked, created_date, expiration_date, refresh_expiration_date, updated_date, token_type, refresh_token, token) VALUES (7, 50, 0, 1, 0, '1988-07-18 11:41:38.0570000', '1984-07-02 03:06:43.4260000', '2023-09-01 16:35:50.7430000', '1977-04-25 22:52:50.3630000', 'QLWD', 'CLIT', 'QTFA')
INSERT dbo.tokens(id, account_id, expired, is_mobile, revoked, created_date, expiration_date, refresh_expiration_date, updated_date, token_type, refresh_token, token) VALUES (8, 40, 1, 0, 1, '2015-10-01 12:03:52.9580000', '1970-08-13 06:24:30.3590000', '1980-08-24 06:15:39.0700000', '2002-06-15 21:45:19.2790000', 'JTLI', 'LOVJ', 'XQFG')
INSERT dbo.tokens(id, account_id, expired, is_mobile, revoked, created_date, expiration_date, refresh_expiration_date, updated_date, token_type, refresh_token, token) VALUES (9, 28, 1, 1, 1, '1978-01-04 15:25:56.5430000', '1986-02-15 06:09:52.0620000', '2014-11-12 03:27:13.6070000', '2003-08-01 01:42:54.0080000', 'JWOU', 'DPQT', 'HZOX')
INSERT dbo.tokens(id, account_id, expired, is_mobile, revoked, created_date, expiration_date, refresh_expiration_date, updated_date, token_type, refresh_token, token) VALUES (10, 21, 1, 0, 0, '2001-01-28 08:21:29.2520000', '1992-08-20 13:28:08.0070000', '2009-12-26 06:32:32.4860000', '1998-03-15 08:00:19.0040000', 'KTOE', 'WNKR', 'PFZM')
INSERT dbo.tokens(id, account_id, expired, is_mobile, revoked, created_date, expiration_date, refresh_expiration_date, updated_date, token_type, refresh_token, token) VALUES (11, 31, 1, 0, 0, '1978-03-09 00:01:58.2430000', '1988-06-29 04:38:02.8990000', '1995-06-20 22:06:35.0600000', '1988-12-18 00:56:12.4430000', 'IVIQ', 'SHKJ', 'PSXS')
INSERT dbo.tokens(id, account_id, expired, is_mobile, revoked, created_date, expiration_date, refresh_expiration_date, updated_date, token_type, refresh_token, token) VALUES (12, 46, 1, 1, 1, '2009-04-19 12:15:20.0050000', '1984-10-07 19:04:39.0200000', '1981-08-06 07:38:39.6490000', '2021-12-28 10:11:45.2310000', 'FZVA', 'YBXC', 'BOFR')
INSERT dbo.tokens(id, account_id, expired, is_mobile, revoked, created_date, expiration_date, refresh_expiration_date, updated_date, token_type, refresh_token, token) VALUES (13, 43, 0, 0, 1, '1978-08-18 05:29:23.0040000', '2003-10-16 05:44:15.0040000', '1977-10-31 05:37:45.0780000', '1994-07-21 14:05:25.4680000', 'INDZ', 'VDDX', 'DULL')
INSERT dbo.tokens(id, account_id, expired, is_mobile, revoked, created_date, expiration_date, refresh_expiration_date, updated_date, token_type, refresh_token, token) VALUES (14, 26, 1, 0, 1, '2003-08-07 01:25:35.1600000', '1985-07-01 03:57:55.0460000', '2023-07-30 03:04:36.6850000', '2015-01-13 17:37:15.0030000', 'GHOG', 'BZVF', 'MDDT')
INSERT dbo.tokens(id, account_id, expired, is_mobile, revoked, created_date, expiration_date, refresh_expiration_date, updated_date, token_type, refresh_token, token) VALUES (15, 15, 1, 0, 1, '1998-10-14 23:12:29.0730000', '1983-02-17 20:56:58.2230000', '2019-02-09 21:30:23.2330000', '2004-05-11 03:51:56.1730000', 'JLKW', 'NNNS', 'ZZNU')
INSERT dbo.tokens(id, account_id, expired, is_mobile, revoked, created_date, expiration_date, refresh_expiration_date, updated_date, token_type, refresh_token, token) VALUES (16, 1, 0, 1, 0, '2002-07-25 11:39:30.7400000', '2000-08-08 06:11:45.3170000', '1990-07-19 10:41:25.3230000', '1991-03-22 20:15:26.0970000', 'QSVR', 'YBRV', 'XAYI')
INSERT dbo.tokens(id, account_id, expired, is_mobile, revoked, created_date, expiration_date, refresh_expiration_date, updated_date, token_type, refresh_token, token) VALUES (17, 30, 0, 0, 1, '1985-07-01 06:34:27.0060000', '2011-02-24 01:04:00.9560000', '1977-12-20 15:54:18.0410000', '1975-11-03 04:29:25.1500000', 'BLKJ', 'ENOB', 'HXQQ')
INSERT dbo.tokens(id, account_id, expired, is_mobile, revoked, created_date, expiration_date, refresh_expiration_date, updated_date, token_type, refresh_token, token) VALUES (18, 4, 1, 0, 1, '1992-04-17 17:52:31.0020000', '1996-10-02 01:15:17.9340000', '2024-07-11 23:37:31.8610000', '2018-01-20 10:16:11.7680000', 'MDYX', 'YDEC', 'VMBW')
INSERT dbo.tokens(id, account_id, expired, is_mobile, revoked, created_date, expiration_date, refresh_expiration_date, updated_date, token_type, refresh_token, token) VALUES (19, 44, 0, 0, 0, '1997-05-31 19:21:47.6680000', '2005-12-28 11:52:49.2010000', '2013-06-27 13:02:57.1870000', '1971-01-14 08:14:44.9580000', 'RGEZ', 'XAWW', 'MVKL')
INSERT dbo.tokens(id, account_id, expired, is_mobile, revoked, created_date, expiration_date, refresh_expiration_date, updated_date, token_type, refresh_token, token) VALUES (20, 3, 0, 0, 1, '2018-07-26 14:16:57.9190000', '1992-03-02 17:07:03.2540000', '2021-05-23 20:30:57.5980000', '1987-05-22 04:08:00.5540000', 'MHYI', 'PMCV', 'TZXD')
INSERT dbo.tokens(id, account_id, expired, is_mobile, revoked, created_date, expiration_date, refresh_expiration_date, updated_date, token_type, refresh_token, token) VALUES (21, 38, 0, 0, 0, '2005-07-28 02:20:28.0400000', '1975-12-28 13:08:40.1770000', '2008-04-11 19:28:58.0820000', '1980-12-18 11:05:13.3130000', 'KJAU', 'WAJG', 'BUNK')
INSERT dbo.tokens(id, account_id, expired, is_mobile, revoked, created_date, expiration_date, refresh_expiration_date, updated_date, token_type, refresh_token, token) VALUES (22, 2, 0, 1, 1, '2007-08-29 03:39:00.0620000', '1987-03-09 05:29:44.8960000', '2019-12-18 12:46:17.6410000', '1989-08-02 20:09:38.7960000', 'ZSDG', 'CLLQ', 'FDUZ')
INSERT dbo.tokens(id, account_id, expired, is_mobile, revoked, created_date, expiration_date, refresh_expiration_date, updated_date, token_type, refresh_token, token) VALUES (23, 5, 1, 1, 0, '2019-04-15 23:06:40.6790000', '2000-12-28 00:43:01.5550000', '2021-10-01 01:20:44.0050000', '1976-03-03 04:46:25.6370000', 'CKJG', 'XUCX', 'WAOQ')
INSERT dbo.tokens(id, account_id, expired, is_mobile, revoked, created_date, expiration_date, refresh_expiration_date, updated_date, token_type, refresh_token, token) VALUES (24, 24, 0, 0, 1, '1976-02-19 08:24:47.7610000', '1984-07-11 04:05:11.0020000', '1999-08-01 16:36:51.0200000', '2013-05-10 06:13:00.0950000', 'UEXP', 'XTWL', 'KJOW')
INSERT dbo.tokens(id, account_id, expired, is_mobile, revoked, created_date, expiration_date, refresh_expiration_date, updated_date, token_type, refresh_token, token) VALUES (25, 25, 0, 0, 1, '2004-10-11 15:50:33.8150000', '2005-07-14 01:44:43.3950000', '2007-11-06 15:25:06.1500000', '1984-05-20 21:52:00.3070000', 'FFHH', 'RGCT', 'AVDB')
INSERT dbo.tokens(id, account_id, expired, is_mobile, revoked, created_date, expiration_date, refresh_expiration_date, updated_date, token_type, refresh_token, token) VALUES (26, 37, 1, 1, 0, '2024-01-29 10:17:03.5510000', '1997-03-22 22:34:03.7530000', '2009-01-12 09:27:56.0010000', '1975-02-24 01:29:27.3830000', 'LUAW', 'JHEN', 'ABDO')
INSERT dbo.tokens(id, account_id, expired, is_mobile, revoked, created_date, expiration_date, refresh_expiration_date, updated_date, token_type, refresh_token, token) VALUES (27, 13, 0, 0, 1, '1986-08-27 06:41:09.3300000', '2020-11-02 10:46:37.2200000', '1983-05-15 18:18:05.6600000', '1973-07-25 10:43:21.4900000', 'QOGQ', 'INYL', 'SARC')
INSERT dbo.tokens(id, account_id, expired, is_mobile, revoked, created_date, expiration_date, refresh_expiration_date, updated_date, token_type, refresh_token, token) VALUES (28, 45, 0, 0, 1, '2002-05-16 07:47:59.8670000', '2021-08-14 19:14:27.8960000', '1984-05-03 23:20:59.0910000', '2009-11-12 01:45:04.5490000', 'EHWK', 'KKBG', 'XPFU')
INSERT dbo.tokens(id, account_id, expired, is_mobile, revoked, created_date, expiration_date, refresh_expiration_date, updated_date, token_type, refresh_token, token) VALUES (29, 20, 0, 0, 1, '2013-12-18 20:14:48.4180000', '2008-08-01 23:53:15.0980000', '2022-11-06 23:48:29.9910000', '2024-03-02 15:39:44.3180000', 'ERMV', 'ZZNG', 'VAVZ')
INSERT dbo.tokens(id, account_id, expired, is_mobile, revoked, created_date, expiration_date, refresh_expiration_date, updated_date, token_type, refresh_token, token) VALUES (30, 14, 0, 0, 1, '2014-06-12 04:00:23.0910000', '1992-01-16 04:09:34.7420000', '1978-12-11 19:02:20.5920000', '1985-04-22 06:29:18.2480000', 'ORRM', 'HQFG', 'EHTK')
INSERT dbo.tokens(id, account_id, expired, is_mobile, revoked, created_date, expiration_date, refresh_expiration_date, updated_date, token_type, refresh_token, token) VALUES (31, 41, 1, 0, 0, '1986-04-27 07:32:13.8800000', '2000-12-20 04:01:20.6890000', '1972-07-15 20:58:46.5050000', '2010-03-03 23:58:21.2670000', 'UCFI', 'CATZ', 'ELAC')
INSERT dbo.tokens(id, account_id, expired, is_mobile, revoked, created_date, expiration_date, refresh_expiration_date, updated_date, token_type, refresh_token, token) VALUES (32, 46, 0, 0, 1, '2015-10-29 04:25:11.3930000', '2008-11-17 01:18:10.5400000', '2014-11-17 08:16:05.0910000', '1972-08-04 08:23:12.7000000', 'FWKF', 'CCVP', 'JJZZ')
INSERT dbo.tokens(id, account_id, expired, is_mobile, revoked, created_date, expiration_date, refresh_expiration_date, updated_date, token_type, refresh_token, token) VALUES (33, 12, 0, 1, 1, '1982-05-02 07:19:11.2520000', '2009-07-28 06:05:42.0460000', '2003-11-15 00:23:47.1710000', '1988-01-27 08:21:46.9780000', 'XGCX', 'BSQP', 'ZJJU')
INSERT dbo.tokens(id, account_id, expired, is_mobile, revoked, created_date, expiration_date, refresh_expiration_date, updated_date, token_type, refresh_token, token) VALUES (34, 31, 0, 0, 0, '2021-03-15 00:06:34.3650000', '1983-10-08 01:54:08.4080000', '1997-07-19 20:09:26.5060000', '2021-06-26 08:38:15.6180000', 'RODA', 'QRGA', 'PHQQ')
INSERT dbo.tokens(id, account_id, expired, is_mobile, revoked, created_date, expiration_date, refresh_expiration_date, updated_date, token_type, refresh_token, token) VALUES (35, 44, 1, 1, 0, '2005-10-23 18:14:08.9200000', '1998-04-26 01:07:03.1410000', '1993-03-08 09:37:34.6560000', '1970-05-12 05:01:50.7680000', 'HGXD', 'SUOW', 'KWKM')
INSERT dbo.tokens(id, account_id, expired, is_mobile, revoked, created_date, expiration_date, refresh_expiration_date, updated_date, token_type, refresh_token, token) VALUES (36, 37, 0, 0, 1, '1973-05-07 15:58:09.8470000', '2013-12-08 09:08:44.8900000', '1973-02-05 01:38:52.5660000', '2018-04-08 14:55:44.0040000', 'IIFR', 'WUYJ', 'NWEZ')
INSERT dbo.tokens(id, account_id, expired, is_mobile, revoked, created_date, expiration_date, refresh_expiration_date, updated_date, token_type, refresh_token, token) VALUES (37, 40, 1, 1, 1, '1978-05-31 14:26:14.0030000', '1984-01-10 09:05:52.0130000', '2004-09-27 18:05:27.3470000', '1970-10-11 04:14:26.6920000', 'QQFA', 'KZLN', 'USTA')
INSERT dbo.tokens(id, account_id, expired, is_mobile, revoked, created_date, expiration_date, refresh_expiration_date, updated_date, token_type, refresh_token, token) VALUES (38, 43, 1, 0, 1, '1984-02-14 09:08:48.8110000', '1989-02-22 02:19:25.7000000', '2002-09-19 17:10:38.0710000', '1971-04-27 02:19:22.2510000', 'FSSL', 'HXWI', 'ZMXN')
INSERT dbo.tokens(id, account_id, expired, is_mobile, revoked, created_date, expiration_date, refresh_expiration_date, updated_date, token_type, refresh_token, token) VALUES (39, 23, 0, 1, 1, '1981-12-23 03:01:43.0040000', '2001-06-25 12:26:39.0080000', '1992-06-08 11:12:37.2830000', '1991-03-09 04:54:22.2850000', 'JYJZ', 'XJCC', 'LKMZ')
INSERT dbo.tokens(id, account_id, expired, is_mobile, revoked, created_date, expiration_date, refresh_expiration_date, updated_date, token_type, refresh_token, token) VALUES (40, 17, 1, 0, 0, '1993-12-03 12:53:06.2040000', '1994-03-09 08:34:04.8780000', '2013-08-15 22:58:12.3970000', '1975-05-05 09:59:59.2740000', 'WBLN', 'JRUY', 'CFWV')
INSERT dbo.tokens(id, account_id, expired, is_mobile, revoked, created_date, expiration_date, refresh_expiration_date, updated_date, token_type, refresh_token, token) VALUES (41, 13, 0, 1, 1, '2012-11-08 15:21:46.3040000', '1989-02-13 08:07:13.6700000', '2009-09-29 00:43:37.4380000', '2022-10-31 11:10:52.4040000', 'UGIK', 'UJFK', 'BEOS')
INSERT dbo.tokens(id, account_id, expired, is_mobile, revoked, created_date, expiration_date, refresh_expiration_date, updated_date, token_type, refresh_token, token) VALUES (42, 33, 0, 1, 0, '1978-04-15 05:18:35.2510000', '1985-06-05 22:44:11.0020000', '2023-12-14 19:16:13.0200000', '1987-09-03 10:03:53.0050000', 'ANXW', 'QYMT', 'NICQ')
INSERT dbo.tokens(id, account_id, expired, is_mobile, revoked, created_date, expiration_date, refresh_expiration_date, updated_date, token_type, refresh_token, token) VALUES (43, 2, 0, 1, 1, '2004-02-25 01:57:23.0520000', '2024-04-06 18:18:29.1400000', '2004-10-04 13:09:39.2250000', '2006-09-15 20:45:39.8660000', 'HTIK', 'EYLR', 'WMTG')
INSERT dbo.tokens(id, account_id, expired, is_mobile, revoked, created_date, expiration_date, refresh_expiration_date, updated_date, token_type, refresh_token, token) VALUES (44, 23, 0, 0, 0, '2009-01-10 17:00:24.7290000', '1992-02-11 16:31:56.0010000', '1991-04-29 12:27:53.9820000', '1972-01-22 15:03:55.1180000', 'GJEN', 'BUJT', 'REEP')
INSERT dbo.tokens(id, account_id, expired, is_mobile, revoked, created_date, expiration_date, refresh_expiration_date, updated_date, token_type, refresh_token, token) VALUES (45, 38, 1, 0, 1, '2012-01-17 23:34:02.9210000', '1973-10-20 04:46:40.2980000', '2000-09-03 20:24:45.0010000', '1999-02-25 16:21:50.6170000', 'UPTI', 'WPSD', 'WKZC')
INSERT dbo.tokens(id, account_id, expired, is_mobile, revoked, created_date, expiration_date, refresh_expiration_date, updated_date, token_type, refresh_token, token) VALUES (46, 11, 1, 0, 0, '2003-04-13 09:39:57.5520000', '2006-11-21 08:12:39.7850000', '2005-12-29 00:52:02.1350000', '1976-06-18 14:06:07.3220000', 'TTIB', 'JNVQ', 'QWRW')
INSERT dbo.tokens(id, account_id, expired, is_mobile, revoked, created_date, expiration_date, refresh_expiration_date, updated_date, token_type, refresh_token, token) VALUES (47, 18, 1, 0, 0, '1986-01-20 20:44:09.3650000', '1991-01-27 22:56:15.7040000', '2014-09-16 00:23:10.0340000', '1971-03-17 20:31:08.4460000', 'OIFA', 'MHJL', 'JIOH')
INSERT dbo.tokens(id, account_id, expired, is_mobile, revoked, created_date, expiration_date, refresh_expiration_date, updated_date, token_type, refresh_token, token) VALUES (48, 2, 0, 0, 0, '1994-12-30 16:43:16.7640000', '1997-05-30 05:56:02.4310000', '2021-07-19 10:28:35.4930000', '2007-03-17 07:10:55.8890000', 'BGXB', 'NHIQ', 'BXIB')
INSERT dbo.tokens(id, account_id, expired, is_mobile, revoked, created_date, expiration_date, refresh_expiration_date, updated_date, token_type, refresh_token, token) VALUES (49, 17, 1, 1, 1, '1998-04-10 02:39:17.1630000', '1989-01-29 06:06:37.7550000', '2019-07-02 18:47:43.3030000', '2001-12-08 00:27:32.4630000', 'KHEB', 'WFZM', 'LDAJ')
INSERT dbo.tokens(id, account_id, expired, is_mobile, revoked, created_date, expiration_date, refresh_expiration_date, updated_date, token_type, refresh_token, token) VALUES (50, 9, 0, 1, 1, '2011-02-10 12:59:59.0880000', '1990-04-27 05:05:54.4360000', '2020-05-08 17:42:33.0110000', '2007-06-30 07:34:23.7550000', 'ODQM', 'GEYT', 'ZDSI')
GO
SET IDENTITY_INSERT dbo.tokens OFF
GO

--
-- Inserting data into table dbo.voucher_customer
--
INSERT dbo.voucher_customer(customer_id, voucher_id) VALUES (7, 3)
INSERT dbo.voucher_customer(customer_id, voucher_id) VALUES (12, 3)
INSERT dbo.voucher_customer(customer_id, voucher_id) VALUES (4, 1)
INSERT dbo.voucher_customer(customer_id, voucher_id) VALUES (5, 4)
INSERT dbo.voucher_customer(customer_id, voucher_id) VALUES (8, 2)
INSERT dbo.voucher_customer(customer_id, voucher_id) VALUES (7, 1)
INSERT dbo.voucher_customer(customer_id, voucher_id) VALUES (5, 4)
INSERT dbo.voucher_customer(customer_id, voucher_id) VALUES (9, 4)
INSERT dbo.voucher_customer(customer_id, voucher_id) VALUES (12, 1)
INSERT dbo.voucher_customer(customer_id, voucher_id) VALUES (1, 4)
INSERT dbo.voucher_customer(customer_id, voucher_id) VALUES (7, 4)
INSERT dbo.voucher_customer(customer_id, voucher_id) VALUES (17, 3)
INSERT dbo.voucher_customer(customer_id, voucher_id) VALUES (5, 2)
INSERT dbo.voucher_customer(customer_id, voucher_id) VALUES (10, 3)
INSERT dbo.voucher_customer(customer_id, voucher_id) VALUES (20, 2)
INSERT dbo.voucher_customer(customer_id, voucher_id) VALUES (1, 1)
INSERT dbo.voucher_customer(customer_id, voucher_id) VALUES (4, 3)
INSERT dbo.voucher_customer(customer_id, voucher_id) VALUES (8, 2)
INSERT dbo.voucher_customer(customer_id, voucher_id) VALUES (4, 1)
INSERT dbo.voucher_customer(customer_id, voucher_id) VALUES (9, 4)
INSERT dbo.voucher_customer(customer_id, voucher_id) VALUES (9, 3)
INSERT dbo.voucher_customer(customer_id, voucher_id) VALUES (9, 2)
INSERT dbo.voucher_customer(customer_id, voucher_id) VALUES (9, 3)
INSERT dbo.voucher_customer(customer_id, voucher_id) VALUES (4, 3)
INSERT dbo.voucher_customer(customer_id, voucher_id) VALUES (1, 3)
INSERT dbo.voucher_customer(customer_id, voucher_id) VALUES (14, 4)
INSERT dbo.voucher_customer(customer_id, voucher_id) VALUES (7, 4)
INSERT dbo.voucher_customer(customer_id, voucher_id) VALUES (7, 4)
INSERT dbo.voucher_customer(customer_id, voucher_id) VALUES (19, 2)
INSERT dbo.voucher_customer(customer_id, voucher_id) VALUES (1, 1)
INSERT dbo.voucher_customer(customer_id, voucher_id) VALUES (4, 2)
INSERT dbo.voucher_customer(customer_id, voucher_id) VALUES (19, 3)
INSERT dbo.voucher_customer(customer_id, voucher_id) VALUES (13, 2)
INSERT dbo.voucher_customer(customer_id, voucher_id) VALUES (13, 2)
INSERT dbo.voucher_customer(customer_id, voucher_id) VALUES (12, 2)
INSERT dbo.voucher_customer(customer_id, voucher_id) VALUES (5, 2)
INSERT dbo.voucher_customer(customer_id, voucher_id) VALUES (14, 2)
INSERT dbo.voucher_customer(customer_id, voucher_id) VALUES (12, 4)
INSERT dbo.voucher_customer(customer_id, voucher_id) VALUES (18, 1)
INSERT dbo.voucher_customer(customer_id, voucher_id) VALUES (1, 4)
INSERT dbo.voucher_customer(customer_id, voucher_id) VALUES (16, 1)
INSERT dbo.voucher_customer(customer_id, voucher_id) VALUES (5, 1)
INSERT dbo.voucher_customer(customer_id, voucher_id) VALUES (1, 3)
INSERT dbo.voucher_customer(customer_id, voucher_id) VALUES (7, 2)
INSERT dbo.voucher_customer(customer_id, voucher_id) VALUES (1, 1)
INSERT dbo.voucher_customer(customer_id, voucher_id) VALUES (9, 1)
INSERT dbo.voucher_customer(customer_id, voucher_id) VALUES (3, 3)
INSERT dbo.voucher_customer(customer_id, voucher_id) VALUES (8, 3)
INSERT dbo.voucher_customer(customer_id, voucher_id) VALUES (4, 1)
INSERT dbo.voucher_customer(customer_id, voucher_id) VALUES (2, 3)
GO

--
-- Set NOEXEC to off
--

SET NOEXEC OFF
GO