--
-- Script was generated by Devart dbForge Studio for SQL Server, Version 7.0.158.0
-- Product Home Page: https://www.devart.com/dbforge/sql/studio
-- Script date 10/26/2024 4:15:44 PM
-- Target server version: 14.00.1000
-- Target connection string: Encrypt=False;Integrated Security=False;User ID=sa
-- Please backup your target database before running this script
--

SET LANGUAGE 'English'
SET DATEFORMAT ymd
SET ARITHABORT, ANSI_PADDING, ANSI_WARNINGS, CONCAT_NULL_YIELDS_NULL, QUOTED_IDENTIFIER, ANSI_NULLS, NOCOUNT ON
SET NUMERIC_ROUNDABORT, IMPLICIT_TRANSACTIONS, XACT_ABORT OFF
GO

USE final
GO

IF DB_NAME() <> N'final' SET NOEXEC ON
GO

--
-- Delete data from the table [final].[dbo].[voucher_customer]
--
TRUNCATE TABLE dbo.voucher_customer
GO

--
-- Delete data from the table [final].[dbo].[order_detail]
--
TRUNCATE TABLE dbo.order_detail
GO

--
-- Delete data from the table [final].[dbo].[history]
--
TRUNCATE TABLE dbo.history
GO

--
-- Delete data from the table [final].[dbo].[cart_detail]
--
TRUNCATE TABLE dbo.cart_detail
GO

--
-- Delete data from the table [final].[dbo].[address]
--
TRUNCATE TABLE dbo.address
GO

--
-- Delete data from the table [final].[dbo].[orders]
--
DELETE dbo.orders
GO

--
-- Delete data from the table [final].[dbo].[cart]
--
DELETE dbo.cart
GO

--
-- Delete data from the table [final].[dbo].[staff]
--
DELETE dbo.staff
GO

--
-- Delete data from the table [final].[dbo].[product_detail]
--
DELETE dbo.product_detail
GO

--
-- Delete data from the table [final].[dbo].[voucher]
--
DELETE dbo.voucher
GO

--
-- Delete data from the table [final].[dbo].[thickness]
--
DELETE dbo.thickness
GO

--
-- Delete data from the table [final].[dbo].[texture]
--
DELETE dbo.texture
GO

--
-- Delete data from the table [final].[dbo].[style]
--
DELETE dbo.style
GO

--
-- Delete data from the table [final].[dbo].[sleeve]
--
DELETE dbo.sleeve
GO

--
-- Delete data from the table [final].[dbo].[size]
--
DELETE dbo.size
GO

--
-- Delete data from the table [final].[dbo].[role]
--
DELETE dbo.role
GO

--
-- Delete data from the table [final].[dbo].[product]
--
DELETE dbo.product
GO

--
-- Delete data from the table [final].[dbo].[payment]
--
TRUNCATE TABLE dbo.payment
GO

--
-- Delete data from the table [final].[dbo].[origin]
--
DELETE dbo.origin
GO

--
-- Delete data from the table [final].[dbo].[material]
--
DELETE dbo.material
GO

--
-- Delete data from the table [final].[dbo].[image]
--
DELETE dbo.image
GO

--
-- Delete data from the table [final].[dbo].[elasticity]
--
DELETE dbo.elasticity
GO

--
-- Delete data from the table [final].[dbo].[customer]
--
DELETE dbo.customer
GO

--
-- Delete data from the table [final].[dbo].[color]
--
DELETE dbo.color
GO

--
-- Delete data from the table [final].[dbo].[collar]
--
DELETE dbo.collar
GO

--
-- Delete data from the table [final].[dbo].[brand]
--
DELETE dbo.brand
GO

--
-- Inserting data into table [final].[dbo].[brand]
--
SET IDENTITY_INSERT dbo.brand ON
GO
INSERT dbo.brand(id, deleted, created_date, updated_date, code, name) VALUES (1, 0, '1985-07-21 06:04:52.0050000', '2001-02-23 10:17:40.4610000', 'JWAVX', 'Edmonds2029')
INSERT dbo.brand(id, deleted, created_date, updated_date, code, name) VALUES (2, 0, '1996-10-12 08:00:59.4300000', '1993-09-07 17:29:42.1060000', 'QOSFU', 'Kruger3')
INSERT dbo.brand(id, deleted, created_date, updated_date, code, name) VALUES (3, 0, '1982-10-03 16:26:49.2190000', '1997-09-07 14:15:19.0070000', 'TFWIC', 'Tanja943')
INSERT dbo.brand(id, deleted, created_date, updated_date, code, name) VALUES (4, 1, '2007-02-12 00:39:21.3030000', '1978-06-12 09:42:43.9420000', 'IUHRO', 'Luisa1960')
INSERT dbo.brand(id, deleted, created_date, updated_date, code, name) VALUES (5, 1, '2015-12-14 02:03:04.5320000', '1998-05-15 02:08:08.5120000', 'BKRBN', 'Hank939')
INSERT dbo.brand(id, deleted, created_date, updated_date, code, name) VALUES (6, 1, '1974-08-21 05:54:50.1940000', '1991-09-23 09:38:03.0090000', 'HUBUB', 'Scarlet484')
INSERT dbo.brand(id, deleted, created_date, updated_date, code, name) VALUES (7, 0, '1990-10-14 14:26:21.5860000', '1996-06-14 07:07:46.8650000', 'CDOFH', 'Marya1956')
INSERT dbo.brand(id, deleted, created_date, updated_date, code, name) VALUES (8, 1, '1988-08-05 19:32:31.6890000', '2006-04-09 10:59:02.0090000', 'SXLJM', 'Arminda2013')
INSERT dbo.brand(id, deleted, created_date, updated_date, code, name) VALUES (9, 1, '2009-04-14 16:59:22.5340000', '1985-02-01 22:46:51.0640000', 'PRPCN', 'Maxwell1966')
INSERT dbo.brand(id, deleted, created_date, updated_date, code, name) VALUES (10, 0, '2013-08-27 17:32:49.6580000', '1983-01-27 17:54:06.6680000', 'WZYZP', 'Lonna2001')
INSERT dbo.brand(id, deleted, created_date, updated_date, code, name) VALUES (11, 1, '1979-10-14 07:20:07.7460000', '1983-12-07 02:58:00.0200000', 'FGVQJ', 'Claude654')
INSERT dbo.brand(id, deleted, created_date, updated_date, code, name) VALUES (12, 0, '1984-04-30 07:11:13.4430000', '2022-09-05 05:37:21.0780000', 'BJRRG', 'Ariane2008')
INSERT dbo.brand(id, deleted, created_date, updated_date, code, name) VALUES (13, 1, '2015-07-03 08:03:32.0080000', '2021-01-09 06:48:55.9640000', 'KPFQB', 'Chau1982')
INSERT dbo.brand(id, deleted, created_date, updated_date, code, name) VALUES (14, 0, '2024-01-17 03:49:26.6930000', '2010-02-01 00:19:59.7370000', 'JVMPL', 'Sidney1970')
INSERT dbo.brand(id, deleted, created_date, updated_date, code, name) VALUES (15, 0, '2015-02-11 11:44:22.5260000', '1994-11-04 01:48:33.0160000', 'OPGCD', 'Lyndon763')
INSERT dbo.brand(id, deleted, created_date, updated_date, code, name) VALUES (16, 0, '2009-07-01 18:27:31.0070000', '2014-09-24 18:29:19.2720000', 'IDWIK', 'Grimm2024')
INSERT dbo.brand(id, deleted, created_date, updated_date, code, name) VALUES (17, 0, '1984-04-27 19:27:51.2000000', '2016-01-25 14:44:43.5240000', 'XYEZE', 'Riley4')
INSERT dbo.brand(id, deleted, created_date, updated_date, code, name) VALUES (18, 1, '1988-02-04 09:50:23.5480000', '2011-06-29 20:37:01.4520000', 'UMKJZ', 'Curtis2009')
INSERT dbo.brand(id, deleted, created_date, updated_date, code, name) VALUES (19, 0, '2005-06-12 13:00:06.0990000', '1996-05-26 06:57:41.0810000', 'JYZCI', 'Kyle972')
INSERT dbo.brand(id, deleted, created_date, updated_date, code, name) VALUES (20, 0, '2021-09-27 15:13:31.7810000', '1991-11-20 21:51:32.6640000', 'KDJGZ', 'Abigail891')
INSERT dbo.brand(id, deleted, created_date, updated_date, code, name) VALUES (21, 1, '1996-08-25 10:46:45.5200000', '1989-02-19 01:29:45.4520000', 'OMKTP', 'Abraham469')
INSERT dbo.brand(id, deleted, created_date, updated_date, code, name) VALUES (22, 0, '2002-03-20 09:11:54.9510000', '1974-12-07 13:04:04.5160000', 'AYNZX', 'Rafael2005')
INSERT dbo.brand(id, deleted, created_date, updated_date, code, name) VALUES (23, 0, '2005-12-03 12:39:11.4940000', '1995-07-29 08:38:08.5210000', 'EVWSO', 'Laurence5')
INSERT dbo.brand(id, deleted, created_date, updated_date, code, name) VALUES (24, 1, '2018-10-25 08:46:54.0410000', '1992-05-10 01:37:57.8140000', 'NKBPD', 'Barton1965')
INSERT dbo.brand(id, deleted, created_date, updated_date, code, name) VALUES (25, 1, '1971-09-27 09:14:58.0290000', '2024-08-09 00:40:59.8620000', 'IWMAG', 'Shelia2006')
INSERT dbo.brand(id, deleted, created_date, updated_date, code, name) VALUES (26, 1, '1987-09-24 17:38:55.0040000', '1993-03-16 20:01:15.3580000', 'URWWL', 'Camilla2000')
INSERT dbo.brand(id, deleted, created_date, updated_date, code, name) VALUES (27, 1, '1999-01-16 15:51:42.3360000', '2022-10-09 01:12:33.5010000', 'ZVDSA', 'Tobias2016')
INSERT dbo.brand(id, deleted, created_date, updated_date, code, name) VALUES (28, 1, '2019-04-07 16:59:07.0740000', '2024-08-30 09:40:23.9670000', 'PYFML', 'Kimberly516')
INSERT dbo.brand(id, deleted, created_date, updated_date, code, name) VALUES (29, 0, '1997-02-13 00:34:26.4080000', '2000-01-22 09:26:16.0200000', 'YTSMP', 'Emmanuel1977')
INSERT dbo.brand(id, deleted, created_date, updated_date, code, name) VALUES (30, 1, '1981-05-06 14:18:58.5580000', '2001-07-12 07:24:48.0140000', 'BIXSM', 'Randell2014')
INSERT dbo.brand(id, deleted, created_date, updated_date, code, name) VALUES (31, 0, '2023-06-17 19:52:08.9540000', '2019-01-11 01:19:41.6320000', 'MVBHX', 'Mcinnis665')
INSERT dbo.brand(id, deleted, created_date, updated_date, code, name) VALUES (32, 0, '1986-11-01 12:46:30.5880000', '1991-06-15 05:40:46.0330000', 'FDBZH', 'Bernard1951')
INSERT dbo.brand(id, deleted, created_date, updated_date, code, name) VALUES (33, 0, '2014-10-21 05:39:38.1150000', '1975-09-24 14:44:31.5980000', 'EOEMW', 'Herb9')
INSERT dbo.brand(id, deleted, created_date, updated_date, code, name) VALUES (34, 1, '2018-02-13 21:47:31.5130000', '2019-04-30 23:52:01.8540000', 'EBABX', 'Adam941')
INSERT dbo.brand(id, deleted, created_date, updated_date, code, name) VALUES (35, 1, '1991-08-20 13:32:15.5040000', '1972-02-04 11:28:39.4410000', 'KDCJA', 'Katheleen188')
INSERT dbo.brand(id, deleted, created_date, updated_date, code, name) VALUES (36, 0, '1970-02-13 21:34:51.3490000', '2007-10-01 13:11:32.5190000', 'ALUJO', 'Southern2017')
INSERT dbo.brand(id, deleted, created_date, updated_date, code, name) VALUES (37, 1, '1979-01-11 09:30:17.2560000', '2003-10-06 23:32:40.0000000', 'OIMYO', 'Vannesa637')
INSERT dbo.brand(id, deleted, created_date, updated_date, code, name) VALUES (38, 1, '1977-06-20 23:23:41.6680000', '1975-02-04 14:35:28.2040000', 'GOJQR', 'Hermelinda13')
INSERT dbo.brand(id, deleted, created_date, updated_date, code, name) VALUES (39, 1, '1985-07-09 02:22:58.3950000', '2001-08-19 00:18:20.4080000', 'EVNPI', 'Beaulieu6')
INSERT dbo.brand(id, deleted, created_date, updated_date, code, name) VALUES (40, 1, '1992-09-18 18:36:00.2070000', '2013-10-14 09:19:24.7140000', 'WPWOA', 'Abbott719')
INSERT dbo.brand(id, deleted, created_date, updated_date, code, name) VALUES (41, 0, '2016-03-02 09:13:46.5880000', '2006-01-24 13:34:27.5510000', 'YQLKT', 'Allman638')
INSERT dbo.brand(id, deleted, created_date, updated_date, code, name) VALUES (42, 0, '2014-06-25 21:10:18.7750000', '2010-04-23 12:26:17.4410000', 'KGVQT', 'Malley2000')
INSERT dbo.brand(id, deleted, created_date, updated_date, code, name) VALUES (43, 1, '2024-01-09 05:48:51.7050000', '1997-12-14 18:56:36.2640000', 'KULLP', 'Shanon12')
INSERT dbo.brand(id, deleted, created_date, updated_date, code, name) VALUES (44, 0, '2012-07-06 00:20:01.1490000', '2024-08-03 05:19:42.9740000', 'SWTSN', 'Rufus2005')
INSERT dbo.brand(id, deleted, created_date, updated_date, code, name) VALUES (45, 1, '2013-03-12 11:45:54.0080000', '1984-07-31 06:43:55.8300000', 'MCQQA', 'Ackerman183')
INSERT dbo.brand(id, deleted, created_date, updated_date, code, name) VALUES (46, 1, '1991-03-31 05:29:23.8350000', '1983-07-14 16:25:43.2230000', 'LCGJA', 'Jeffrey2020')
INSERT dbo.brand(id, deleted, created_date, updated_date, code, name) VALUES (47, 0, '1971-11-24 22:22:06.1340000', '1977-04-08 12:38:08.9020000', 'ELTND', 'Tandra2002')
INSERT dbo.brand(id, deleted, created_date, updated_date, code, name) VALUES (48, 0, '2004-10-01 05:29:19.4180000', '1995-11-09 02:14:21.5570000', 'OSBPL', 'Blalock2009')
INSERT dbo.brand(id, deleted, created_date, updated_date, code, name) VALUES (49, 0, '1988-10-13 16:32:30.3740000', '2021-08-13 13:52:04.0110000', 'IUKOH', 'Whitten656')
INSERT dbo.brand(id, deleted, created_date, updated_date, code, name) VALUES (50, 0, '1973-07-31 01:04:00.4530000', '1985-04-10 00:53:22.0340000', 'SWFSS', 'Bernie2013')
GO
SET IDENTITY_INSERT dbo.brand OFF
GO

--
-- Inserting data into table [final].[dbo].[collar]
--
SET IDENTITY_INSERT dbo.collar ON
GO
INSERT dbo.collar(id, deleted, created_date, updated_date, code, name) VALUES (1, 0, '1994-09-05 04:41:32.2740000', '2014-01-07 06:25:09.4000000', 'XFIEM', 'Gale949')
INSERT dbo.collar(id, deleted, created_date, updated_date, code, name) VALUES (2, 0, '1978-04-28 20:31:53.9830000', '1976-07-31 15:40:00.7880000', 'VWSXI', 'Ohara2004')
INSERT dbo.collar(id, deleted, created_date, updated_date, code, name) VALUES (3, 0, '1970-12-30 18:20:05.2820000', '2021-04-08 05:39:19.0020000', 'BXNDG', 'Alonzo512')
INSERT dbo.collar(id, deleted, created_date, updated_date, code, name) VALUES (4, 0, '2023-08-01 12:15:06.8280000', '2016-03-03 06:54:12.4050000', 'ECFIH', 'Ressie658')
INSERT dbo.collar(id, deleted, created_date, updated_date, code, name) VALUES (5, 0, '1985-05-16 00:11:39.1500000', '1989-08-14 14:40:33.7390000', 'XCMXH', 'Alva2028')
INSERT dbo.collar(id, deleted, created_date, updated_date, code, name) VALUES (6, 1, '1990-11-25 10:55:47.7470000', '1975-07-24 03:45:25.9160000', 'QZTTE', 'Maki144')
INSERT dbo.collar(id, deleted, created_date, updated_date, code, name) VALUES (7, 1, '2017-08-16 18:58:45.6400000', '2007-06-05 09:04:18.0450000', 'BOMVC', 'Hoyt334')
INSERT dbo.collar(id, deleted, created_date, updated_date, code, name) VALUES (8, 1, '1971-04-14 08:48:15.5550000', '1999-04-27 14:18:02.9280000', 'VCWRQ', 'Desirae866')
INSERT dbo.collar(id, deleted, created_date, updated_date, code, name) VALUES (9, 1, '1990-12-08 02:53:28.7040000', '1997-12-23 10:34:54.0000000', 'QWIBU', 'Bachman1')
INSERT dbo.collar(id, deleted, created_date, updated_date, code, name) VALUES (10, 0, '1982-08-17 07:18:23.0150000', '1971-01-16 06:29:12.0330000', 'QWLUT', 'Antwan324')
INSERT dbo.collar(id, deleted, created_date, updated_date, code, name) VALUES (11, 0, '2001-12-23 02:12:51.6240000', '2014-03-15 18:18:48.0040000', 'OIGMQ', 'Libbie1956')
INSERT dbo.collar(id, deleted, created_date, updated_date, code, name) VALUES (12, 1, '1990-11-10 13:57:52.0080000', '2010-08-07 21:57:17.0680000', 'EIEZB', 'Falls2016')
INSERT dbo.collar(id, deleted, created_date, updated_date, code, name) VALUES (13, 0, '1992-09-21 12:36:11.6950000', '1996-06-28 15:49:42.2190000', 'LEBZA', 'Abraham137')
INSERT dbo.collar(id, deleted, created_date, updated_date, code, name) VALUES (14, 0, '1974-07-23 11:00:31.7540000', '1992-06-19 19:52:33.4290000', 'QXDWP', 'Marc37')
INSERT dbo.collar(id, deleted, created_date, updated_date, code, name) VALUES (15, 0, '1990-12-28 15:19:32.3720000', '1998-02-03 16:54:39.6300000', 'LGPTM', 'Arletha1965')
INSERT dbo.collar(id, deleted, created_date, updated_date, code, name) VALUES (16, 1, '1988-01-26 15:26:59.6520000', '2002-03-27 08:26:54.2240000', 'EQJTB', 'Elizabet2025')
INSERT dbo.collar(id, deleted, created_date, updated_date, code, name) VALUES (17, 1, '1989-11-08 18:26:39.7660000', '2021-06-23 01:54:12.2590000', 'DFZNP', 'Woodall819')
INSERT dbo.collar(id, deleted, created_date, updated_date, code, name) VALUES (18, 1, '1974-04-04 06:09:55.2350000', '1997-03-27 02:28:41.8330000', 'AQDZS', 'Ross2011')
INSERT dbo.collar(id, deleted, created_date, updated_date, code, name) VALUES (19, 0, '1979-09-19 19:11:49.9020000', '2017-10-06 15:06:40.2650000', 'YJVEO', 'Wingate6')
INSERT dbo.collar(id, deleted, created_date, updated_date, code, name) VALUES (20, 1, '1980-09-07 08:01:28.0200000', '2005-07-04 05:01:31.0890000', 'VQLVM', 'Dick4')
INSERT dbo.collar(id, deleted, created_date, updated_date, code, name) VALUES (21, 1, '2015-01-21 05:59:20.9710000', '2020-02-09 18:34:05.6680000', 'PUUAJ', 'Fumiko89')
INSERT dbo.collar(id, deleted, created_date, updated_date, code, name) VALUES (22, 1, '1978-02-12 04:33:38.1580000', '1970-09-22 03:13:49.5860000', 'ICBJR', 'Buckner3')
INSERT dbo.collar(id, deleted, created_date, updated_date, code, name) VALUES (23, 0, '1977-05-03 17:12:37.4990000', '2018-05-01 17:09:02.6090000', 'DVJUY', 'Nick485')
INSERT dbo.collar(id, deleted, created_date, updated_date, code, name) VALUES (24, 0, '2009-06-18 06:20:50.7750000', '1971-10-07 11:15:18.5320000', 'MAVYW', 'Shaffer2014')
INSERT dbo.collar(id, deleted, created_date, updated_date, code, name) VALUES (25, 0, '2009-12-11 12:13:22.0090000', '1976-07-17 02:15:28.0080000', 'QVMXN', 'Adolfo8')
INSERT dbo.collar(id, deleted, created_date, updated_date, code, name) VALUES (26, 0, '2015-01-28 07:46:31.5490000', '2009-05-14 09:40:56.0620000', 'YNDOI', 'Kelley1958')
INSERT dbo.collar(id, deleted, created_date, updated_date, code, name) VALUES (27, 0, '1994-08-18 19:24:16.2540000', '1974-02-06 04:15:35.3390000', 'JDHPN', 'Alexandria497')
INSERT dbo.collar(id, deleted, created_date, updated_date, code, name) VALUES (28, 0, '1977-01-16 23:06:17.4950000', '2021-12-02 12:05:57.7500000', 'DOELD', 'Jayna2026')
INSERT dbo.collar(id, deleted, created_date, updated_date, code, name) VALUES (29, 1, '1995-10-15 13:03:00.6340000', '1991-11-25 23:03:37.3340000', 'YJHTW', 'Charlette17')
INSERT dbo.collar(id, deleted, created_date, updated_date, code, name) VALUES (30, 1, '2024-05-22 05:53:09.6360000', '2001-05-07 15:20:36.6210000', 'RJNFA', 'Ramon2015')
INSERT dbo.collar(id, deleted, created_date, updated_date, code, name) VALUES (31, 0, '1987-02-03 01:44:15.6100000', '1997-12-12 15:04:45.3300000', 'RKZGP', 'Albina1960')
INSERT dbo.collar(id, deleted, created_date, updated_date, code, name) VALUES (32, 1, '2002-12-11 05:20:42.6790000', '1991-10-19 08:39:45.1580000', 'AZNGQ', 'Montes36')
INSERT dbo.collar(id, deleted, created_date, updated_date, code, name) VALUES (33, 1, '2003-07-25 00:35:46.1900000', '1992-08-15 10:18:17.8440000', 'QEXYN', 'Pinckney2010')
INSERT dbo.collar(id, deleted, created_date, updated_date, code, name) VALUES (34, 1, '1992-10-17 13:08:11.0060000', '1985-12-18 20:00:40.7880000', 'OJEUY', 'Claudio1961')
INSERT dbo.collar(id, deleted, created_date, updated_date, code, name) VALUES (35, 1, '1978-10-11 19:09:07.0200000', '1971-09-17 13:53:17.2650000', 'BLBCZ', 'Cinthia9')
INSERT dbo.collar(id, deleted, created_date, updated_date, code, name) VALUES (36, 1, '1971-12-02 15:38:44.1570000', '1993-02-18 06:46:21.0080000', 'JZWCP', 'Bella766')
INSERT dbo.collar(id, deleted, created_date, updated_date, code, name) VALUES (37, 1, '1983-04-04 12:50:11.0610000', '1979-04-05 15:40:47.6550000', 'DFSFU', 'Pedro874')
INSERT dbo.collar(id, deleted, created_date, updated_date, code, name) VALUES (38, 1, '1997-05-24 15:45:18.6870000', '2012-01-11 03:01:17.0750000', 'KSPNN', 'Carvalho1988')
INSERT dbo.collar(id, deleted, created_date, updated_date, code, name) VALUES (39, 1, '2014-10-21 11:59:35.7890000', '1990-04-22 18:21:35.7020000', 'FPJSS', 'Angel91')
INSERT dbo.collar(id, deleted, created_date, updated_date, code, name) VALUES (40, 0, '1992-04-12 12:48:23.0210000', '2002-07-07 21:42:55.0680000', 'VEDPY', 'Courtney595')
INSERT dbo.collar(id, deleted, created_date, updated_date, code, name) VALUES (41, 1, '2009-10-18 09:04:12.5040000', '1998-03-29 05:16:19.8080000', 'LXRWN', 'Correia2001')
INSERT dbo.collar(id, deleted, created_date, updated_date, code, name) VALUES (42, 1, '2018-10-25 08:41:34.0660000', '1984-01-19 05:05:29.0950000', 'MULOQ', 'Ernestine93')
INSERT dbo.collar(id, deleted, created_date, updated_date, code, name) VALUES (43, 0, '2007-11-25 08:33:56.8260000', '1992-01-20 21:15:15.0020000', 'VHEQO', 'Acker9')
INSERT dbo.collar(id, deleted, created_date, updated_date, code, name) VALUES (44, 1, '1994-03-27 19:02:31.5060000', '2009-11-10 14:22:36.0590000', 'QWMNT', 'Reilly187')
INSERT dbo.collar(id, deleted, created_date, updated_date, code, name) VALUES (45, 1, '2015-02-08 16:10:00.4550000', '1987-04-28 09:01:46.8940000', 'NTCZT', 'Solange2021')
INSERT dbo.collar(id, deleted, created_date, updated_date, code, name) VALUES (46, 0, '1990-08-27 18:08:06.3130000', '1975-05-20 07:01:04.0090000', 'LIQMQ', 'Benson995')
INSERT dbo.collar(id, deleted, created_date, updated_date, code, name) VALUES (47, 0, '2014-12-17 16:30:11.0980000', '2020-10-01 14:32:31.2290000', 'DMEYX', 'Hand4')
INSERT dbo.collar(id, deleted, created_date, updated_date, code, name) VALUES (48, 0, '2009-09-08 04:54:37.0210000', '2005-06-19 18:14:38.9010000', 'CDOTF', 'Dixie968')
INSERT dbo.collar(id, deleted, created_date, updated_date, code, name) VALUES (49, 1, '1972-11-24 07:27:40.4390000', '2021-02-10 14:12:34.0630000', 'FWBEE', 'Austin912')
INSERT dbo.collar(id, deleted, created_date, updated_date, code, name) VALUES (50, 0, '2020-04-27 04:11:48.5790000', '1998-07-11 19:05:06.1260000', 'BNMNT', 'Ian2027')
GO
SET IDENTITY_INSERT dbo.collar OFF
GO

--
-- Inserting data into table [final].[dbo].[color]
--
SET IDENTITY_INSERT dbo.color ON
GO
INSERT dbo.color(id, deleted, created_date, updated_date, code, name) VALUES (1, 0, '1980-08-31 21:43:06.4100000', '1994-02-13 15:50:10.0030000', 'QKBUJ', 'Burleson579')
INSERT dbo.color(id, deleted, created_date, updated_date, code, name) VALUES (2, 1, '2015-02-03 08:11:04.1120000', '1992-11-17 20:34:14.2590000', 'IDADM', 'Devito2008')
INSERT dbo.color(id, deleted, created_date, updated_date, code, name) VALUES (3, 1, '1984-05-27 05:27:39.0920000', '1983-12-28 14:08:45.5380000', 'ORTAN', 'Ahmed2013')
INSERT dbo.color(id, deleted, created_date, updated_date, code, name) VALUES (4, 1, '1978-10-15 03:04:31.1810000', '2023-02-14 11:01:29.2640000', 'RFOHD', 'Johnathan1980')
INSERT dbo.color(id, deleted, created_date, updated_date, code, name) VALUES (5, 0, '2002-11-18 09:22:17.2990000', '1985-11-24 05:40:20.3500000', 'NWWEL', 'Jay2017')
INSERT dbo.color(id, deleted, created_date, updated_date, code, name) VALUES (6, 1, '1996-01-15 06:42:34.3270000', '2012-04-14 11:15:14.5450000', 'GDTWH', 'Jorge1997')
INSERT dbo.color(id, deleted, created_date, updated_date, code, name) VALUES (7, 1, '1982-05-11 11:38:54.8160000', '1985-10-11 17:03:02.0510000', 'MVNXT', 'Edmond212')
INSERT dbo.color(id, deleted, created_date, updated_date, code, name) VALUES (8, 1, '1980-07-17 08:16:42.5980000', '1979-07-26 23:03:42.2010000', 'RLHKC', 'Roth1988')
INSERT dbo.color(id, deleted, created_date, updated_date, code, name) VALUES (9, 1, '2018-10-06 03:55:21.1880000', '2002-04-26 10:37:19.0620000', 'SGMKJ', 'Alarcon2008')
INSERT dbo.color(id, deleted, created_date, updated_date, code, name) VALUES (10, 0, '1985-07-09 22:58:09.7920000', '1981-07-15 00:50:42.3980000', 'RBDDA', 'Abbott2007')
INSERT dbo.color(id, deleted, created_date, updated_date, code, name) VALUES (11, 1, '2004-09-27 14:31:16.0400000', '1972-02-10 00:28:08.6080000', 'UIGIL', 'Pierson193')
INSERT dbo.color(id, deleted, created_date, updated_date, code, name) VALUES (12, 0, '2008-12-08 07:28:03.9870000', '1981-06-25 10:22:17.7050000', 'ZSALJ', 'Bible1956')
INSERT dbo.color(id, deleted, created_date, updated_date, code, name) VALUES (13, 0, '2000-03-10 22:31:50.5440000', '1985-03-07 14:39:20.0090000', 'HATQM', 'Doris1986')
INSERT dbo.color(id, deleted, created_date, updated_date, code, name) VALUES (14, 0, '2010-05-18 04:44:36.8720000', '2015-07-24 10:40:38.4950000', 'MSAQE', 'Zina161')
INSERT dbo.color(id, deleted, created_date, updated_date, code, name) VALUES (15, 1, '1996-06-18 13:51:58.0030000', '2021-09-09 19:58:09.6230000', 'TYXZF', 'Cleveland812')
INSERT dbo.color(id, deleted, created_date, updated_date, code, name) VALUES (16, 0, '2013-04-21 10:37:44.2110000', '1974-02-06 00:01:24.1670000', 'CZTTX', 'Sherman438')
INSERT dbo.color(id, deleted, created_date, updated_date, code, name) VALUES (17, 0, '1995-09-10 19:42:00.1570000', '1993-10-05 07:30:19.2050000', 'TFQJX', 'Tibbs614')
INSERT dbo.color(id, deleted, created_date, updated_date, code, name) VALUES (18, 1, '2008-10-13 21:09:35.4900000', '1991-09-25 15:04:27.4130000', 'SEJRZ', 'Blackwood1955')
INSERT dbo.color(id, deleted, created_date, updated_date, code, name) VALUES (19, 1, '2013-03-30 10:56:52.4400000', '1978-05-11 17:00:03.1630000', 'CPTVM', 'Adam192')
INSERT dbo.color(id, deleted, created_date, updated_date, code, name) VALUES (20, 0, '1980-02-09 08:50:56.5920000', '2006-10-20 07:53:27.0040000', 'OSZJG', 'Scot9')
INSERT dbo.color(id, deleted, created_date, updated_date, code, name) VALUES (21, 1, '2019-04-10 23:32:17.9560000', '2015-04-21 09:35:45.4910000', 'CYWWT', 'Devries91')
INSERT dbo.color(id, deleted, created_date, updated_date, code, name) VALUES (22, 0, '2011-04-25 22:13:52.0000000', '2006-02-06 09:00:54.1460000', 'WGTTT', 'Dean1990')
INSERT dbo.color(id, deleted, created_date, updated_date, code, name) VALUES (23, 1, '1981-08-25 08:44:43.0870000', '1988-04-25 21:31:52.9370000', 'GLKUO', 'Trish74')
INSERT dbo.color(id, deleted, created_date, updated_date, code, name) VALUES (24, 1, '1988-11-25 12:41:08.1300000', '2024-03-20 20:18:19.8820000', 'DWJBZ', 'Branden174')
INSERT dbo.color(id, deleted, created_date, updated_date, code, name) VALUES (25, 0, '1989-11-15 22:35:17.0060000', '1996-08-24 13:10:25.8630000', 'UOGPH', 'Mark49')
INSERT dbo.color(id, deleted, created_date, updated_date, code, name) VALUES (26, 1, '1997-09-14 07:27:25.4360000', '1980-09-06 13:54:50.7270000', 'SGTAL', 'Goodman777')
INSERT dbo.color(id, deleted, created_date, updated_date, code, name) VALUES (27, 1, '2002-12-17 14:50:13.8350000', '2007-07-22 15:48:44.8730000', 'KXXKF', 'Shackelford944')
INSERT dbo.color(id, deleted, created_date, updated_date, code, name) VALUES (28, 1, '2019-09-28 07:50:39.6010000', '1983-12-18 01:05:00.0020000', 'RRMZG', 'Risa64')
INSERT dbo.color(id, deleted, created_date, updated_date, code, name) VALUES (29, 0, '2015-03-14 18:59:44.0970000', '1975-10-09 01:27:37.8590000', 'EKROC', 'Indira2003')
INSERT dbo.color(id, deleted, created_date, updated_date, code, name) VALUES (30, 0, '2014-05-30 10:32:11.0040000', '2004-12-16 00:26:24.8020000', 'VXUWA', 'Darnell1999')
INSERT dbo.color(id, deleted, created_date, updated_date, code, name) VALUES (31, 0, '1990-02-19 18:35:08.4220000', '2015-08-04 21:42:01.1420000', 'GBZRB', 'Cantu547')
INSERT dbo.color(id, deleted, created_date, updated_date, code, name) VALUES (32, 0, '2003-03-23 00:52:20.3710000', '2021-02-05 05:36:24.0220000', 'JCSYK', 'Vida2003')
INSERT dbo.color(id, deleted, created_date, updated_date, code, name) VALUES (33, 1, '2014-12-01 00:04:12.3700000', '1983-05-09 01:17:35.2890000', 'XZMWM', 'Milan2024')
INSERT dbo.color(id, deleted, created_date, updated_date, code, name) VALUES (34, 1, '2006-08-28 16:39:11.4690000', '2019-07-05 17:26:54.3400000', 'BLWLS', 'Joya1993')
INSERT dbo.color(id, deleted, created_date, updated_date, code, name) VALUES (35, 0, '1996-08-09 07:03:48.1910000', '1974-11-03 10:35:37.6340000', 'DXAXQ', 'Arthur1966')
INSERT dbo.color(id, deleted, created_date, updated_date, code, name) VALUES (36, 1, '1974-01-09 12:11:05.9120000', '2009-01-25 21:06:41.9300000', 'BWNOP', 'Furr2007')
INSERT dbo.color(id, deleted, created_date, updated_date, code, name) VALUES (37, 0, '2019-01-04 01:50:26.5920000', '1981-01-22 01:56:35.0080000', 'EXFDE', 'Roach2022')
INSERT dbo.color(id, deleted, created_date, updated_date, code, name) VALUES (38, 0, '1970-09-26 15:19:10.9270000', '1976-01-16 06:33:58.0310000', 'XGDWC', 'Frank746')
INSERT dbo.color(id, deleted, created_date, updated_date, code, name) VALUES (39, 1, '1971-03-24 18:14:43.9600000', '2018-11-12 05:24:55.6800000', 'SJSBU', 'Adolph4')
INSERT dbo.color(id, deleted, created_date, updated_date, code, name) VALUES (40, 0, '1972-11-01 11:59:50.4030000', '2022-09-01 21:51:04.5010000', 'RAOOF', 'Adela15')
INSERT dbo.color(id, deleted, created_date, updated_date, code, name) VALUES (41, 0, '2000-03-08 12:03:39.4030000', '1983-04-25 13:39:20.0090000', 'TXPKT', 'Elmore2')
INSERT dbo.color(id, deleted, created_date, updated_date, code, name) VALUES (42, 1, '2012-11-12 21:32:21.8470000', '2011-10-22 10:59:35.0010000', 'XRWNZ', 'Lane6')
INSERT dbo.color(id, deleted, created_date, updated_date, code, name) VALUES (43, 0, '1971-03-17 07:45:51.7650000', '1999-10-14 11:18:08.3230000', 'NZDYZ', 'Celia8')
INSERT dbo.color(id, deleted, created_date, updated_date, code, name) VALUES (44, 0, '2017-04-06 20:03:59.3920000', '1982-03-12 16:38:40.8730000', 'BYPAW', 'Lynn1975')
INSERT dbo.color(id, deleted, created_date, updated_date, code, name) VALUES (45, 1, '2006-08-09 14:27:18.9190000', '1973-07-13 03:50:57.3810000', 'QZOKQ', 'Owen38')
INSERT dbo.color(id, deleted, created_date, updated_date, code, name) VALUES (46, 1, '1989-02-12 17:01:46.7900000', '2015-05-27 13:10:48.5670000', 'PUWYY', 'Coletta797')
INSERT dbo.color(id, deleted, created_date, updated_date, code, name) VALUES (47, 1, '2004-10-03 10:40:41.0050000', '1971-09-23 02:35:40.2900000', 'DSOVX', 'Dalia1')
INSERT dbo.color(id, deleted, created_date, updated_date, code, name) VALUES (48, 0, '1995-04-03 19:16:43.5400000', '1986-08-15 00:24:51.9630000', 'JTMTD', 'Marcene1983')
INSERT dbo.color(id, deleted, created_date, updated_date, code, name) VALUES (49, 1, '1983-01-11 03:58:50.6870000', '2000-08-21 09:08:14.7170000', 'LPOUC', 'Justin487')
INSERT dbo.color(id, deleted, created_date, updated_date, code, name) VALUES (50, 0, '1990-12-02 10:47:32.0490000', '2001-10-31 19:18:14.5700000', 'JAPJD', 'Jody1964')
GO
SET IDENTITY_INSERT dbo.color OFF
GO

--
-- Inserting data into table [final].[dbo].[customer]
--
SET IDENTITY_INSERT dbo.customer ON
GO
INSERT dbo.customer(id, birth_date, deleted, created_date, updated_date, code, email, gender, name, password, phone, status) VALUES (1, '1982-10-26', 1, '2015-08-09 03:39:31.9490000', '1982-04-27 15:28:52.0170000', 'YUYPQ', 'LaticiaEStarkey@nowhere.com', 'Male', 'Catherina533', 'nY0lNQyksO70HjomJ04sfQ==', '(746) 224-4468', 'Active')
INSERT dbo.customer(id, birth_date, deleted, created_date, updated_date, code, email, gender, name, password, phone, status) VALUES (2, '1968-09-02', 0, '1972-11-17 15:34:31.3420000', '2007-09-17 20:18:47.8400000', 'QGHMH', 'cqkx89@nowhere.com', 'Female', 'Carmelina382', '+jFjUzU09pQga7fLMdk12w==', '(260) 789-3111', 'InActive')
INSERT dbo.customer(id, birth_date, deleted, created_date, updated_date, code, email, gender, name, password, phone, status) VALUES (3, '1963-05-09', 0, '1987-04-28 20:20:39.4960000', '2007-07-10 05:28:26.0450000', 'TCBXN', 'ShakitaBlackmon@example.com', 'Female', 'Mead1954', 'xj2QEmF8Amqfo5/ZWIRpsw==', '(779) 344-5511', 'InActive')
INSERT dbo.customer(id, birth_date, deleted, created_date, updated_date, code, email, gender, name, password, phone, status) VALUES (4, '1988-10-30', 0, '2018-07-31 02:35:01.6360000', '1982-06-14 11:07:42.9660000', 'OYWXD', 'CharissaJSchmid55@example.com', 'Male', 'Adelaida2', 'getm1WSGC03NI/+xwNZwyQ==', '(814) 857-0273', 'InActive')
INSERT dbo.customer(id, birth_date, deleted, created_date, updated_date, code, email, gender, name, password, phone, status) VALUES (5, '1992-10-17', 0, '2017-10-16 18:21:49.0030000', '1983-12-14 19:04:44.7450000', 'VEMKK', 'Henry18@example.com', 'Male', 'Lanier4', 'iBdPCjE45wHLd9KM2KZtNw==', '(326) 569-6801', 'Active')
INSERT dbo.customer(id, birth_date, deleted, created_date, updated_date, code, email, gender, name, password, phone, status) VALUES (6, '1960-12-03', 0, '1990-03-11 09:46:29.6410000', '1982-01-27 22:41:01.3020000', 'WOFPQ', 'rnshakod.neryapdzme@example.com', 'Male', 'Jarod2021', '5PyOtbko+RcPG9rwNUVdWQ==', '(455) 146-2952', 'Active')
INSERT dbo.customer(id, birth_date, deleted, created_date, updated_date, code, email, gender, name, password, phone, status) VALUES (7, '1976-10-01', 1, '1983-05-03 17:58:32.1790000', '1986-03-18 01:42:20.0080000', 'UYQNZ', 'IlanaAdkins@example.com', 'Female', 'Abney2020', 'hqoAZ4MHsERIFACe7u2+nw==', '(719) 126-5159', 'Active')
INSERT dbo.customer(id, birth_date, deleted, created_date, updated_date, code, email, gender, name, password, phone, status) VALUES (8, '1976-12-23', 1, '1997-06-26 19:20:03.1820000', '1979-08-24 17:24:26.0080000', 'XJAVB', 'Chung_B_Milner@example.com', 'Female', 'Rawlings1966', 'G24XQCA4lUXvAndGGHNLzw==', '(624) 326-7798', 'InActive')
INSERT dbo.customer(id, birth_date, deleted, created_date, updated_date, code, email, gender, name, password, phone, status) VALUES (9, '1962-02-07', 0, '2022-05-11 12:58:49.7540000', '1987-09-14 11:51:44.3800000', 'SIIBA', 'Burchett439@example.com', 'Male', 'Zook2014', 'm0oAX8jxbIY37rop26o3dQ==', '(420) 322-0889', 'Active')
INSERT dbo.customer(id, birth_date, deleted, created_date, updated_date, code, email, gender, name, password, phone, status) VALUES (10, '1964-07-25', 1, '1973-09-22 22:02:10.5310000', '1970-04-21 14:21:10.8400000', 'VYKZU', 'MargaritoUAugust@nowhere.com', 'Female', 'Denna1961', 'XxXQe0EGXeNjhHXe9MMeRg==', '(451) 380-3859', 'Active')
INSERT dbo.customer(id, birth_date, deleted, created_date, updated_date, code, email, gender, name, password, phone, status) VALUES (11, '1954-01-05', 0, '1983-07-22 22:30:23.0100000', '2007-03-03 16:56:38.0040000', 'BWVJG', 'Abbott@example.com', 'Female', 'Bert631', 'BMDwbbSzl7Yd2KPo0cvpxQ==', '(654) 495-8151', 'InActive')
INSERT dbo.customer(id, birth_date, deleted, created_date, updated_date, code, email, gender, name, password, phone, status) VALUES (12, '1982-07-17', 1, '1986-01-25 08:43:43.2000000', '1995-06-15 18:50:10.0080000', 'BWFLP', 'Guzman698@example.com', 'Female', 'Crouch93', '29ONA5XIX+TjI7pBfFdqLg==', '(887) 895-4302', 'InActive')
INSERT dbo.customer(id, birth_date, deleted, created_date, updated_date, code, email, gender, name, password, phone, status) VALUES (13, '1964-12-14', 1, '2014-07-17 17:08:47.7880000', '1993-06-17 00:21:33.9570000', 'RGDFM', 'Abbott392@example.com', 'Male', 'Wynona1996', 'GLDFiAW6pa2LHGEdlhaBUA==', '(457) 463-7173', 'InActive')
INSERT dbo.customer(id, birth_date, deleted, created_date, updated_date, code, email, gender, name, password, phone, status) VALUES (14, '1996-08-24', 0, '1977-02-28 07:36:18.9080000', '2013-01-31 04:51:31.9080000', 'OEUJU', 'BradleyX.Short89@example.com', 'Male', 'Hawkins231', 'B62HCDOU5y78dAHJj1Nw3w==', '(827) 128-0029', 'InActive')
INSERT dbo.customer(id, birth_date, deleted, created_date, updated_date, code, email, gender, name, password, phone, status) VALUES (15, '1954-07-02', 0, '1976-12-28 14:56:39.8180000', '1986-02-17 02:55:55.5460000', 'EITTD', 'CyrilCrawford372@example.com', 'Female', 'Wheeler2', 'S5KSTHUtiq4u18gEZw2qBQ==', '(890) 024-2675', 'Active')
INSERT dbo.customer(id, birth_date, deleted, created_date, updated_date, code, email, gender, name, password, phone, status) VALUES (16, '2003-09-15', 0, '1983-10-10 05:48:30.8610000', '2005-03-12 22:39:39.0060000', 'WKVNF', 'Tracey_Bunch429@example.com', 'Female', 'Lester2029', '+iDRnEqBecgeBq3yqr+C/g==', '(522) 843-2761', 'Active')
INSERT dbo.customer(id, birth_date, deleted, created_date, updated_date, code, email, gender, name, password, phone, status) VALUES (17, '1955-07-20', 0, '2008-04-10 04:36:03.7110000', '1981-02-04 17:24:10.3340000', 'KOVGR', 'ksvr43@example.com', 'Male', 'Riva1959', 'i0Pg5skKOKcdz9bjHxHDEg==', '(609) 043-5860', 'Active')
INSERT dbo.customer(id, birth_date, deleted, created_date, updated_date, code, email, gender, name, password, phone, status) VALUES (18, '1981-09-12', 0, '2022-11-20 12:24:03.6500000', '2002-09-15 08:09:16.0050000', 'OZNXZ', 'Herrmann@example.com', 'Female', 'Acevedo1972', 'YM35Hnds3/th2nlgoQY4vg==', '(381) 914-3674', 'Active')
INSERT dbo.customer(id, birth_date, deleted, created_date, updated_date, code, email, gender, name, password, phone, status) VALUES (19, '1984-09-22', 1, '2005-03-06 12:47:13.2760000', '1972-04-29 05:23:52.8800000', 'HDCVP', 'Gifford7@example.com', 'Male', 'Ziegler1970', 'tkbidvA1TC/NlUECVDdSYA==', '(369) 861-2460', 'InActive')
INSERT dbo.customer(id, birth_date, deleted, created_date, updated_date, code, email, gender, name, password, phone, status) VALUES (20, '1962-01-28', 0, '1986-04-21 07:38:10.1320000', '2023-11-27 07:31:02.2860000', 'KEHBU', 'obzfhvfe.dkgluf@example.com', 'Female', 'Shaw2019', 'eqJb6ppKiZeG/rNWtFt/OA==', '(244) 582-6982', 'InActive')
INSERT dbo.customer(id, birth_date, deleted, created_date, updated_date, code, email, gender, name, password, phone, status) VALUES (21, '1969-11-14', 0, '1984-09-10 12:28:41.0290000', '1987-05-22 05:46:10.5830000', 'PRWFI', 'ChantelleAcevedo82@example.com', 'Female', 'Alfonzo534', '6GqiEKCSDvrpydb8pbN8+Q==', '(938) 874-1142', 'Active')
INSERT dbo.customer(id, birth_date, deleted, created_date, updated_date, code, email, gender, name, password, phone, status) VALUES (22, '1954-01-10', 1, '2014-12-21 22:47:33.0980000', '2009-01-06 06:25:46.3080000', 'JFFKT', 'CarrollWhelan@example.com', 'Male', 'Cisneros36', 'kuTS2j0VKLyfZmi7wm1jPg==', '(623) 515-8612', 'InActive')
INSERT dbo.customer(id, birth_date, deleted, created_date, updated_date, code, email, gender, name, password, phone, status) VALUES (23, '1954-01-24', 1, '1974-11-21 23:00:39.7800000', '2015-01-03 16:14:21.0540000', 'RWCNP', 'King@example.com', 'Male', 'Antwan96', '8k+yuPcohUHAFA/H/rp9uQ==', '(981) 708-8793', 'InActive')
INSERT dbo.customer(id, birth_date, deleted, created_date, updated_date, code, email, gender, name, password, phone, status) VALUES (24, '1976-01-03', 0, '2016-08-11 03:04:32.0710000', '1971-06-25 13:00:00.6940000', 'YTVNI', 'rsvme0@example.com', 'Male', 'Alanna8', 'IjeuBfDoxDzbPS9yW0ZGEA==', '(853) 657-0024', 'InActive')
INSERT dbo.customer(id, birth_date, deleted, created_date, updated_date, code, email, gender, name, password, phone, status) VALUES (25, '1955-01-14', 1, '2024-08-12 08:26:53.0930000', '1982-07-08 18:09:45.1750000', 'NBCZQ', 'zhmjzjpe.wssz@nowhere.com', 'Male', 'Jamey848', 'egEEvZxc3ccL7qFcds+fXQ==', '(317) 631-7756', 'Active')
INSERT dbo.customer(id, birth_date, deleted, created_date, updated_date, code, email, gender, name, password, phone, status) VALUES (26, '1955-08-07', 0, '2015-12-23 02:52:57.6180000', '1974-08-16 09:02:45.9350000', 'DXEXV', 'AmosTijerina48@example.com', 'Female', 'Mitchell5', 'FjGSgxlv9wZ2l+fQFmBuoA==', '(742) 431-9908', 'Active')
INSERT dbo.customer(id, birth_date, deleted, created_date, updated_date, code, email, gender, name, password, phone, status) VALUES (27, '1966-05-28', 0, '1985-01-05 17:36:23.7930000', '1977-12-17 09:14:38.0030000', 'UQFZL', 'Chaya_O.Abel751@nowhere.com', 'Male', 'Enrique2006', 'qxBN5BO5zVhYd4oc22WS8Q==', '(555) 648-3462', 'InActive')
INSERT dbo.customer(id, birth_date, deleted, created_date, updated_date, code, email, gender, name, password, phone, status) VALUES (28, '1985-12-07', 1, '2020-04-28 06:47:17.7670000', '1988-08-26 15:14:01.9690000', 'OQRAU', 'AdrianYanez291@example.com', 'Male', 'Courtney2007', 'BqjV+n+RQytsR6IMZwtceg==', '(707) 417-5285', 'InActive')
INSERT dbo.customer(id, birth_date, deleted, created_date, updated_date, code, email, gender, name, password, phone, status) VALUES (29, '1955-01-30', 1, '1991-11-17 05:17:51.9610000', '1978-01-27 22:45:22.1290000', 'PDPFJ', 'Nanette_Marble@example.com', 'Male', 'Xavier1964', 'ketDak4CPVbwPEW5VgZG1A==', '(799) 898-7370', 'InActive')
INSERT dbo.customer(id, birth_date, deleted, created_date, updated_date, code, email, gender, name, password, phone, status) VALUES (30, '1954-03-23', 1, '2001-03-17 11:32:44.0740000', '1995-02-20 00:11:14.8990000', 'JLZFJ', 'JacquelyneCheek789@example.com', 'Male', 'Begay34', 'sk3SNecqiUiYIwzl7kkYPg==', '(681) 028-4502', 'Active')
INSERT dbo.customer(id, birth_date, deleted, created_date, updated_date, code, email, gender, name, password, phone, status) VALUES (31, '1996-09-29', 1, '2004-02-04 23:23:50.0010000', '1975-05-13 10:46:53.4940000', 'XHBXG', 'Christian8@example.com', 'Female', 'Shanna1960', 'YLpLYQI0013Q5G9Ua8xiew==', '(466) 769-9359', 'Active')
INSERT dbo.customer(id, birth_date, deleted, created_date, updated_date, code, email, gender, name, password, phone, status) VALUES (32, '1955-09-20', 1, '1985-06-29 16:23:31.1720000', '2004-10-01 06:42:05.4300000', 'RWQEN', 'Velasquez2@nowhere.com', 'Female', 'Angelo2018', 'y5xyFCa3Nt5f+iP8ejZ7JA==', '(778) 518-4302', 'Active')
INSERT dbo.customer(id, birth_date, deleted, created_date, updated_date, code, email, gender, name, password, phone, status) VALUES (33, '1981-04-13', 0, '1977-05-04 14:04:24.3120000', '2006-02-13 20:09:13.2040000', 'CNBXS', 'Christinia.Pritchard9@nowhere.com', 'Female', 'Addie2014', 'Sv4fdL9vH0ileNSARU8l7Q==', '(203) 024-6813', 'InActive')
INSERT dbo.customer(id, birth_date, deleted, created_date, updated_date, code, email, gender, name, password, phone, status) VALUES (34, '1971-11-08', 1, '2019-08-25 07:06:28.6060000', '2006-04-22 18:23:40.8720000', 'SECOI', 'Vanesa_Chism314@nowhere.com', 'Female', 'Giovanni9', 'fFWJdG90dutFNcIN/BjYtw==', '(208) 663-7630', 'InActive')
INSERT dbo.customer(id, birth_date, deleted, created_date, updated_date, code, email, gender, name, password, phone, status) VALUES (35, '1965-11-01', 0, '1971-10-24 23:07:40.7450000', '1994-03-26 05:59:38.0070000', 'IALXD', 'ValarieRuby@nowhere.com', 'Male', 'Adair845', 'JtnknCpSQEvoS5xub+yGfA==', '(177) 371-0441', 'Active')
INSERT dbo.customer(id, birth_date, deleted, created_date, updated_date, code, email, gender, name, password, phone, status) VALUES (36, '1980-02-06', 1, '2002-04-11 17:42:15.8390000', '1983-03-02 23:07:00.0110000', 'HRXJP', 'Marvel.Knott3@nowhere.com', 'Male', 'Patricia1994', 'r6uA1Oz2jWU9TcwImG53Fw==', '(575) 367-5249', 'Active')
INSERT dbo.customer(id, birth_date, deleted, created_date, updated_date, code, email, gender, name, password, phone, status) VALUES (37, '1994-12-13', 0, '1986-03-14 22:06:21.3490000', '2004-03-03 19:09:24.9680000', 'ASSZT', 'RaisaBooker@example.com', 'Male', 'Pringle1994', 'nUs89TjpgRa9GTtI8WEkFg==', '(966) 421-6513', 'InActive')
INSERT dbo.customer(id, birth_date, deleted, created_date, updated_date, code, email, gender, name, password, phone, status) VALUES (38, '1965-07-14', 0, '1983-10-11 08:27:48.1550000', '1989-04-04 22:14:56.0640000', 'LUIMJ', 'Martino@example.com', 'Male', 'Mears617', 'lxntHFsLOMjPUOu/9c1BRA==', '(426) 845-0136', 'InActive')
INSERT dbo.customer(id, birth_date, deleted, created_date, updated_date, code, email, gender, name, password, phone, status) VALUES (39, '1970-03-06', 0, '1972-07-09 06:00:20.9540000', '1976-11-26 21:38:20.6570000', 'VGFND', 'Jerold_Overstreet872@example.com', 'Female', 'Enriquez819', 'KoysCFyc3V9usvH0xFV4gw==', '(232) 985-2186', 'Active')
INSERT dbo.customer(id, birth_date, deleted, created_date, updated_date, code, email, gender, name, password, phone, status) VALUES (40, '1968-03-02', 0, '2017-12-30 01:41:43.0540000', '1985-09-29 05:39:18.6560000', 'MZCKC', 'NathanaelAntoine@example.com', 'Female', 'Harley1998', 'E/rLFMUmruc9vcpRkAGbSw==', '(436) 381-7085', 'Active')
INSERT dbo.customer(id, birth_date, deleted, created_date, updated_date, code, email, gender, name, password, phone, status) VALUES (41, '1956-02-08', 1, '2007-06-01 06:21:34.1430000', '2010-06-15 04:33:24.5440000', 'HARSY', 'Tobin55@nowhere.com', 'Male', 'Winslow1950', '1bsae2YCbr5lRT7eVCcRnA==', '(179) 815-4980', 'Active')
INSERT dbo.customer(id, birth_date, deleted, created_date, updated_date, code, email, gender, name, password, phone, status) VALUES (42, '1956-07-10', 0, '2010-05-20 10:17:21.2070000', '2015-05-10 03:07:40.4370000', 'UIGVK', 'Leigh_Saucedo429@example.com', 'Male', 'Abraham2020', '+m+3MbhWsmxqcWFOIE2Eyg==', '(167) 166-2191', 'Active')
INSERT dbo.customer(id, birth_date, deleted, created_date, updated_date, code, email, gender, name, password, phone, status) VALUES (43, '1968-06-01', 1, '2021-11-05 11:25:34.6110000', '1997-02-12 18:27:52.0500000', 'WDIZK', 'Fitzgerald@example.com', 'Female', 'Christian6', 'Zbhbs9UQ0n5jZ2dL6VNbMQ==', '(963) 300-7043', 'InActive')
INSERT dbo.customer(id, birth_date, deleted, created_date, updated_date, code, email, gender, name, password, phone, status) VALUES (44, '1997-11-03', 0, '2017-05-17 16:50:16.0020000', '2014-06-23 01:11:43.0900000', 'NKFYY', 'Cushman@nowhere.com', 'Female', 'Milliken166', 'HVRAmZsghRmbliENx/5BtA==', '(971) 271-0373', 'Active')
INSERT dbo.customer(id, birth_date, deleted, created_date, updated_date, code, email, gender, name, password, phone, status) VALUES (45, '1955-05-13', 1, '2018-02-08 19:40:06.2310000', '1974-06-15 10:49:52.9090000', 'AQPKZ', 'KristopherAbel@example.com', 'Female', 'Alec1986', 'XH7e8+QAvCvaqRorkaHb1A==', '(134) 265-4165', 'Active')
INSERT dbo.customer(id, birth_date, deleted, created_date, updated_date, code, email, gender, name, password, phone, status) VALUES (46, '1954-01-10', 1, '1994-04-29 19:13:14.0040000', '2023-03-09 21:20:12.4330000', 'ZTGUZ', 'PenaO93@example.com', 'Male', 'Avelina2017', '8R21OnsSruOCgZMZF/9g0Q==', '(889) 514-1364', 'Active')
INSERT dbo.customer(id, birth_date, deleted, created_date, updated_date, code, email, gender, name, password, phone, status) VALUES (47, '1954-04-04', 1, '1998-11-15 21:22:08.0510000', '2024-09-07 03:07:33.7080000', 'VFISK', 'ymtk6233@example.com', 'Female', 'Michael531', 'uwgK/Cwm00QV/kg4ZWvUNQ==', '(849) 481-4011', 'InActive')
INSERT dbo.customer(id, birth_date, deleted, created_date, updated_date, code, email, gender, name, password, phone, status) VALUES (48, '1965-03-06', 0, '1981-03-10 11:49:43.5460000', '2014-07-13 02:52:15.6100000', 'MWVYP', 'ArndtY74@nowhere.com', 'Male', 'Snider2017', '+j6Me2lYUgdNyBzkqdlmow==', '(341) 658-1278', 'Active')
INSERT dbo.customer(id, birth_date, deleted, created_date, updated_date, code, email, gender, name, password, phone, status) VALUES (49, '1975-09-15', 0, '1981-09-04 22:32:42.0790000', '1971-08-21 06:55:51.1030000', 'SDGZF', 'Schneider@example.com', 'Male', 'Stallings2029', 'Jiv+l5Hzi8krj4Lyo9wyxw==', '(128) 402-9607', 'InActive')
INSERT dbo.customer(id, birth_date, deleted, created_date, updated_date, code, email, gender, name, password, phone, status) VALUES (50, '1964-01-02', 1, '2023-11-18 21:31:58.9800000', '1973-06-17 13:22:51.9340000', 'MVJOX', 'Abney3@nowhere.com', 'Female', 'Kimbrough1', 'KNge2h3MSTT7guWKVw4OAg==', '(692) 043-6688', 'Active')
GO
SET IDENTITY_INSERT dbo.customer OFF
GO

--
-- Inserting data into table [final].[dbo].[elasticity]
--
SET IDENTITY_INSERT dbo.elasticity ON
GO
INSERT dbo.elasticity(id, deleted, created_date, updated_date, code, name) VALUES (1, 1, '2001-08-29 17:12:28.9050000', '2023-01-28 08:30:25.4980000', 'YHLYV', 'Peggy2017')
INSERT dbo.elasticity(id, deleted, created_date, updated_date, code, name) VALUES (2, 0, '1985-06-07 22:57:56.4370000', '2017-12-27 11:21:05.4700000', 'NAFBF', 'Hosea2018')
INSERT dbo.elasticity(id, deleted, created_date, updated_date, code, name) VALUES (3, 0, '1984-06-04 00:08:31.8360000', '1988-01-05 07:29:00.0610000', 'DVXBI', 'Sandy1974')
INSERT dbo.elasticity(id, deleted, created_date, updated_date, code, name) VALUES (4, 0, '2001-07-13 12:31:11.0260000', '1999-02-17 04:05:41.2020000', 'IHYAL', 'Chasity1995')
INSERT dbo.elasticity(id, deleted, created_date, updated_date, code, name) VALUES (5, 1, '2000-04-15 14:57:54.0500000', '1979-08-25 19:33:22.0070000', 'GMFXG', 'Pridgen613')
INSERT dbo.elasticity(id, deleted, created_date, updated_date, code, name) VALUES (6, 0, '1984-04-07 07:26:57.0070000', '1995-09-15 07:27:10.8460000', 'UEVAC', 'Mirna174')
INSERT dbo.elasticity(id, deleted, created_date, updated_date, code, name) VALUES (7, 1, '2010-01-29 18:55:18.0650000', '1971-04-21 18:57:55.4780000', 'WIKEX', 'Daryl484')
INSERT dbo.elasticity(id, deleted, created_date, updated_date, code, name) VALUES (8, 1, '2008-02-23 05:51:27.2510000', '1995-12-26 12:35:50.5280000', 'CNFAB', 'Adolph92')
INSERT dbo.elasticity(id, deleted, created_date, updated_date, code, name) VALUES (9, 0, '1982-12-08 11:10:33.0000000', '1983-06-15 15:59:52.7400000', 'SXGSA', 'Jacelyn897')
INSERT dbo.elasticity(id, deleted, created_date, updated_date, code, name) VALUES (10, 1, '1980-11-11 09:16:50.5690000', '2000-04-09 04:49:00.0780000', 'RFGJH', 'Rebbeca1')
INSERT dbo.elasticity(id, deleted, created_date, updated_date, code, name) VALUES (11, 1, '1988-12-06 19:23:10.3970000', '1983-02-13 12:05:32.0090000', 'ZWYLN', 'Washburn588')
INSERT dbo.elasticity(id, deleted, created_date, updated_date, code, name) VALUES (12, 0, '1986-03-13 05:54:42.0730000', '1997-01-28 23:05:13.0540000', 'UOASL', 'Yajaira1993')
INSERT dbo.elasticity(id, deleted, created_date, updated_date, code, name) VALUES (13, 0, '1988-08-12 15:31:29.3470000', '2023-01-16 00:45:21.7110000', 'MGPRB', 'Jan6')
INSERT dbo.elasticity(id, deleted, created_date, updated_date, code, name) VALUES (14, 0, '1972-05-11 22:25:46.7130000', '1999-12-16 09:40:46.0010000', 'ZUZPY', 'Castellanos757')
INSERT dbo.elasticity(id, deleted, created_date, updated_date, code, name) VALUES (15, 1, '2019-05-04 21:42:49.2300000', '2006-07-19 13:00:10.7160000', 'MKYQB', 'Arturo222')
INSERT dbo.elasticity(id, deleted, created_date, updated_date, code, name) VALUES (16, 1, '1976-09-02 05:35:18.6050000', '1977-10-31 08:05:12.7330000', 'KXECA', 'Landry2027')
INSERT dbo.elasticity(id, deleted, created_date, updated_date, code, name) VALUES (17, 0, '2021-12-28 18:09:29.0930000', '1999-05-31 09:21:42.9600000', 'VSVWD', 'Abney1975')
INSERT dbo.elasticity(id, deleted, created_date, updated_date, code, name) VALUES (18, 0, '2022-09-28 17:53:38.6680000', '2005-01-11 23:43:35.1480000', 'BICIO', 'Bobby37')
INSERT dbo.elasticity(id, deleted, created_date, updated_date, code, name) VALUES (19, 1, '2018-01-02 13:58:26.2610000', '2001-03-29 08:25:39.9710000', 'XXORH', 'Andrews44')
INSERT dbo.elasticity(id, deleted, created_date, updated_date, code, name) VALUES (20, 0, '1993-02-19 07:32:57.6170000', '2019-11-26 05:47:37.0020000', 'MMZWW', 'Shrader2007')
INSERT dbo.elasticity(id, deleted, created_date, updated_date, code, name) VALUES (21, 0, '2015-06-11 12:48:25.3820000', '2020-02-14 12:05:59.9730000', 'GYQGT', 'Burkholder42')
INSERT dbo.elasticity(id, deleted, created_date, updated_date, code, name) VALUES (22, 0, '1979-02-21 17:02:22.7970000', '1976-12-29 12:21:52.9730000', 'IYBMN', 'Abbott343')
INSERT dbo.elasticity(id, deleted, created_date, updated_date, code, name) VALUES (23, 0, '2001-08-24 17:51:16.4140000', '2010-05-29 19:58:05.0060000', 'XDCVN', 'Teodoro2016')
INSERT dbo.elasticity(id, deleted, created_date, updated_date, code, name) VALUES (24, 0, '2005-11-09 14:36:16.4340000', '1985-06-02 03:54:13.4450000', 'ARTKB', 'Dominga1990')
INSERT dbo.elasticity(id, deleted, created_date, updated_date, code, name) VALUES (25, 1, '1972-09-17 12:28:31.2240000', '2022-10-19 17:56:35.0110000', 'VPBNB', 'Bart2005')
INSERT dbo.elasticity(id, deleted, created_date, updated_date, code, name) VALUES (26, 0, '1993-04-05 10:49:06.0170000', '2016-03-01 04:24:33.7020000', 'CTNWL', 'Boudreaux16')
INSERT dbo.elasticity(id, deleted, created_date, updated_date, code, name) VALUES (27, 0, '1973-08-04 12:26:09.2780000', '2022-06-24 22:17:27.7920000', 'HQRHF', 'Abdul2021')
INSERT dbo.elasticity(id, deleted, created_date, updated_date, code, name) VALUES (28, 0, '1970-04-01 16:37:07.3790000', '2024-09-13 04:22:42.3520000', 'QPNTT', 'Esquivel194')
INSERT dbo.elasticity(id, deleted, created_date, updated_date, code, name) VALUES (29, 0, '2005-05-05 14:27:17.0780000', '2023-09-02 03:21:40.6030000', 'WCBIH', 'Rouse263')
INSERT dbo.elasticity(id, deleted, created_date, updated_date, code, name) VALUES (30, 0, '1991-12-04 22:52:45.0540000', '2015-02-26 23:21:56.5210000', 'MLAWF', 'Ashton498')
INSERT dbo.elasticity(id, deleted, created_date, updated_date, code, name) VALUES (31, 1, '2001-07-14 23:16:46.2800000', '1993-08-18 04:59:23.4910000', 'BPBDT', 'Shella2013')
INSERT dbo.elasticity(id, deleted, created_date, updated_date, code, name) VALUES (32, 0, '1971-08-16 18:15:12.9180000', '1975-09-11 02:21:09.4590000', 'RSXBA', 'Stack1959')
INSERT dbo.elasticity(id, deleted, created_date, updated_date, code, name) VALUES (33, 0, '1992-12-22 02:03:32.7100000', '2012-12-08 21:36:05.0020000', 'UZOWF', 'Susanna268')
INSERT dbo.elasticity(id, deleted, created_date, updated_date, code, name) VALUES (34, 1, '2016-12-21 22:34:52.8490000', '2002-12-05 09:24:03.1570000', 'PATRZ', 'Lynn1983')
INSERT dbo.elasticity(id, deleted, created_date, updated_date, code, name) VALUES (35, 1, '1975-06-18 01:50:32.1060000', '2012-07-07 04:47:20.6130000', 'VYMYI', 'Abdul2016')
INSERT dbo.elasticity(id, deleted, created_date, updated_date, code, name) VALUES (36, 1, '2006-02-26 20:16:16.3890000', '1978-02-04 21:04:34.5230000', 'CTEGV', 'Norberto2003')
INSERT dbo.elasticity(id, deleted, created_date, updated_date, code, name) VALUES (37, 1, '2001-02-17 12:28:57.0440000', '1988-08-20 00:40:47.0710000', 'JJIHS', 'Ethelene2018')
INSERT dbo.elasticity(id, deleted, created_date, updated_date, code, name) VALUES (38, 1, '1984-02-01 01:05:59.5090000', '1979-02-07 18:06:22.5520000', 'PIPMK', 'Coleman2020')
INSERT dbo.elasticity(id, deleted, created_date, updated_date, code, name) VALUES (39, 1, '1999-06-18 19:46:03.5610000', '2002-08-18 00:51:14.7640000', 'OAUIQ', 'Jerrod212')
INSERT dbo.elasticity(id, deleted, created_date, updated_date, code, name) VALUES (40, 1, '2010-08-15 10:14:03.1020000', '1994-06-28 08:29:21.2030000', 'ZXTKX', 'Karl2023')
INSERT dbo.elasticity(id, deleted, created_date, updated_date, code, name) VALUES (41, 0, '1983-04-24 06:52:50.4470000', '1972-05-19 15:48:44.7020000', 'NRFPH', 'Burl745')
INSERT dbo.elasticity(id, deleted, created_date, updated_date, code, name) VALUES (42, 1, '1978-10-13 20:31:10.2050000', '1984-02-10 02:18:17.0130000', 'JCITF', 'Adela1963')
INSERT dbo.elasticity(id, deleted, created_date, updated_date, code, name) VALUES (43, 1, '2008-12-09 13:54:48.0580000', '2004-05-21 20:30:45.7130000', 'FXMQR', 'Lorenzo177')
INSERT dbo.elasticity(id, deleted, created_date, updated_date, code, name) VALUES (44, 1, '2012-01-19 05:54:58.4330000', '1990-04-09 10:03:13.0820000', 'LEDAJ', 'Aguilar2016')
INSERT dbo.elasticity(id, deleted, created_date, updated_date, code, name) VALUES (45, 1, '1981-05-15 16:21:38.0720000', '1993-01-03 10:03:56.5340000', 'ERXHU', 'Lane1983')
INSERT dbo.elasticity(id, deleted, created_date, updated_date, code, name) VALUES (46, 0, '2009-04-01 07:08:34.1480000', '2021-07-26 09:33:16.0810000', 'JIZZS', 'Virgilio726')
INSERT dbo.elasticity(id, deleted, created_date, updated_date, code, name) VALUES (47, 0, '1979-12-10 11:51:30.5230000', '2007-02-28 00:12:05.0200000', 'GVRXX', 'Millard233')
INSERT dbo.elasticity(id, deleted, created_date, updated_date, code, name) VALUES (48, 0, '1975-07-13 10:27:04.1190000', '1984-11-08 08:25:25.0240000', 'TXMXY', 'Lita68')
INSERT dbo.elasticity(id, deleted, created_date, updated_date, code, name) VALUES (49, 0, '1985-09-23 07:25:25.0030000', '2022-04-19 00:06:24.8520000', 'CUTND', 'Markley514')
INSERT dbo.elasticity(id, deleted, created_date, updated_date, code, name) VALUES (50, 1, '2002-09-23 16:12:19.5610000', '2001-01-21 10:37:47.7590000', 'USROO', 'Mercedez2000')
GO
SET IDENTITY_INSERT dbo.elasticity OFF
GO

--
-- Inserting data into table [final].[dbo].[image]
--
SET IDENTITY_INSERT dbo.image ON
GO
INSERT dbo.image(id, deleted, created_date, updated_date, code, name) VALUES (1, 1, '1973-09-15 23:47:00.8880000', '1989-03-27 07:28:24.9930000', 'XTWPI', 'Abdul551')
INSERT dbo.image(id, deleted, created_date, updated_date, code, name) VALUES (2, 0, '2008-05-26 03:39:03.0750000', '1986-04-04 12:33:36.6700000', 'LHEGH', 'Lizzette466')
INSERT dbo.image(id, deleted, created_date, updated_date, code, name) VALUES (3, 0, '1986-07-09 08:23:44.7790000', '1986-03-05 13:36:14.7370000', 'LUQBK', 'Alonzo2022')
INSERT dbo.image(id, deleted, created_date, updated_date, code, name) VALUES (4, 0, '1971-09-21 04:35:00.0300000', '2016-01-21 12:31:59.5610000', 'JZNXZ', 'Abney7')
INSERT dbo.image(id, deleted, created_date, updated_date, code, name) VALUES (5, 1, '1999-08-06 10:35:21.0260000', '1982-08-12 06:53:24.2840000', 'HWPDI', 'Jarrod2023')
INSERT dbo.image(id, deleted, created_date, updated_date, code, name) VALUES (6, 1, '2007-09-24 13:29:34.0020000', '2014-11-13 10:45:49.0080000', 'QGJVN', 'Alisa2016')
INSERT dbo.image(id, deleted, created_date, updated_date, code, name) VALUES (7, 0, '2013-12-23 19:57:57.7770000', '1991-10-18 23:56:14.6780000', 'QLTBG', 'Bess1981')
INSERT dbo.image(id, deleted, created_date, updated_date, code, name) VALUES (8, 1, '1976-11-17 19:17:02.6910000', '1975-12-25 09:39:06.8360000', 'BJPJP', 'Roark982')
INSERT dbo.image(id, deleted, created_date, updated_date, code, name) VALUES (9, 1, '1991-01-01 17:20:54.4470000', '1999-07-11 22:25:27.2360000', 'DLNHM', 'Chadwick842')
INSERT dbo.image(id, deleted, created_date, updated_date, code, name) VALUES (10, 0, '1995-10-14 15:42:53.8540000', '2020-02-27 08:06:09.9590000', 'UASBS', 'Alphonso8')
INSERT dbo.image(id, deleted, created_date, updated_date, code, name) VALUES (11, 1, '2017-12-07 04:14:51.0020000', '2019-11-03 05:50:45.3850000', 'VTXCB', 'Lacresha5')
INSERT dbo.image(id, deleted, created_date, updated_date, code, name) VALUES (12, 1, '2020-06-29 15:48:32.4950000', '2003-01-09 09:22:11.7960000', 'KGEUP', 'Denham1998')
INSERT dbo.image(id, deleted, created_date, updated_date, code, name) VALUES (13, 1, '1970-06-18 16:54:46.3510000', '1988-03-18 16:57:53.0430000', 'TUONP', 'Antonina2029')
INSERT dbo.image(id, deleted, created_date, updated_date, code, name) VALUES (14, 0, '2021-11-09 18:27:47.5130000', '1992-04-08 19:43:16.4390000', 'KFQAF', 'Adolph1')
INSERT dbo.image(id, deleted, created_date, updated_date, code, name) VALUES (15, 0, '1992-02-05 23:04:27.1930000', '2005-10-20 16:35:42.4750000', 'JXHJM', 'Brandon1')
INSERT dbo.image(id, deleted, created_date, updated_date, code, name) VALUES (16, 0, '2024-02-15 14:42:30.2340000', '1984-03-08 22:26:06.0090000', 'DOKQW', 'Dyan121')
INSERT dbo.image(id, deleted, created_date, updated_date, code, name) VALUES (17, 1, '1987-10-31 06:19:08.1780000', '1976-05-13 09:41:57.0660000', 'RYAYZ', 'Adah395')
INSERT dbo.image(id, deleted, created_date, updated_date, code, name) VALUES (18, 1, '1973-11-27 15:59:23.0080000', '1988-06-12 14:00:56.6870000', 'PKUAT', 'Alene2017')
INSERT dbo.image(id, deleted, created_date, updated_date, code, name) VALUES (19, 1, '2015-01-08 06:21:14.4470000', '1994-09-21 04:21:48.7270000', 'JRCEV', 'Lewis543')
INSERT dbo.image(id, deleted, created_date, updated_date, code, name) VALUES (20, 1, '2014-07-15 12:50:25.7190000', '1991-08-15 13:30:24.3580000', 'NXJSB', 'Nowlin1968')
INSERT dbo.image(id, deleted, created_date, updated_date, code, name) VALUES (21, 1, '2013-03-21 05:56:38.5660000', '1995-12-06 22:23:23.6420000', 'EXUYQ', 'Barkley797')
INSERT dbo.image(id, deleted, created_date, updated_date, code, name) VALUES (22, 0, '2016-01-23 15:25:59.2390000', '1972-12-03 21:39:47.5050000', 'NTSQU', 'Foster1958')
INSERT dbo.image(id, deleted, created_date, updated_date, code, name) VALUES (23, 1, '1972-04-05 16:00:15.1730000', '2003-01-07 02:41:42.5260000', 'JCDUI', 'Laverne353')
INSERT dbo.image(id, deleted, created_date, updated_date, code, name) VALUES (24, 1, '1979-05-16 14:11:57.6510000', '2022-06-05 14:55:37.0250000', 'HXTZN', 'Andrea989')
INSERT dbo.image(id, deleted, created_date, updated_date, code, name) VALUES (25, 0, '1971-10-27 19:31:34.5900000', '2007-03-15 07:13:53.7900000', 'VOVXT', 'Addie62')
INSERT dbo.image(id, deleted, created_date, updated_date, code, name) VALUES (26, 1, '2003-04-22 01:38:53.3200000', '1991-10-11 10:52:39.9280000', 'HAHZJ', 'Broderick361')
INSERT dbo.image(id, deleted, created_date, updated_date, code, name) VALUES (27, 1, '2004-09-15 00:24:14.9430000', '1987-01-14 21:50:26.2530000', 'BWNGZ', 'Albert2005')
INSERT dbo.image(id, deleted, created_date, updated_date, code, name) VALUES (28, 1, '2000-11-26 20:44:17.0010000', '1987-04-08 06:40:06.3120000', 'YJLIZ', 'Debbie1989')
INSERT dbo.image(id, deleted, created_date, updated_date, code, name) VALUES (29, 1, '2023-10-18 15:23:00.6560000', '2005-04-29 12:34:20.4870000', 'XEYLE', 'Jacques876')
INSERT dbo.image(id, deleted, created_date, updated_date, code, name) VALUES (30, 1, '1997-07-01 01:18:07.4940000', '2008-07-11 11:57:02.6700000', 'KIRIQ', 'Jon996')
INSERT dbo.image(id, deleted, created_date, updated_date, code, name) VALUES (31, 0, '1987-03-15 01:46:18.7890000', '1971-01-17 00:41:31.6100000', 'ZHCTO', 'Kozlowski2024')
INSERT dbo.image(id, deleted, created_date, updated_date, code, name) VALUES (32, 0, '1997-08-16 11:42:20.3760000', '2016-10-01 01:20:37.8670000', 'ZPRJS', 'Ayala471')
INSERT dbo.image(id, deleted, created_date, updated_date, code, name) VALUES (33, 1, '2008-05-09 07:18:13.1980000', '2014-03-09 02:58:42.8010000', 'ZHWOX', 'Charlie843')
INSERT dbo.image(id, deleted, created_date, updated_date, code, name) VALUES (34, 1, '2019-10-21 15:49:56.6100000', '1998-02-25 03:01:06.6500000', 'HPRRM', 'Boss2018')
INSERT dbo.image(id, deleted, created_date, updated_date, code, name) VALUES (35, 0, '1976-11-26 00:15:00.5430000', '2016-01-30 09:50:33.3230000', 'CPPNJ', 'Cherlyn1999')
INSERT dbo.image(id, deleted, created_date, updated_date, code, name) VALUES (36, 0, '1971-01-06 15:20:40.0750000', '1986-11-14 10:49:30.0040000', 'HGNUN', 'Crittenden22')
INSERT dbo.image(id, deleted, created_date, updated_date, code, name) VALUES (37, 0, '1989-03-07 01:30:29.0020000', '2003-09-21 00:26:14.3500000', 'HCRWV', 'Reita1975')
INSERT dbo.image(id, deleted, created_date, updated_date, code, name) VALUES (38, 1, '1974-06-21 22:21:25.3970000', '1983-08-01 04:39:29.0090000', 'OJZDO', 'Isidra27')
INSERT dbo.image(id, deleted, created_date, updated_date, code, name) VALUES (39, 0, '2012-07-12 06:24:53.5230000', '1982-06-26 13:23:07.0870000', 'SRAWM', 'Hershel91')
INSERT dbo.image(id, deleted, created_date, updated_date, code, name) VALUES (40, 1, '1975-01-20 07:58:44.6110000', '2001-08-20 01:52:28.0040000', 'HTQAG', 'Abby2022')
INSERT dbo.image(id, deleted, created_date, updated_date, code, name) VALUES (41, 0, '2004-10-29 13:08:34.0010000', '1991-12-30 07:46:53.7830000', 'AUYTO', 'Torie2023')
INSERT dbo.image(id, deleted, created_date, updated_date, code, name) VALUES (42, 1, '2007-02-05 05:22:02.5900000', '2020-03-07 09:25:31.8430000', 'ILZUV', 'Coretta2011')
INSERT dbo.image(id, deleted, created_date, updated_date, code, name) VALUES (43, 0, '1989-01-16 05:12:30.2230000', '1983-02-27 04:10:17.5560000', 'WKPKC', 'Carey1985')
INSERT dbo.image(id, deleted, created_date, updated_date, code, name) VALUES (44, 0, '2011-08-17 15:15:49.8850000', '1974-04-04 09:07:22.0010000', 'ENYDF', 'Tegan1993')
INSERT dbo.image(id, deleted, created_date, updated_date, code, name) VALUES (45, 1, '2001-10-19 03:54:05.5120000', '1986-05-11 08:36:12.0880000', 'IFOEG', 'Winfred328')
INSERT dbo.image(id, deleted, created_date, updated_date, code, name) VALUES (46, 1, '1974-03-17 04:57:34.0260000', '2020-12-13 05:00:04.6010000', 'FAKWV', 'Lamont1963')
INSERT dbo.image(id, deleted, created_date, updated_date, code, name) VALUES (47, 1, '1989-08-30 18:39:34.5890000', '2004-11-03 21:46:51.8560000', 'SXAFO', 'Abby1991')
INSERT dbo.image(id, deleted, created_date, updated_date, code, name) VALUES (48, 0, '1983-07-11 20:53:42.7250000', '1999-03-07 20:24:20.4630000', 'QFUJX', 'Brandenburg2008')
INSERT dbo.image(id, deleted, created_date, updated_date, code, name) VALUES (49, 1, '1984-01-16 18:30:20.7440000', '1999-07-11 01:51:57.5590000', 'CFTIW', 'Abdul1951')
INSERT dbo.image(id, deleted, created_date, updated_date, code, name) VALUES (50, 0, '2006-04-28 05:13:38.1520000', '1988-09-14 12:53:21.0850000', 'HFTBP', 'Flora931')
GO
SET IDENTITY_INSERT dbo.image OFF
GO

--
-- Inserting data into table [final].[dbo].[material]
--
SET IDENTITY_INSERT dbo.material ON
GO
INSERT dbo.material(id, deleted, created_date, updated_date, code, name) VALUES (1, 1, '2008-07-29 09:12:01.4910000', '1975-04-17 21:01:22.0040000', 'JUDMB', 'Carlena2007')
INSERT dbo.material(id, deleted, created_date, updated_date, code, name) VALUES (2, 1, '2020-12-14 11:02:29.8560000', '2001-07-23 19:24:00.7850000', 'WMOHG', 'Abreu1993')
INSERT dbo.material(id, deleted, created_date, updated_date, code, name) VALUES (3, 1, '2017-04-07 01:56:02.3220000', '1999-11-23 08:00:13.5560000', 'BHZHI', 'Danica8')
INSERT dbo.material(id, deleted, created_date, updated_date, code, name) VALUES (4, 1, '2007-05-16 04:00:16.0120000', '2009-02-23 19:05:02.0260000', 'FLMET', 'Tomas1991')
INSERT dbo.material(id, deleted, created_date, updated_date, code, name) VALUES (5, 1, '1991-04-23 11:06:44.1340000', '1997-08-26 20:55:06.6950000', 'AXEQF', 'Barb637')
INSERT dbo.material(id, deleted, created_date, updated_date, code, name) VALUES (6, 0, '1977-09-13 00:29:31.8200000', '2022-09-17 23:38:07.0050000', 'MMDUF', 'Chaya394')
INSERT dbo.material(id, deleted, created_date, updated_date, code, name) VALUES (7, 0, '1971-12-05 11:57:07.4060000', '1998-02-23 23:09:05.7800000', 'ILJYQ', 'Jamie1981')
INSERT dbo.material(id, deleted, created_date, updated_date, code, name) VALUES (8, 1, '1998-05-24 17:10:44.5160000', '2000-10-04 17:33:20.8790000', 'CLRBS', 'Adolfo1976')
INSERT dbo.material(id, deleted, created_date, updated_date, code, name) VALUES (9, 0, '1975-09-29 05:40:57.4230000', '1998-02-08 09:53:41.9470000', 'XAUBT', 'Tuck1978')
INSERT dbo.material(id, deleted, created_date, updated_date, code, name) VALUES (10, 1, '1992-09-26 08:14:51.1970000', '1983-02-20 14:27:08.8020000', 'JZREB', 'Armando891')
INSERT dbo.material(id, deleted, created_date, updated_date, code, name) VALUES (11, 1, '1996-03-09 21:13:12.4770000', '1996-12-17 17:14:26.0680000', 'EYBPJ', 'Elder964')
INSERT dbo.material(id, deleted, created_date, updated_date, code, name) VALUES (12, 0, '1991-02-08 22:18:56.6730000', '1972-07-08 00:55:20.0010000', 'PFRXF', 'Cyril7')
INSERT dbo.material(id, deleted, created_date, updated_date, code, name) VALUES (13, 0, '1989-01-19 13:24:33.9730000', '2020-05-03 00:26:16.0440000', 'FRXFJ', 'Manning2019')
INSERT dbo.material(id, deleted, created_date, updated_date, code, name) VALUES (14, 0, '1981-07-04 20:54:39.8660000', '1991-03-25 04:46:54.0040000', 'YLKUI', 'Abrams561')
INSERT dbo.material(id, deleted, created_date, updated_date, code, name) VALUES (15, 1, '2023-07-02 22:49:04.8400000', '2011-09-30 11:08:12.4530000', 'NLNPT', 'Bradford1968')
INSERT dbo.material(id, deleted, created_date, updated_date, code, name) VALUES (16, 0, '2000-03-26 13:04:56.5020000', '1999-05-16 00:18:40.4350000', 'GIVJZ', 'Johnson166')
INSERT dbo.material(id, deleted, created_date, updated_date, code, name) VALUES (17, 1, '2023-06-24 07:06:58.0780000', '1988-04-27 21:01:14.0940000', 'VCQAM', 'Alisha6')
INSERT dbo.material(id, deleted, created_date, updated_date, code, name) VALUES (18, 0, '2003-06-03 12:23:19.8060000', '1977-10-15 17:11:00.6720000', 'JDTTS', 'Janella948')
INSERT dbo.material(id, deleted, created_date, updated_date, code, name) VALUES (19, 1, '1989-03-03 09:23:03.4700000', '2016-08-28 18:48:04.6890000', 'JOPGR', 'Kristofer1965')
INSERT dbo.material(id, deleted, created_date, updated_date, code, name) VALUES (20, 0, '2004-10-10 01:19:22.6330000', '1991-05-31 11:21:54.3760000', 'TPDJU', 'Enrique3')
INSERT dbo.material(id, deleted, created_date, updated_date, code, name) VALUES (21, 0, '1979-06-16 01:27:10.3570000', '1975-09-24 05:14:24.3010000', 'PHXKQ', 'Jeni485')
INSERT dbo.material(id, deleted, created_date, updated_date, code, name) VALUES (22, 1, '2001-10-05 10:02:31.2170000', '2003-07-27 23:31:03.4420000', 'TQYCU', 'Johnathon2011')
INSERT dbo.material(id, deleted, created_date, updated_date, code, name) VALUES (23, 0, '2017-08-05 04:47:58.8670000', '2017-10-29 01:38:04.9770000', 'PSQJH', 'Swan1994')
INSERT dbo.material(id, deleted, created_date, updated_date, code, name) VALUES (24, 0, '2004-04-13 09:42:10.0810000', '2016-02-05 20:02:48.4530000', 'WWJMO', 'Hyacinth6')
INSERT dbo.material(id, deleted, created_date, updated_date, code, name) VALUES (25, 0, '2020-06-26 00:51:11.0720000', '2014-04-16 10:16:39.7440000', 'GCJIS', 'Waterman677')
INSERT dbo.material(id, deleted, created_date, updated_date, code, name) VALUES (26, 0, '1979-11-21 16:58:27.2370000', '2018-10-22 18:19:22.6110000', 'OHRIZ', 'Tamatha2022')
INSERT dbo.material(id, deleted, created_date, updated_date, code, name) VALUES (27, 0, '1984-01-06 05:38:15.7680000', '2015-03-27 00:30:35.8340000', 'ZEJUZ', 'Majors381')
INSERT dbo.material(id, deleted, created_date, updated_date, code, name) VALUES (28, 1, '1977-01-27 20:50:36.5660000', '1997-02-04 16:38:26.8330000', 'TLNXC', 'Serna1985')
INSERT dbo.material(id, deleted, created_date, updated_date, code, name) VALUES (29, 0, '1975-11-25 00:46:39.9970000', '2001-07-31 20:12:04.9680000', 'NVRLG', 'Rickie288')
INSERT dbo.material(id, deleted, created_date, updated_date, code, name) VALUES (30, 0, '1980-03-12 11:34:42.2970000', '1993-02-05 01:45:16.5400000', 'SFTXT', 'Clarke1985')
INSERT dbo.material(id, deleted, created_date, updated_date, code, name) VALUES (31, 1, '2003-09-03 13:04:02.8800000', '2009-09-29 06:45:11.6660000', 'BYXOJ', 'Madelaine2025')
INSERT dbo.material(id, deleted, created_date, updated_date, code, name) VALUES (32, 1, '2012-03-25 10:09:38.7290000', '1984-02-08 19:26:04.2280000', 'DDWWL', 'Abe681')
INSERT dbo.material(id, deleted, created_date, updated_date, code, name) VALUES (33, 1, '1982-07-10 23:29:23.5050000', '1996-08-06 01:30:03.8960000', 'MCOJI', 'Anderson516')
INSERT dbo.material(id, deleted, created_date, updated_date, code, name) VALUES (34, 0, '1993-04-23 18:32:22.5900000', '2013-12-06 09:19:39.6560000', 'LNCVY', 'Lisa1992')
INSERT dbo.material(id, deleted, created_date, updated_date, code, name) VALUES (35, 1, '1974-12-21 15:44:19.1550000', '2005-06-23 21:29:21.7760000', 'WHKWL', 'Alves2')
INSERT dbo.material(id, deleted, created_date, updated_date, code, name) VALUES (36, 0, '1990-06-10 16:37:14.6350000', '1985-10-12 22:45:00.1550000', 'NWCJQ', 'Gill2016')
INSERT dbo.material(id, deleted, created_date, updated_date, code, name) VALUES (37, 1, '1992-06-20 02:50:23.1700000', '1981-01-11 17:02:38.7620000', 'MEMBR', 'Weber454')
INSERT dbo.material(id, deleted, created_date, updated_date, code, name) VALUES (38, 1, '1972-08-19 19:14:27.0310000', '2017-12-13 04:38:06.2730000', 'JKPMZ', 'Meghann3')
INSERT dbo.material(id, deleted, created_date, updated_date, code, name) VALUES (39, 1, '1979-11-24 21:06:37.0550000', '1980-10-23 01:08:58.4830000', 'FFMNO', 'Katina6')
INSERT dbo.material(id, deleted, created_date, updated_date, code, name) VALUES (40, 1, '2013-06-02 00:23:30.9170000', '2011-01-31 19:00:20.0680000', 'FJRQP', 'Abby1957')
INSERT dbo.material(id, deleted, created_date, updated_date, code, name) VALUES (41, 1, '2015-12-22 19:50:58.5860000', '2012-01-13 08:13:46.9940000', 'CXCXX', 'Ivan1970')
INSERT dbo.material(id, deleted, created_date, updated_date, code, name) VALUES (42, 0, '2019-03-12 01:20:37.2580000', '2012-05-20 06:10:34.1860000', 'HLZNJ', 'Lorilee935')
INSERT dbo.material(id, deleted, created_date, updated_date, code, name) VALUES (43, 0, '1972-09-27 14:51:59.0430000', '1977-10-13 05:05:19.0820000', 'MVSYT', 'Zachariah8')
INSERT dbo.material(id, deleted, created_date, updated_date, code, name) VALUES (44, 0, '2024-05-30 23:32:52.4350000', '1987-11-06 14:05:22.4060000', 'QTZNM', 'Lillian2001')
INSERT dbo.material(id, deleted, created_date, updated_date, code, name) VALUES (45, 0, '2015-07-21 02:55:16.0060000', '2008-07-16 11:00:59.0190000', 'JHACE', 'Alaine2003')
INSERT dbo.material(id, deleted, created_date, updated_date, code, name) VALUES (46, 1, '1987-11-24 01:37:07.6070000', '2022-10-01 14:33:30.3620000', 'DFOMP', 'Santo683')
INSERT dbo.material(id, deleted, created_date, updated_date, code, name) VALUES (47, 0, '1990-02-10 19:14:21.2980000', '2015-08-06 13:07:32.1010000', 'HYBNS', 'Cordell2014')
INSERT dbo.material(id, deleted, created_date, updated_date, code, name) VALUES (48, 0, '1976-05-03 13:35:47.7440000', '1992-01-09 09:44:21.4970000', 'UAUJS', 'Moye157')
INSERT dbo.material(id, deleted, created_date, updated_date, code, name) VALUES (49, 1, '1994-08-03 00:01:22.2240000', '2008-04-14 04:22:18.1240000', 'NTHOB', 'Breen2022')
INSERT dbo.material(id, deleted, created_date, updated_date, code, name) VALUES (50, 1, '1984-06-15 13:14:17.2460000', '1975-07-13 20:43:32.9830000', 'LEXCX', 'Adkins851')
GO
SET IDENTITY_INSERT dbo.material OFF
GO

--
-- Inserting data into table [final].[dbo].[origin]
--
SET IDENTITY_INSERT dbo.origin ON
GO
INSERT dbo.origin(id, deleted, created_date, updated_date, code, name) VALUES (1, 0, '1982-04-11 09:32:18.1080000', '2003-10-04 21:21:39.4810000', 'ZOFBD', 'Demers2021')
INSERT dbo.origin(id, deleted, created_date, updated_date, code, name) VALUES (2, 1, '1977-03-20 00:18:22.8620000', '2014-05-01 03:01:51.7800000', 'CZKOL', 'Joel528')
INSERT dbo.origin(id, deleted, created_date, updated_date, code, name) VALUES (3, 1, '2012-03-16 00:08:50.3630000', '1991-08-16 22:44:14.4770000', 'KQCXT', 'Keven1954')
INSERT dbo.origin(id, deleted, created_date, updated_date, code, name) VALUES (4, 0, '2023-08-17 16:30:50.4030000', '2004-07-07 02:07:23.2940000', 'GPJBX', 'Jerry1985')
INSERT dbo.origin(id, deleted, created_date, updated_date, code, name) VALUES (5, 1, '1971-05-07 03:29:19.3830000', '2011-02-26 00:16:33.2690000', 'WLTRB', 'Emmons311')
INSERT dbo.origin(id, deleted, created_date, updated_date, code, name) VALUES (6, 0, '1987-12-09 19:24:05.0330000', '1981-02-20 21:26:12.6840000', 'VXZRU', 'Bacon2019')
INSERT dbo.origin(id, deleted, created_date, updated_date, code, name) VALUES (7, 0, '2002-11-26 07:38:59.0480000', '2021-09-23 00:58:12.9270000', 'PHEUC', 'Abreu188')
INSERT dbo.origin(id, deleted, created_date, updated_date, code, name) VALUES (8, 0, '1997-04-11 06:22:20.7680000', '2018-04-17 09:21:40.0880000', 'HHWOB', 'Copeland983')
INSERT dbo.origin(id, deleted, created_date, updated_date, code, name) VALUES (9, 0, '2012-12-25 20:52:00.0000000', '1982-02-28 19:03:53.2150000', 'ELTJP', 'Jason2014')
INSERT dbo.origin(id, deleted, created_date, updated_date, code, name) VALUES (10, 0, '1977-08-02 03:34:20.8820000', '1991-12-30 23:31:54.9670000', 'MOGJT', 'Grady4')
INSERT dbo.origin(id, deleted, created_date, updated_date, code, name) VALUES (11, 0, '2012-12-04 04:30:59.9410000', '1974-05-09 10:05:07.0850000', 'MDXFU', 'Montalvo2008')
INSERT dbo.origin(id, deleted, created_date, updated_date, code, name) VALUES (12, 1, '1994-06-15 04:37:37.6390000', '2012-10-13 21:16:28.2310000', 'PQQCH', 'Scarborough2026')
INSERT dbo.origin(id, deleted, created_date, updated_date, code, name) VALUES (13, 0, '2022-04-25 02:34:30.0050000', '2019-04-11 19:20:38.2330000', 'TUDMO', 'Hannelore418')
INSERT dbo.origin(id, deleted, created_date, updated_date, code, name) VALUES (14, 0, '2019-11-24 23:46:32.7640000', '1980-05-26 07:38:39.0070000', 'ENMIO', 'Boris1983')
INSERT dbo.origin(id, deleted, created_date, updated_date, code, name) VALUES (15, 1, '1993-12-09 03:06:03.8130000', '1996-10-27 07:14:23.0080000', 'PLJDZ', 'Neil2005')
INSERT dbo.origin(id, deleted, created_date, updated_date, code, name) VALUES (16, 1, '2002-06-13 13:08:01.7220000', '1994-06-02 17:52:15.0490000', 'JDXTS', 'Whiteside161')
INSERT dbo.origin(id, deleted, created_date, updated_date, code, name) VALUES (17, 1, '2017-12-16 15:28:45.1140000', '2006-03-14 10:26:55.9140000', 'FDJNC', 'Kandy2021')
INSERT dbo.origin(id, deleted, created_date, updated_date, code, name) VALUES (18, 0, '1979-03-12 08:57:28.1090000', '1985-12-09 03:58:05.7040000', 'UVOBF', 'Abraham22')
INSERT dbo.origin(id, deleted, created_date, updated_date, code, name) VALUES (19, 1, '1981-08-05 09:07:26.7970000', '2015-07-14 11:38:50.5720000', 'OGNIW', 'Georgetta2010')
INSERT dbo.origin(id, deleted, created_date, updated_date, code, name) VALUES (20, 0, '2019-03-06 16:44:34.7590000', '1999-02-23 16:18:52.2910000', 'CWODQ', 'Sparkle244')
INSERT dbo.origin(id, deleted, created_date, updated_date, code, name) VALUES (21, 0, '2006-07-28 15:39:48.0390000', '2021-07-27 17:08:57.0670000', 'NVPUE', 'Lucile262')
INSERT dbo.origin(id, deleted, created_date, updated_date, code, name) VALUES (22, 0, '1994-08-11 05:21:37.3620000', '1995-07-02 17:26:24.0010000', 'CEQWF', 'Jenifer691')
INSERT dbo.origin(id, deleted, created_date, updated_date, code, name) VALUES (23, 0, '2018-01-15 19:18:02.5940000', '2004-12-11 22:58:24.4240000', 'APLVV', 'Aguilera263')
INSERT dbo.origin(id, deleted, created_date, updated_date, code, name) VALUES (24, 1, '2009-11-19 08:50:58.9360000', '2000-03-01 08:15:04.8790000', 'HJGYE', 'Kirk2014')
INSERT dbo.origin(id, deleted, created_date, updated_date, code, name) VALUES (25, 0, '2015-08-09 06:49:42.8790000', '1990-06-02 01:05:27.8380000', 'OSEMT', 'Robins633')
INSERT dbo.origin(id, deleted, created_date, updated_date, code, name) VALUES (26, 1, '1986-11-19 21:16:57.0400000', '1976-07-11 09:24:38.5240000', 'NRTWU', 'Sean2028')
INSERT dbo.origin(id, deleted, created_date, updated_date, code, name) VALUES (27, 0, '1974-08-31 18:52:35.0760000', '1974-11-11 02:21:28.7380000', 'MBVBH', 'Janie2012')
INSERT dbo.origin(id, deleted, created_date, updated_date, code, name) VALUES (28, 0, '1974-04-24 16:55:36.1510000', '1973-01-07 07:44:41.4070000', 'JUWID', 'Akiko152')
INSERT dbo.origin(id, deleted, created_date, updated_date, code, name) VALUES (29, 0, '1978-03-09 04:02:06.9260000', '2003-02-27 04:43:33.0040000', 'RZUZE', 'Gabriel95')
INSERT dbo.origin(id, deleted, created_date, updated_date, code, name) VALUES (30, 1, '2014-09-19 18:45:43.3460000', '2019-12-29 14:19:30.7560000', 'HOYOI', 'Derrick1967')
INSERT dbo.origin(id, deleted, created_date, updated_date, code, name) VALUES (31, 0, '1982-11-21 15:31:58.9660000', '1979-11-02 11:28:06.4890000', 'SNXNO', 'Calkins2010')
INSERT dbo.origin(id, deleted, created_date, updated_date, code, name) VALUES (32, 1, '1980-03-19 15:41:23.0120000', '1981-09-10 19:32:49.2140000', 'HKBOA', 'Karly2015')
INSERT dbo.origin(id, deleted, created_date, updated_date, code, name) VALUES (33, 0, '2001-07-17 10:51:48.0630000', '1979-05-02 09:56:59.3220000', 'ZIXFG', 'Everett2012')
INSERT dbo.origin(id, deleted, created_date, updated_date, code, name) VALUES (34, 0, '2019-04-08 20:10:17.5000000', '1975-10-11 05:46:40.6360000', 'KHXFY', 'Corey1957')
INSERT dbo.origin(id, deleted, created_date, updated_date, code, name) VALUES (35, 0, '1979-02-15 07:56:35.0090000', '1996-12-14 06:07:49.0340000', 'YPFAW', 'Loria2012')
INSERT dbo.origin(id, deleted, created_date, updated_date, code, name) VALUES (36, 1, '1994-06-18 02:33:07.3630000', '1986-06-17 00:11:11.6850000', 'YXQNJ', 'Alissa2013')
INSERT dbo.origin(id, deleted, created_date, updated_date, code, name) VALUES (37, 1, '2001-06-29 07:11:49.7050000', '2023-03-05 19:29:09.4160000', 'VOCUC', 'Arletha2011')
INSERT dbo.origin(id, deleted, created_date, updated_date, code, name) VALUES (38, 1, '1978-04-09 21:07:41.4980000', '2015-12-21 21:46:41.7320000', 'FNMFV', 'Hanley2012')
INSERT dbo.origin(id, deleted, created_date, updated_date, code, name) VALUES (39, 1, '2001-10-09 22:07:03.2960000', '2001-10-24 13:50:26.2820000', 'RVXFD', 'Applegate256')
INSERT dbo.origin(id, deleted, created_date, updated_date, code, name) VALUES (40, 1, '1987-09-22 00:34:16.4520000', '2000-04-26 11:27:20.5040000', 'MFZGT', 'Mercedes25')
INSERT dbo.origin(id, deleted, created_date, updated_date, code, name) VALUES (41, 0, '2013-03-22 06:53:00.9240000', '1975-09-04 13:58:03.7480000', 'OXHOV', 'Gaither1961')
INSERT dbo.origin(id, deleted, created_date, updated_date, code, name) VALUES (42, 0, '1991-06-20 17:17:41.4930000', '2007-10-31 09:40:00.0090000', 'JGNAV', 'Reynalda361')
INSERT dbo.origin(id, deleted, created_date, updated_date, code, name) VALUES (43, 0, '1992-11-24 20:47:03.5510000', '1991-01-22 08:18:46.3370000', 'UAJMD', 'Breen1984')
INSERT dbo.origin(id, deleted, created_date, updated_date, code, name) VALUES (44, 0, '1985-06-24 03:39:39.0850000', '1995-04-04 02:59:12.6470000', 'ISYTK', 'Adan1984')
INSERT dbo.origin(id, deleted, created_date, updated_date, code, name) VALUES (45, 1, '1994-05-27 06:57:44.0470000', '1975-07-30 11:00:53.8730000', 'AXMZP', 'Dye2015')
INSERT dbo.origin(id, deleted, created_date, updated_date, code, name) VALUES (46, 1, '2023-05-16 17:59:06.4420000', '1985-01-16 22:16:31.0780000', 'DFHCW', 'Adrian497')
INSERT dbo.origin(id, deleted, created_date, updated_date, code, name) VALUES (47, 1, '2019-09-18 23:39:08.5380000', '1989-02-14 00:49:41.0300000', 'MBBUN', 'Branden96')
INSERT dbo.origin(id, deleted, created_date, updated_date, code, name) VALUES (48, 0, '2008-05-23 09:11:06.1150000', '1971-01-07 10:26:11.0620000', 'NKBIN', 'Michal2020')
INSERT dbo.origin(id, deleted, created_date, updated_date, code, name) VALUES (49, 0, '2015-11-25 18:37:00.8420000', '1978-11-25 23:07:07.5280000', 'UZKPW', 'Conception19')
INSERT dbo.origin(id, deleted, created_date, updated_date, code, name) VALUES (50, 1, '2001-08-20 06:07:08.9380000', '1996-07-20 05:28:49.0200000', 'XKJCU', 'Abbie9')
GO
SET IDENTITY_INSERT dbo.origin OFF
GO

--
-- Inserting data into table [final].[dbo].[payment]
--
SET IDENTITY_INSERT dbo.payment ON
GO
INSERT dbo.payment(id, created_date, updated_date, code) VALUES (1, '2023-01-12 02:33:51.0060000', '1989-09-30 14:23:13.5720000', 'QRXCD')
INSERT dbo.payment(id, created_date, updated_date, code) VALUES (2, '1995-05-29 18:29:14.0430000', '1972-02-13 10:25:18.3230000', 'UBAWH')
INSERT dbo.payment(id, created_date, updated_date, code) VALUES (3, '1990-01-21 03:54:53.4610000', '1988-09-22 02:32:05.3690000', 'JAQUY')
INSERT dbo.payment(id, created_date, updated_date, code) VALUES (4, '1983-06-23 22:51:10.0030000', '1989-08-10 22:09:18.3960000', 'JCHWC')
INSERT dbo.payment(id, created_date, updated_date, code) VALUES (5, '2009-04-12 09:11:08.0090000', '2020-03-06 01:39:32.0000000', 'HTMAS')
INSERT dbo.payment(id, created_date, updated_date, code) VALUES (6, '1976-01-06 17:23:28.2240000', '1988-01-16 20:55:44.7460000', 'NVEPF')
INSERT dbo.payment(id, created_date, updated_date, code) VALUES (7, '1988-11-16 10:44:57.5070000', '2004-05-03 14:23:22.7870000', 'NSZBG')
INSERT dbo.payment(id, created_date, updated_date, code) VALUES (8, '1990-11-08 10:18:45.1360000', '1978-05-25 05:50:22.3830000', 'DISOT')
INSERT dbo.payment(id, created_date, updated_date, code) VALUES (9, '2016-04-24 11:48:45.0090000', '1975-03-02 07:14:02.1900000', 'YWFFC')
INSERT dbo.payment(id, created_date, updated_date, code) VALUES (10, '1983-09-13 07:24:19.0010000', '2004-10-31 06:34:08.7730000', 'WXIAR')
INSERT dbo.payment(id, created_date, updated_date, code) VALUES (11, '1982-12-24 01:34:51.8570000', '1997-03-12 00:16:35.5460000', 'VFGRY')
INSERT dbo.payment(id, created_date, updated_date, code) VALUES (12, '2000-06-08 10:19:42.6810000', '2012-12-22 22:09:22.3000000', 'JCWWT')
INSERT dbo.payment(id, created_date, updated_date, code) VALUES (13, '2010-11-27 06:40:48.4910000', '1987-06-26 10:23:08.7610000', 'JIWYF')
INSERT dbo.payment(id, created_date, updated_date, code) VALUES (14, '2011-11-08 18:38:16.9660000', '1996-12-13 01:32:38.3190000', 'MZIDB')
INSERT dbo.payment(id, created_date, updated_date, code) VALUES (15, '2000-01-09 14:53:14.6450000', '2023-08-11 16:08:39.0040000', 'PUGVV')
INSERT dbo.payment(id, created_date, updated_date, code) VALUES (16, '1993-02-04 11:47:34.0790000', '2023-05-13 14:40:36.3700000', 'MLYTP')
INSERT dbo.payment(id, created_date, updated_date, code) VALUES (17, '2018-08-12 20:20:49.7690000', '1976-03-23 04:48:59.0180000', 'OHLLE')
INSERT dbo.payment(id, created_date, updated_date, code) VALUES (18, '1977-06-26 14:23:36.7570000', '1990-01-10 09:54:46.6740000', 'GZSQV')
INSERT dbo.payment(id, created_date, updated_date, code) VALUES (19, '2000-06-24 21:49:17.9810000', '1970-11-30 18:54:23.8210000', 'OPGGO')
INSERT dbo.payment(id, created_date, updated_date, code) VALUES (20, '1973-09-23 23:37:24.0020000', '1976-09-23 23:00:02.0080000', 'KTWOQ')
INSERT dbo.payment(id, created_date, updated_date, code) VALUES (21, '1987-02-25 04:49:26.0710000', '2004-01-23 15:15:45.8780000', 'MPTTK')
INSERT dbo.payment(id, created_date, updated_date, code) VALUES (22, '2019-01-05 11:04:43.3850000', '1981-12-08 01:30:47.4980000', 'KPUMJ')
INSERT dbo.payment(id, created_date, updated_date, code) VALUES (23, '2015-04-28 02:43:08.2410000', '1977-02-17 01:56:20.2970000', 'KSSHR')
INSERT dbo.payment(id, created_date, updated_date, code) VALUES (24, '1996-05-07 07:39:52.0090000', '1978-05-23 04:15:24.6620000', 'JNLNN')
INSERT dbo.payment(id, created_date, updated_date, code) VALUES (25, '1997-04-05 23:23:18.5960000', '2005-06-26 02:06:39.8070000', 'RDZAA')
INSERT dbo.payment(id, created_date, updated_date, code) VALUES (26, '1977-07-24 05:12:44.9360000', '1985-10-02 09:01:44.9270000', 'FRPUD')
INSERT dbo.payment(id, created_date, updated_date, code) VALUES (27, '2007-03-24 15:48:32.8080000', '1999-02-08 08:49:06.7830000', 'OZWZA')
INSERT dbo.payment(id, created_date, updated_date, code) VALUES (28, '1994-09-29 07:37:24.1670000', '2010-05-16 01:09:50.0040000', 'YPCUW')
INSERT dbo.payment(id, created_date, updated_date, code) VALUES (29, '2017-05-09 20:14:30.2540000', '2020-07-29 11:38:45.5020000', 'JMNAB')
INSERT dbo.payment(id, created_date, updated_date, code) VALUES (30, '1975-05-05 12:30:46.9610000', '2023-03-23 16:23:03.7830000', 'IXZBY')
INSERT dbo.payment(id, created_date, updated_date, code) VALUES (31, '1980-05-29 15:24:18.8310000', '1992-12-31 06:22:02.8680000', 'PVNJQ')
INSERT dbo.payment(id, created_date, updated_date, code) VALUES (32, '1974-09-13 18:42:24.0070000', '1973-12-13 20:28:41.4780000', 'STTUO')
INSERT dbo.payment(id, created_date, updated_date, code) VALUES (33, '2007-03-13 19:07:35.9010000', '1983-07-12 05:19:32.6520000', 'KMNTO')
INSERT dbo.payment(id, created_date, updated_date, code) VALUES (34, '1984-04-11 11:08:46.5300000', '1978-12-22 06:57:27.0110000', 'VYABK')
INSERT dbo.payment(id, created_date, updated_date, code) VALUES (35, '1974-09-28 20:15:15.0330000', '2020-12-23 16:25:03.4740000', 'RUZKY')
INSERT dbo.payment(id, created_date, updated_date, code) VALUES (36, '2010-12-13 00:02:14.0040000', '1982-12-18 08:33:35.0130000', 'TRBGG')
INSERT dbo.payment(id, created_date, updated_date, code) VALUES (37, '2002-10-16 03:18:38.4120000', '1976-09-15 21:14:17.3910000', 'IMHNP')
INSERT dbo.payment(id, created_date, updated_date, code) VALUES (38, '2003-08-01 11:44:17.9280000', '1984-06-01 11:13:18.8120000', 'MTXZF')
INSERT dbo.payment(id, created_date, updated_date, code) VALUES (39, '2016-01-04 13:59:51.0180000', '1999-01-16 07:10:05.0940000', 'JSWCK')
INSERT dbo.payment(id, created_date, updated_date, code) VALUES (40, '2003-05-20 04:06:02.0050000', '1994-10-28 19:14:53.4860000', 'GCKZZ')
INSERT dbo.payment(id, created_date, updated_date, code) VALUES (41, '1987-06-21 00:37:12.7070000', '1970-06-13 08:58:45.2080000', 'OFIJL')
INSERT dbo.payment(id, created_date, updated_date, code) VALUES (42, '1999-03-12 08:32:23.0200000', '2011-02-26 06:02:38.8070000', 'AARQS')
INSERT dbo.payment(id, created_date, updated_date, code) VALUES (43, '1971-03-29 10:02:43.0030000', '1983-01-17 08:48:12.1670000', 'LUYEJ')
INSERT dbo.payment(id, created_date, updated_date, code) VALUES (44, '2012-01-31 16:22:00.1980000', '1995-12-10 05:59:14.8240000', 'WXGOP')
INSERT dbo.payment(id, created_date, updated_date, code) VALUES (45, '2004-07-13 02:23:52.4650000', '2013-06-12 22:44:04.5390000', 'NUMXW')
INSERT dbo.payment(id, created_date, updated_date, code) VALUES (46, '1978-08-15 05:42:46.3480000', '1998-05-18 23:15:12.9280000', 'ZVIEY')
INSERT dbo.payment(id, created_date, updated_date, code) VALUES (47, '1987-06-16 18:28:48.0160000', '2012-03-14 15:54:51.1690000', 'STFTX')
INSERT dbo.payment(id, created_date, updated_date, code) VALUES (48, '2007-04-06 02:21:44.6580000', '2022-04-01 23:54:32.7650000', 'RMIPA')
INSERT dbo.payment(id, created_date, updated_date, code) VALUES (49, '1974-04-30 13:17:53.9660000', '2014-03-20 00:50:27.0330000', 'OFYDV')
INSERT dbo.payment(id, created_date, updated_date, code) VALUES (50, '2023-12-03 01:02:41.0660000', '1975-08-04 16:36:44.1020000', 'GPICD')
GO
SET IDENTITY_INSERT dbo.payment OFF
GO

--
-- Inserting data into table [final].[dbo].[product]
--
SET IDENTITY_INSERT dbo.product ON
GO
INSERT dbo.product(id, deleted, created_date, updated_date, code, name) VALUES (1, 0, '2009-02-01 16:06:49.5180000', '1975-10-22 03:56:11.0010000', 'JNXCP', 'Mononiar')
INSERT dbo.product(id, deleted, created_date, updated_date, code, name) VALUES (2, 0, '2004-09-27 19:19:50.4700000', '2012-06-28 07:41:48.0270000', 'HQUJC', 'Profindfion')
INSERT dbo.product(id, deleted, created_date, updated_date, code, name) VALUES (3, 0, '1994-03-14 18:49:44.3270000', '2000-09-26 15:49:43.7150000', 'GXKLH', 'Playlictinon')
INSERT dbo.product(id, deleted, created_date, updated_date, code, name) VALUES (4, 0, '1982-12-29 00:08:29.4790000', '1996-12-23 06:50:34.0710000', 'HBFEP', 'Chartectridge')
INSERT dbo.product(id, deleted, created_date, updated_date, code, name) VALUES (5, 1, '2003-02-16 01:26:11.7150000', '2014-07-14 06:20:13.2110000', 'DLTUL', 'Miclescope')
INSERT dbo.product(id, deleted, created_date, updated_date, code, name) VALUES (6, 1, '1973-01-23 21:01:11.0120000', '2019-04-07 14:03:13.0870000', 'SZTQV', 'Conjectar')
INSERT dbo.product(id, deleted, created_date, updated_date, code, name) VALUES (7, 0, '1978-11-04 08:43:56.9480000', '2006-10-27 23:05:04.3110000', 'MJMZE', 'Readtectridge')
INSERT dbo.product(id, deleted, created_date, updated_date, code, name) VALUES (8, 0, '1976-10-18 13:14:13.1230000', '2016-12-10 15:12:11.0090000', 'HJGCE', 'Subculplphone')
INSERT dbo.product(id, deleted, created_date, updated_date, code, name) VALUES (9, 1, '2019-08-14 12:46:56.3560000', '1980-01-13 21:19:54.4380000', 'ZZGAG', 'Monolifiplon')
INSERT dbo.product(id, deleted, created_date, updated_date, code, name) VALUES (10, 1, '1987-11-03 04:39:51.2870000', '2005-05-23 22:02:21.6380000', 'DXPWM', 'Tabputador')
INSERT dbo.product(id, deleted, created_date, updated_date, code, name) VALUES (11, 0, '2008-02-16 14:21:38.4740000', '1997-10-07 00:45:35.6370000', 'CNHGO', 'Printjecticlet')
INSERT dbo.product(id, deleted, created_date, updated_date, code, name) VALUES (12, 1, '1976-12-14 01:52:14.9470000', '2013-08-06 16:01:24.8290000', 'WQIJA', 'Monolifiuper')
INSERT dbo.product(id, deleted, created_date, updated_date, code, name) VALUES (13, 1, '2015-01-07 06:08:33.6100000', '2018-11-08 21:09:46.0080000', 'OCDPT', 'Tabputaquer')
INSERT dbo.product(id, deleted, created_date, updated_date, code, name) VALUES (14, 0, '2006-05-01 01:48:11.0730000', '2018-12-19 08:22:19.0810000', 'ZJXMN', 'Playcycliner')
INSERT dbo.product(id, deleted, created_date, updated_date, code, name) VALUES (15, 1, '1992-01-01 18:37:45.8910000', '2010-10-22 17:23:33.9770000', 'ARSVX', 'Cartcessimry')
INSERT dbo.product(id, deleted, created_date, updated_date, code, name) VALUES (16, 0, '1998-03-26 17:42:58.0910000', '2014-09-07 02:50:22.5510000', 'OWKRZ', 'Teceivimry')
INSERT dbo.product(id, deleted, created_date, updated_date, code, name) VALUES (17, 0, '2024-05-12 16:27:09.7150000', '2007-10-25 18:45:11.0000000', 'KZDDE', 'Comteller')
INSERT dbo.product(id, deleted, created_date, updated_date, code, name) VALUES (18, 1, '1979-12-11 03:40:18.3100000', '1991-02-09 17:39:03.5320000', 'ZVGZM', 'Tabpicklet')
INSERT dbo.product(id, deleted, created_date, updated_date, code, name) VALUES (19, 0, '2004-01-03 14:38:17.8620000', '1985-08-19 22:17:51.0010000', 'EZODH', 'Ampleer')
INSERT dbo.product(id, deleted, created_date, updated_date, code, name) VALUES (20, 1, '2022-10-29 17:39:26.3410000', '1996-10-14 20:29:57.5020000', 'BZJBD', 'Cartfindewon')
INSERT dbo.product(id, deleted, created_date, updated_date, code, name) VALUES (21, 1, '1982-10-02 09:39:45.3930000', '1983-03-30 02:44:50.0170000', 'XUDJM', 'Telifiry')
INSERT dbo.product(id, deleted, created_date, updated_date, code, name) VALUES (22, 0, '2017-07-14 06:24:36.9210000', '1976-10-22 01:59:52.4530000', 'DXZAB', 'Playtaopphone')
INSERT dbo.product(id, deleted, created_date, updated_date, code, name) VALUES (23, 0, '2016-03-09 04:11:17.6710000', '1993-07-11 01:55:26.0050000', 'CKQYK', 'Anlififiar')
INSERT dbo.product(id, deleted, created_date, updated_date, code, name) VALUES (24, 0, '1994-05-18 17:14:58.7210000', '1986-05-02 06:52:38.7160000', 'JLTZW', 'Printtinedgor')
INSERT dbo.product(id, deleted, created_date, updated_date, code, name) VALUES (25, 0, '1973-06-28 06:23:30.0070000', '2022-02-11 04:51:46.0110000', 'QUKKR', 'Suppickscope')
INSERT dbo.product(id, deleted, created_date, updated_date, code, name) VALUES (26, 0, '2001-11-04 19:06:59.7760000', '2003-12-18 13:48:32.0440000', 'RDIQX', 'Montinscope')
INSERT dbo.product(id, deleted, created_date, updated_date, code, name) VALUES (27, 1, '1984-01-08 09:47:33.2040000', '1995-12-05 18:18:35.4000000', 'QJKCU', 'Armculra')
INSERT dbo.product(id, deleted, created_date, updated_date, code, name) VALUES (28, 1, '2000-11-02 02:21:39.6570000', '2023-08-09 04:20:48.0030000', 'UFLVE', 'Amptellepphone')
INSERT dbo.product(id, deleted, created_date, updated_date, code, name) VALUES (29, 0, '1991-04-26 20:52:01.2220000', '2016-11-22 21:39:25.0010000', 'FGVYS', 'Cleanputlet')
INSERT dbo.product(id, deleted, created_date, updated_date, code, name) VALUES (30, 0, '2016-07-31 11:32:41.1470000', '1999-08-01 15:57:44.0000000', 'VHMBK', 'Comleedlet')
INSERT dbo.product(id, deleted, created_date, updated_date, code, name) VALUES (31, 1, '2007-09-16 23:52:49.4900000', '2023-11-17 17:35:39.0340000', 'DSLRC', 'Monoculscope')
INSERT dbo.product(id, deleted, created_date, updated_date, code, name) VALUES (32, 1, '2003-07-24 10:23:05.0770000', '2014-07-28 07:49:29.2950000', 'VZWHX', 'Subputicor')
INSERT dbo.product(id, deleted, created_date, updated_date, code, name) VALUES (33, 0, '1989-06-16 16:14:09.4200000', '1972-08-02 17:04:01.0330000', 'LAXVO', 'Speaktinra')
INSERT dbo.product(id, deleted, created_date, updated_date, code, name) VALUES (34, 0, '2008-10-20 17:52:56.3480000', '1996-12-29 21:43:43.0190000', 'KXQJJ', 'Tweetcordridge')
INSERT dbo.product(id, deleted, created_date, updated_date, code, name) VALUES (35, 1, '1980-01-25 22:42:15.0890000', '2016-01-26 03:33:43.3470000', 'KUWKM', 'Conpicker')
INSERT dbo.product(id, deleted, created_date, updated_date, code, name) VALUES (36, 1, '1990-07-28 14:55:05.4420000', '1984-02-19 15:04:42.4120000', 'XTPAZ', 'Readcorderentor')
INSERT dbo.product(id, deleted, created_date, updated_date, code, name) VALUES (37, 1, '1983-11-17 22:30:00.0200000', '1994-03-04 03:19:13.0910000', 'QOECU', 'Printholdaquphone')
INSERT dbo.product(id, deleted, created_date, updated_date, code, name) VALUES (38, 0, '2015-11-13 13:31:10.0420000', '2014-10-16 07:01:47.0440000', 'YHSFS', 'Playlicton')
INSERT dbo.product(id, deleted, created_date, updated_date, code, name) VALUES (39, 0, '1988-08-01 21:14:21.8740000', '2022-03-04 15:11:27.7350000', 'HREPE', 'Cabculon')
INSERT dbo.product(id, deleted, created_date, updated_date, code, name) VALUES (40, 0, '2013-09-18 07:23:08.0270000', '2007-09-27 02:10:02.9910000', 'OHATT', 'Commutor')
INSERT dbo.product(id, deleted, created_date, updated_date, code, name) VALUES (41, 0, '2001-08-09 01:53:32.7380000', '1991-04-09 23:41:53.0090000', 'IPOSB', 'Tweetpicker')
INSERT dbo.product(id, deleted, created_date, updated_date, code, name) VALUES (42, 0, '1991-12-08 16:20:07.7880000', '1984-06-05 19:03:39.2890000', 'ABOIP', 'Continor')
INSERT dbo.product(id, deleted, created_date, updated_date, code, name) VALUES (43, 0, '2004-07-18 11:38:35.3600000', '2020-09-08 17:48:13.2930000', 'NMWPZ', 'Miccessinscope')
INSERT dbo.product(id, deleted, created_date, updated_date, code, name) VALUES (44, 1, '2008-11-02 15:59:10.6510000', '1992-09-28 04:48:10.6000000', 'WCAVA', 'Monmutonentor')
INSERT dbo.product(id, deleted, created_date, updated_date, code, name) VALUES (45, 1, '1993-08-24 17:15:09.9890000', '1981-04-07 04:56:55.1310000', 'ODXIZ', 'Cleanniupor')
INSERT dbo.product(id, deleted, created_date, updated_date, code, name) VALUES (46, 0, '1982-01-19 02:20:36.2610000', '2008-03-22 00:15:35.4800000', 'IGQLC', 'Cartceivator')
INSERT dbo.product(id, deleted, created_date, updated_date, code, name) VALUES (47, 0, '2012-06-04 15:23:55.3520000', '1986-06-01 11:57:36.6840000', 'HUSJD', 'Transtopimar')
INSERT dbo.product(id, deleted, created_date, updated_date, code, name) VALUES (48, 0, '1996-12-11 10:02:49.6570000', '1997-03-28 16:26:50.2590000', 'LYVCP', 'Comtopollar')
INSERT dbo.product(id, deleted, created_date, updated_date, code, name) VALUES (49, 1, '2000-06-18 19:12:47.7650000', '2006-06-21 11:27:12.3180000', 'AJBXQ', 'Anjector')
INSERT dbo.product(id, deleted, created_date, updated_date, code, name) VALUES (50, 0, '2015-05-19 17:52:11.7710000', '1989-07-29 22:15:12.6150000', 'PVFVI', 'Conholdexor')
GO
SET IDENTITY_INSERT dbo.product OFF
GO

--
-- Inserting data into table [final].[dbo].[role]
--
SET IDENTITY_INSERT dbo.role ON
GO
INSERT dbo.role(id, created_date, updated_date, code) VALUES (1, '1977-11-26 08:05:21.9410000', '1997-03-05 13:17:33.0500000', 'YSUWK')
INSERT dbo.role(id, created_date, updated_date, code) VALUES (2, '1981-12-29 11:41:24.1980000', '1997-04-24 14:23:44.8440000', 'HZRVS')
INSERT dbo.role(id, created_date, updated_date, code) VALUES (3, '2012-03-12 15:02:38.7350000', '1998-07-02 21:13:19.7740000', 'HKTUG')
INSERT dbo.role(id, created_date, updated_date, code) VALUES (4, '1986-07-14 11:22:26.4970000', '1988-05-18 22:58:36.8760000', 'TUYFL')
INSERT dbo.role(id, created_date, updated_date, code) VALUES (5, '1997-05-23 15:19:25.1070000', '1973-02-25 08:02:53.8330000', 'EIBIF')
INSERT dbo.role(id, created_date, updated_date, code) VALUES (6, '1975-05-22 07:33:52.1430000', '2007-12-28 09:33:42.1080000', 'AYNLN')
INSERT dbo.role(id, created_date, updated_date, code) VALUES (7, '1980-09-10 01:49:04.6400000', '2021-10-29 05:44:46.9960000', 'XPXAU')
INSERT dbo.role(id, created_date, updated_date, code) VALUES (8, '2010-10-06 19:56:23.9850000', '1979-04-16 04:22:03.0090000', 'OLUTX')
INSERT dbo.role(id, created_date, updated_date, code) VALUES (9, '1991-06-19 16:38:16.3100000', '2017-06-17 23:07:43.4480000', 'AHFFA')
INSERT dbo.role(id, created_date, updated_date, code) VALUES (10, '1996-02-12 20:41:48.8390000', '1992-08-16 16:29:24.5010000', 'CMFXA')
INSERT dbo.role(id, created_date, updated_date, code) VALUES (11, '1975-12-06 09:22:52.7220000', '1999-06-23 07:17:44.2870000', 'DMOCC')
INSERT dbo.role(id, created_date, updated_date, code) VALUES (12, '2006-03-09 17:13:12.2410000', '2004-08-03 23:15:21.7010000', 'ITAPH')
INSERT dbo.role(id, created_date, updated_date, code) VALUES (13, '2010-10-05 01:29:01.7560000', '2002-11-04 21:52:54.2000000', 'KBBKG')
INSERT dbo.role(id, created_date, updated_date, code) VALUES (14, '2014-05-28 21:44:11.0060000', '2000-04-04 02:55:35.3550000', 'FQRNE')
INSERT dbo.role(id, created_date, updated_date, code) VALUES (15, '2007-12-24 03:23:03.3420000', '2015-12-06 21:41:36.0100000', 'HFLWB')
INSERT dbo.role(id, created_date, updated_date, code) VALUES (16, '2023-12-04 03:11:45.3450000', '1988-11-02 05:56:03.6730000', 'WTTJM')
INSERT dbo.role(id, created_date, updated_date, code) VALUES (17, '2018-11-08 22:52:10.0470000', '1980-03-12 11:17:23.0040000', 'NOPPN')
INSERT dbo.role(id, created_date, updated_date, code) VALUES (18, '1976-05-03 19:05:43.0030000', '2018-05-29 09:33:56.2410000', 'XYYDJ')
INSERT dbo.role(id, created_date, updated_date, code) VALUES (19, '1972-09-01 14:25:56.8810000', '1977-12-24 09:59:51.0750000', 'XLDGV')
INSERT dbo.role(id, created_date, updated_date, code) VALUES (20, '2008-03-14 07:21:18.0050000', '1989-02-28 22:50:20.8270000', 'GBEUC')
INSERT dbo.role(id, created_date, updated_date, code) VALUES (21, '1978-05-25 06:14:22.6580000', '1976-10-04 12:07:35.0180000', 'QSDSX')
INSERT dbo.role(id, created_date, updated_date, code) VALUES (22, '1979-01-27 11:21:41.8580000', '1971-07-28 05:26:26.3410000', 'DRDTP')
INSERT dbo.role(id, created_date, updated_date, code) VALUES (23, '1993-12-03 09:17:03.5990000', '2015-11-21 21:17:16.7720000', 'IQOLF')
INSERT dbo.role(id, created_date, updated_date, code) VALUES (24, '1978-04-03 12:55:23.9450000', '1983-06-30 03:56:16.6210000', 'ERSZF')
INSERT dbo.role(id, created_date, updated_date, code) VALUES (25, '2004-11-12 14:22:19.8030000', '2014-09-20 17:44:01.0450000', 'RBRRH')
INSERT dbo.role(id, created_date, updated_date, code) VALUES (26, '2013-06-22 06:11:18.5960000', '1978-10-23 01:59:45.5630000', 'KWROZ')
INSERT dbo.role(id, created_date, updated_date, code) VALUES (27, '2013-10-21 12:56:08.0010000', '1981-06-13 02:51:54.8290000', 'EMRLD')
INSERT dbo.role(id, created_date, updated_date, code) VALUES (28, '2002-10-30 13:40:12.2940000', '2000-04-24 18:26:39.9990000', 'KZXGM')
INSERT dbo.role(id, created_date, updated_date, code) VALUES (29, '2007-05-10 22:50:51.8170000', '1973-09-19 05:21:11.4510000', 'HJCZQ')
INSERT dbo.role(id, created_date, updated_date, code) VALUES (30, '2018-06-04 15:18:40.4540000', '2005-12-06 05:42:36.1300000', 'SJJJZ')
INSERT dbo.role(id, created_date, updated_date, code) VALUES (31, '1997-07-05 17:36:50.8000000', '1974-05-19 10:19:57.3360000', 'IMNNY')
INSERT dbo.role(id, created_date, updated_date, code) VALUES (32, '1980-10-08 19:10:08.0000000', '1991-01-06 20:23:29.3890000', 'YEUIF')
INSERT dbo.role(id, created_date, updated_date, code) VALUES (33, '2006-04-16 06:58:27.5690000', '1984-11-13 03:42:37.3200000', 'VTGND')
INSERT dbo.role(id, created_date, updated_date, code) VALUES (34, '1975-11-11 23:08:49.2880000', '1994-12-16 18:17:04.0420000', 'XHNQW')
INSERT dbo.role(id, created_date, updated_date, code) VALUES (35, '2003-08-25 22:48:59.3350000', '1981-01-26 08:58:25.1020000', 'EWHUJ')
INSERT dbo.role(id, created_date, updated_date, code) VALUES (36, '1977-09-22 11:45:10.0740000', '1998-09-26 11:53:23.2590000', 'BGFQR')
INSERT dbo.role(id, created_date, updated_date, code) VALUES (37, '1999-04-20 19:23:57.7400000', '2008-04-19 04:02:50.8070000', 'FWJJC')
INSERT dbo.role(id, created_date, updated_date, code) VALUES (38, '2019-08-23 17:29:58.0030000', '2006-08-25 01:24:14.0030000', 'KTSVT')
INSERT dbo.role(id, created_date, updated_date, code) VALUES (39, '1971-10-01 01:49:37.0920000', '2015-09-15 16:45:53.7900000', 'MQBSI')
INSERT dbo.role(id, created_date, updated_date, code) VALUES (40, '2021-11-05 06:46:54.4460000', '2020-03-05 12:35:24.4410000', 'URTNK')
INSERT dbo.role(id, created_date, updated_date, code) VALUES (41, '2000-02-11 04:47:17.6760000', '1980-06-04 01:43:40.5180000', 'TCXRE')
INSERT dbo.role(id, created_date, updated_date, code) VALUES (42, '2008-09-06 05:24:12.4030000', '2021-05-19 21:20:01.7620000', 'BOSIH')
INSERT dbo.role(id, created_date, updated_date, code) VALUES (43, '2012-10-28 21:17:35.7840000', '1972-12-31 22:33:46.7440000', 'ILLMZ')
INSERT dbo.role(id, created_date, updated_date, code) VALUES (44, '2001-08-08 03:52:19.2970000', '1986-03-21 05:32:04.8650000', 'JOWWB')
INSERT dbo.role(id, created_date, updated_date, code) VALUES (45, '1999-11-09 08:45:24.0890000', '1982-07-06 08:50:07.8670000', 'WBZQG')
INSERT dbo.role(id, created_date, updated_date, code) VALUES (46, '1987-03-01 16:44:36.7020000', '1984-04-21 05:44:39.0580000', 'QDJFR')
INSERT dbo.role(id, created_date, updated_date, code) VALUES (47, '2001-11-11 20:37:03.3730000', '1983-07-10 20:04:47.4290000', 'DUGWT')
INSERT dbo.role(id, created_date, updated_date, code) VALUES (48, '1972-07-23 06:29:36.0060000', '1986-10-07 23:15:40.0210000', 'GGJNE')
INSERT dbo.role(id, created_date, updated_date, code) VALUES (49, '1990-08-27 22:52:12.4520000', '2017-03-11 13:19:06.0310000', 'MFVNL')
INSERT dbo.role(id, created_date, updated_date, code) VALUES (50, '1989-01-06 23:36:48.9990000', '1988-01-07 00:15:24.0780000', 'BNYKQ')
GO
SET IDENTITY_INSERT dbo.role OFF
GO

--
-- Inserting data into table [final].[dbo].[size]
--
SET IDENTITY_INSERT dbo.size ON
GO
INSERT dbo.size(id, deleted, created_date, updated_date, code, name) VALUES (1, 0, '2018-08-29 01:06:54.0050000', '1983-03-27 02:50:31.1410000', 'XMUPK', 'Magdalen8')
INSERT dbo.size(id, deleted, created_date, updated_date, code, name) VALUES (2, 1, '1994-04-19 22:15:43.7180000', '2009-11-12 21:47:10.5860000', 'UWLIR', 'Nella2019')
INSERT dbo.size(id, deleted, created_date, updated_date, code, name) VALUES (3, 0, '1983-04-10 14:16:10.7550000', '1995-07-15 04:29:47.0130000', 'DPXFJ', 'Weston2017')
INSERT dbo.size(id, deleted, created_date, updated_date, code, name) VALUES (4, 1, '1992-05-14 20:40:31.1600000', '2000-02-07 15:53:14.0910000', 'VEYLO', 'Sidney644')
INSERT dbo.size(id, deleted, created_date, updated_date, code, name) VALUES (5, 0, '2009-08-20 04:54:17.0470000', '1983-04-28 08:03:24.2210000', 'DBLKB', 'Angelic953')
INSERT dbo.size(id, deleted, created_date, updated_date, code, name) VALUES (6, 1, '1985-11-23 08:04:58.8510000', '2012-08-11 02:28:16.9470000', 'EJAIT', 'Alvaro2029')
INSERT dbo.size(id, deleted, created_date, updated_date, code, name) VALUES (7, 1, '2019-05-21 06:40:16.5940000', '2022-10-30 15:12:19.7040000', 'UPPPU', 'Jacinto9')
INSERT dbo.size(id, deleted, created_date, updated_date, code, name) VALUES (8, 0, '2014-02-20 12:52:04.5850000', '1996-04-19 10:56:28.0020000', 'BNOAB', 'Christopher2004')
INSERT dbo.size(id, deleted, created_date, updated_date, code, name) VALUES (9, 1, '1982-10-21 22:00:37.2730000', '2002-11-06 00:22:07.8990000', 'CUZTD', 'Byron2015')
INSERT dbo.size(id, deleted, created_date, updated_date, code, name) VALUES (10, 0, '1989-03-15 08:48:23.8100000', '1985-09-17 04:35:59.0930000', 'RHFNM', 'Vance744')
INSERT dbo.size(id, deleted, created_date, updated_date, code, name) VALUES (11, 1, '2023-02-02 01:43:59.3640000', '1971-11-08 21:27:34.4470000', 'UHIFX', 'Leonard775')
INSERT dbo.size(id, deleted, created_date, updated_date, code, name) VALUES (12, 0, '2002-12-05 08:46:07.6200000', '2019-11-04 12:32:51.0000000', 'AWAHI', 'Fidel2019')
INSERT dbo.size(id, deleted, created_date, updated_date, code, name) VALUES (13, 1, '2008-10-02 11:12:10.7240000', '1983-03-27 06:51:22.6170000', 'OIDFJ', 'Travis2011')
INSERT dbo.size(id, deleted, created_date, updated_date, code, name) VALUES (14, 1, '2024-01-20 19:24:10.0880000', '1980-06-12 15:33:12.0120000', 'LMBIN', 'Aiello343')
INSERT dbo.size(id, deleted, created_date, updated_date, code, name) VALUES (15, 0, '1999-10-23 02:08:00.1660000', '1986-08-18 13:56:28.2590000', 'YEVJW', 'Adrienne1961')
INSERT dbo.size(id, deleted, created_date, updated_date, code, name) VALUES (16, 1, '2014-02-05 09:18:02.8380000', '2016-05-12 06:53:15.7000000', 'GZUMY', 'Scott699')
INSERT dbo.size(id, deleted, created_date, updated_date, code, name) VALUES (17, 0, '2008-10-31 08:31:27.2860000', '1981-05-02 06:55:44.6870000', 'LJRSO', 'Tobie1988')
INSERT dbo.size(id, deleted, created_date, updated_date, code, name) VALUES (18, 0, '2002-04-24 02:36:09.3180000', '1983-07-25 14:36:40.3020000', 'NBLZR', 'Jutta1996')
INSERT dbo.size(id, deleted, created_date, updated_date, code, name) VALUES (19, 1, '2004-06-24 05:51:26.6870000', '2024-06-17 07:48:33.0500000', 'CQFOA', 'Boston75')
INSERT dbo.size(id, deleted, created_date, updated_date, code, name) VALUES (20, 0, '2023-05-20 11:22:16.5890000', '2004-08-04 21:54:14.6770000', 'XGWQH', 'Belanger2006')
INSERT dbo.size(id, deleted, created_date, updated_date, code, name) VALUES (21, 1, '1973-02-09 21:16:32.8050000', '1978-03-01 09:51:17.0970000', 'VAIVK', 'Belinda2016')
INSERT dbo.size(id, deleted, created_date, updated_date, code, name) VALUES (22, 1, '2004-06-18 04:57:43.1160000', '1989-07-07 10:17:14.9440000', 'FFLAQ', 'Gladys93')
INSERT dbo.size(id, deleted, created_date, updated_date, code, name) VALUES (23, 1, '1972-05-20 16:08:05.7270000', '2005-07-02 23:22:55.0900000', 'RDULN', 'Jewell978')
INSERT dbo.size(id, deleted, created_date, updated_date, code, name) VALUES (24, 1, '2016-02-14 21:47:04.7180000', '2008-05-30 04:51:05.0500000', 'HBZMP', 'Basil1989')
INSERT dbo.size(id, deleted, created_date, updated_date, code, name) VALUES (25, 0, '1994-10-27 14:42:14.6110000', '1988-10-22 06:04:51.2840000', 'HOTJV', 'Stefanie492')
INSERT dbo.size(id, deleted, created_date, updated_date, code, name) VALUES (26, 0, '1996-02-07 05:52:12.2290000', '1998-06-09 18:45:24.3140000', 'RLZDD', 'Callahan1985')
INSERT dbo.size(id, deleted, created_date, updated_date, code, name) VALUES (27, 0, '2021-08-15 23:02:13.1310000', '1990-08-21 20:26:13.3190000', 'NLQAG', 'Adolph925')
INSERT dbo.size(id, deleted, created_date, updated_date, code, name) VALUES (28, 0, '1986-10-17 13:10:25.3350000', '2020-01-07 06:42:09.4320000', 'TVEJT', 'Darleen891')
INSERT dbo.size(id, deleted, created_date, updated_date, code, name) VALUES (29, 1, '1970-07-13 10:06:21.0030000', '1976-02-21 09:25:16.0180000', 'AYZIE', 'Michal546')
INSERT dbo.size(id, deleted, created_date, updated_date, code, name) VALUES (30, 1, '1990-10-18 11:58:09.2630000', '2002-09-28 14:43:11.6870000', 'ODPDY', 'Ted7')
INSERT dbo.size(id, deleted, created_date, updated_date, code, name) VALUES (31, 0, '2000-06-13 01:15:23.0470000', '1997-06-23 13:17:12.0690000', 'OKBBX', 'Twyla2010')
INSERT dbo.size(id, deleted, created_date, updated_date, code, name) VALUES (32, 0, '2008-07-17 15:36:42.6010000', '1978-05-10 04:04:09.3310000', 'UIYOL', 'Eartha2')
INSERT dbo.size(id, deleted, created_date, updated_date, code, name) VALUES (33, 1, '2020-03-07 06:40:48.2280000', '2015-05-02 12:36:57.2550000', 'BWLVM', 'Whitt53')
INSERT dbo.size(id, deleted, created_date, updated_date, code, name) VALUES (34, 1, '2018-07-10 05:41:37.0040000', '1973-12-13 18:27:02.0580000', 'CYKQW', 'Grady1998')
INSERT dbo.size(id, deleted, created_date, updated_date, code, name) VALUES (35, 1, '1988-07-08 07:40:56.4240000', '1987-07-15 15:42:34.8750000', 'GWYTM', 'Escalante485')
INSERT dbo.size(id, deleted, created_date, updated_date, code, name) VALUES (36, 0, '2002-06-08 08:06:59.1240000', '1996-10-26 14:13:39.9650000', 'DQVPR', 'Clawson1957')
INSERT dbo.size(id, deleted, created_date, updated_date, code, name) VALUES (37, 1, '2007-09-01 17:06:25.1850000', '2000-10-28 19:32:10.9730000', 'UINOG', 'Ricardo16')
INSERT dbo.size(id, deleted, created_date, updated_date, code, name) VALUES (38, 1, '1994-06-29 19:27:29.4670000', '2012-07-24 16:52:33.0530000', 'FENBY', 'Gustavo2006')
INSERT dbo.size(id, deleted, created_date, updated_date, code, name) VALUES (39, 0, '2005-11-13 10:47:59.0070000', '2003-03-19 17:33:46.0140000', 'ZVFFM', 'Phelps2021')
INSERT dbo.size(id, deleted, created_date, updated_date, code, name) VALUES (40, 1, '1975-04-08 16:23:41.0130000', '2004-02-27 05:01:25.9350000', 'NSALD', 'Alysha3')
INSERT dbo.size(id, deleted, created_date, updated_date, code, name) VALUES (41, 0, '1988-03-31 11:35:56.1380000', '1978-11-03 06:03:49.7450000', 'HBHCU', 'Byrnes1979')
INSERT dbo.size(id, deleted, created_date, updated_date, code, name) VALUES (42, 0, '2014-01-25 11:53:40.3850000', '1994-12-13 04:03:08.7260000', 'EYBPJ', 'Dias2')
INSERT dbo.size(id, deleted, created_date, updated_date, code, name) VALUES (43, 0, '2015-10-06 13:59:41.6580000', '1982-11-09 09:01:18.8400000', 'SJCJY', 'Bryan2011')
INSERT dbo.size(id, deleted, created_date, updated_date, code, name) VALUES (44, 0, '2008-11-29 10:48:19.6610000', '1986-07-11 20:00:28.1660000', 'MJSYD', 'Davis2008')
INSERT dbo.size(id, deleted, created_date, updated_date, code, name) VALUES (45, 1, '1985-11-03 22:09:09.4920000', '1993-02-04 01:34:16.2490000', 'QAZYD', 'Synthia121')
INSERT dbo.size(id, deleted, created_date, updated_date, code, name) VALUES (46, 0, '2000-06-08 00:10:06.0510000', '1972-07-30 08:46:46.7600000', 'YKIMM', 'Cope2012')
INSERT dbo.size(id, deleted, created_date, updated_date, code, name) VALUES (47, 1, '1990-09-25 04:30:23.2480000', '1978-03-18 12:08:52.9380000', 'JOWDZ', 'Belkis2016')
INSERT dbo.size(id, deleted, created_date, updated_date, code, name) VALUES (48, 1, '1995-06-11 05:15:49.6630000', '2011-12-23 15:22:11.1520000', 'HLHSB', 'Joshua771')
INSERT dbo.size(id, deleted, created_date, updated_date, code, name) VALUES (49, 1, '1987-07-21 03:20:36.0920000', '2018-10-25 18:38:34.0210000', 'WFIJD', 'Abraham2002')
INSERT dbo.size(id, deleted, created_date, updated_date, code, name) VALUES (50, 0, '2012-08-19 10:48:03.0780000', '2005-01-28 13:48:18.6000000', 'VXRTW', 'Ashli2')
GO
SET IDENTITY_INSERT dbo.size OFF
GO

--
-- Inserting data into table [final].[dbo].[sleeve]
--
SET IDENTITY_INSERT dbo.sleeve ON
GO
INSERT dbo.sleeve(id, deleted, created_date, updated_date, code, name) VALUES (1, 0, '2004-09-18 14:39:52.0870000', '2018-03-03 08:46:55.0840000', 'QUIAH', 'Rowan65')
INSERT dbo.sleeve(id, deleted, created_date, updated_date, code, name) VALUES (2, 1, '1987-09-22 06:41:43.0070000', '2011-05-20 11:28:17.7920000', 'NSGQD', 'Aileen2013')
INSERT dbo.sleeve(id, deleted, created_date, updated_date, code, name) VALUES (3, 1, '2011-04-29 20:06:48.0010000', '1981-01-09 20:28:11.4190000', 'TAGPI', 'Darwin9')
INSERT dbo.sleeve(id, deleted, created_date, updated_date, code, name) VALUES (4, 0, '1987-02-25 04:57:16.9040000', '1993-10-24 19:13:15.2060000', 'VZTTA', 'Thanh2013')
INSERT dbo.sleeve(id, deleted, created_date, updated_date, code, name) VALUES (5, 0, '1991-12-19 04:58:14.0290000', '2018-04-13 07:37:41.7550000', 'WUATL', 'Aubrey2004')
INSERT dbo.sleeve(id, deleted, created_date, updated_date, code, name) VALUES (6, 1, '1988-10-15 07:41:17.5950000', '2022-04-12 00:19:28.9130000', 'TONFR', 'Abel1975')
INSERT dbo.sleeve(id, deleted, created_date, updated_date, code, name) VALUES (7, 1, '2020-05-21 16:07:50.0060000', '2003-03-28 18:47:26.1880000', 'UEVXF', 'Noelle583')
INSERT dbo.sleeve(id, deleted, created_date, updated_date, code, name) VALUES (8, 0, '2006-03-09 07:10:09.8890000', '1991-11-24 20:44:27.7200000', 'TGDJF', 'Everhart1997')
INSERT dbo.sleeve(id, deleted, created_date, updated_date, code, name) VALUES (9, 1, '2022-12-15 23:15:01.0770000', '2005-06-09 18:51:48.2460000', 'MIHPA', 'Alicea1963')
INSERT dbo.sleeve(id, deleted, created_date, updated_date, code, name) VALUES (10, 1, '1982-04-15 20:54:59.7810000', '2005-09-07 18:37:17.5690000', 'XJRBO', 'Kimberlee37')
INSERT dbo.sleeve(id, deleted, created_date, updated_date, code, name) VALUES (11, 0, '2015-06-25 18:05:07.0090000', '1983-08-14 18:21:01.6920000', 'XGVCT', 'Fontaine488')
INSERT dbo.sleeve(id, deleted, created_date, updated_date, code, name) VALUES (12, 1, '2001-11-07 05:43:21.6560000', '2015-02-08 20:01:18.2000000', 'OBZTB', 'Bohannon466')
INSERT dbo.sleeve(id, deleted, created_date, updated_date, code, name) VALUES (13, 1, '2006-07-08 23:11:26.7350000', '2023-09-02 18:51:28.3860000', 'AABPH', 'Charlott2013')
INSERT dbo.sleeve(id, deleted, created_date, updated_date, code, name) VALUES (14, 0, '2023-01-16 12:25:02.7600000', '2023-02-08 21:12:54.0430000', 'VGZPB', 'Maryetta139')
INSERT dbo.sleeve(id, deleted, created_date, updated_date, code, name) VALUES (15, 1, '2010-04-20 18:15:51.1250000', '2021-04-10 21:22:11.2750000', 'DRFCM', 'Bobo653')
INSERT dbo.sleeve(id, deleted, created_date, updated_date, code, name) VALUES (16, 0, '2009-09-14 16:42:28.0010000', '1995-01-19 10:43:34.0010000', 'FANPC', 'Tenney2018')
INSERT dbo.sleeve(id, deleted, created_date, updated_date, code, name) VALUES (17, 0, '2018-08-23 22:54:44.5310000', '1979-12-02 20:38:35.1840000', 'HLXYQ', 'Marguerita16')
INSERT dbo.sleeve(id, deleted, created_date, updated_date, code, name) VALUES (18, 1, '1990-12-15 19:40:06.3190000', '1993-03-29 10:15:12.9440000', 'LMFAL', 'Bayer586')
INSERT dbo.sleeve(id, deleted, created_date, updated_date, code, name) VALUES (19, 1, '1994-09-09 01:08:40.2600000', '2019-04-21 20:46:13.8800000', 'ELSJQ', 'Lashaunda1975')
INSERT dbo.sleeve(id, deleted, created_date, updated_date, code, name) VALUES (20, 1, '1987-01-18 18:27:56.5050000', '2022-12-25 20:48:29.4820000', 'FWFNO', 'Aguirre2003')
INSERT dbo.sleeve(id, deleted, created_date, updated_date, code, name) VALUES (21, 0, '1984-06-27 07:50:14.4750000', '1987-10-03 21:20:23.2400000', 'NYXJA', 'Brandon1976')
INSERT dbo.sleeve(id, deleted, created_date, updated_date, code, name) VALUES (22, 0, '1973-06-25 01:17:51.6150000', '2024-03-04 23:58:41.9140000', 'PISCQ', 'Rogelio1959')
INSERT dbo.sleeve(id, deleted, created_date, updated_date, code, name) VALUES (23, 0, '1977-08-10 15:55:45.4160000', '2017-02-20 12:30:36.6870000', 'BKWWW', 'Mabelle2015')
INSERT dbo.sleeve(id, deleted, created_date, updated_date, code, name) VALUES (24, 1, '2003-12-10 16:29:35.5810000', '1985-10-04 17:42:02.6690000', 'TUMQL', 'Therese2011')
INSERT dbo.sleeve(id, deleted, created_date, updated_date, code, name) VALUES (25, 0, '1971-03-17 09:22:11.6530000', '1986-08-16 12:09:09.6140000', 'XVPWW', 'Almanza2015')
INSERT dbo.sleeve(id, deleted, created_date, updated_date, code, name) VALUES (26, 0, '2001-01-25 04:18:42.0570000', '1972-03-11 14:13:51.0110000', 'RBOQS', 'Agustin7')
INSERT dbo.sleeve(id, deleted, created_date, updated_date, code, name) VALUES (27, 0, '1988-09-25 18:17:14.4050000', '1997-02-19 02:46:31.9930000', 'LXNAC', 'Downing2018')
INSERT dbo.sleeve(id, deleted, created_date, updated_date, code, name) VALUES (28, 0, '2024-05-11 06:05:22.1030000', '2019-05-18 23:11:06.7570000', 'MBVOV', 'Miriam2008')
INSERT dbo.sleeve(id, deleted, created_date, updated_date, code, name) VALUES (29, 0, '2005-06-30 16:58:49.6000000', '1986-06-16 06:31:38.0530000', 'ENRUR', 'Knowlton2024')
INSERT dbo.sleeve(id, deleted, created_date, updated_date, code, name) VALUES (30, 0, '1996-08-23 23:18:10.4520000', '1989-10-10 15:58:57.0730000', 'DIXJS', 'Lorette1969')
INSERT dbo.sleeve(id, deleted, created_date, updated_date, code, name) VALUES (31, 1, '2009-08-27 22:48:59.7840000', '2008-06-30 18:36:56.7860000', 'ZFSDF', 'Moriah2008')
INSERT dbo.sleeve(id, deleted, created_date, updated_date, code, name) VALUES (32, 1, '2009-10-28 14:55:46.0730000', '2004-04-26 14:47:35.6080000', 'LEXAP', 'Katharina1964')
INSERT dbo.sleeve(id, deleted, created_date, updated_date, code, name) VALUES (33, 1, '2019-11-09 13:20:47.1280000', '2010-08-21 00:07:22.0090000', 'CHBCZ', 'Meredith2013')
INSERT dbo.sleeve(id, deleted, created_date, updated_date, code, name) VALUES (34, 1, '1990-04-26 13:55:16.5050000', '1971-01-24 12:43:46.9810000', 'LRVTQ', 'Mark1964')
INSERT dbo.sleeve(id, deleted, created_date, updated_date, code, name) VALUES (35, 0, '1970-07-29 00:43:13.1570000', '1974-01-15 00:09:45.6770000', 'PVBKC', 'Adah2008')
INSERT dbo.sleeve(id, deleted, created_date, updated_date, code, name) VALUES (36, 1, '1989-03-10 18:13:43.9350000', '2019-07-29 07:31:01.0400000', 'XURCI', 'Brinda2025')
INSERT dbo.sleeve(id, deleted, created_date, updated_date, code, name) VALUES (37, 1, '2005-12-09 20:32:34.0080000', '1989-04-22 18:03:36.3340000', 'JESZY', 'Latia1996')
INSERT dbo.sleeve(id, deleted, created_date, updated_date, code, name) VALUES (38, 0, '1994-11-02 18:20:50.6410000', '2006-03-13 00:49:30.6590000', 'TZXQW', 'Nathanael495')
INSERT dbo.sleeve(id, deleted, created_date, updated_date, code, name) VALUES (39, 1, '2006-12-24 19:34:33.9420000', '2006-10-07 01:13:35.6060000', 'MAEZX', 'Mcneill1975')
INSERT dbo.sleeve(id, deleted, created_date, updated_date, code, name) VALUES (40, 1, '2008-02-10 01:50:48.9840000', '1972-11-18 15:20:27.0320000', 'ZBJSA', 'Simonne1992')
INSERT dbo.sleeve(id, deleted, created_date, updated_date, code, name) VALUES (41, 1, '1989-01-11 12:27:46.4830000', '1999-01-25 08:48:56.9290000', 'IBFSE', 'Campbell2013')
INSERT dbo.sleeve(id, deleted, created_date, updated_date, code, name) VALUES (42, 1, '2021-04-02 12:46:34.9790000', '2018-03-03 09:58:00.1850000', 'SQHIK', 'Deluca1978')
INSERT dbo.sleeve(id, deleted, created_date, updated_date, code, name) VALUES (43, 0, '1970-07-08 07:56:28.2650000', '1995-05-07 18:22:48.8160000', 'RRTVM', 'Hermila2013')
INSERT dbo.sleeve(id, deleted, created_date, updated_date, code, name) VALUES (44, 1, '2004-04-28 06:34:44.6110000', '2003-06-14 07:45:12.9980000', 'KMMQV', 'Dominic4')
INSERT dbo.sleeve(id, deleted, created_date, updated_date, code, name) VALUES (45, 1, '2018-07-17 04:16:57.6000000', '2013-04-17 17:58:31.7240000', 'NNWRW', 'Conroy91')
INSERT dbo.sleeve(id, deleted, created_date, updated_date, code, name) VALUES (46, 0, '2007-05-06 13:32:28.3500000', '1979-07-25 22:14:03.1000000', 'KMHFV', 'Moshe2')
INSERT dbo.sleeve(id, deleted, created_date, updated_date, code, name) VALUES (47, 1, '2023-07-31 06:42:59.0840000', '1974-09-22 08:12:32.7340000', 'VOSBV', 'Schwarz1983')
INSERT dbo.sleeve(id, deleted, created_date, updated_date, code, name) VALUES (48, 1, '2013-01-02 14:23:47.2570000', '2020-05-10 04:44:27.0120000', 'NSYDL', 'Ozella1971')
INSERT dbo.sleeve(id, deleted, created_date, updated_date, code, name) VALUES (49, 1, '1977-04-04 23:25:18.1180000', '1991-10-15 23:14:22.9490000', 'MNLEL', 'Alonso1970')
INSERT dbo.sleeve(id, deleted, created_date, updated_date, code, name) VALUES (50, 1, '2002-08-01 09:31:26.5530000', '1996-06-03 23:40:50.4930000', 'KJLGB', 'Jacques461')
GO
SET IDENTITY_INSERT dbo.sleeve OFF
GO

--
-- Inserting data into table [final].[dbo].[style]
--
SET IDENTITY_INSERT dbo.style ON
GO
INSERT dbo.style(id, deleted, created_date, updated_date, code, name) VALUES (1, 0, '1978-05-07 18:28:46.1310000', '1991-10-20 12:35:49.6290000', 'EBXMC', 'Anitra5')
INSERT dbo.style(id, deleted, created_date, updated_date, code, name) VALUES (2, 1, '2003-03-30 13:46:32.4820000', '1981-01-12 02:09:42.1440000', 'MXJFS', 'Idella6')
INSERT dbo.style(id, deleted, created_date, updated_date, code, name) VALUES (3, 1, '2013-01-14 22:52:08.8940000', '2003-03-12 20:14:55.9400000', 'YHTLZ', 'Farris2027')
INSERT dbo.style(id, deleted, created_date, updated_date, code, name) VALUES (4, 1, '2023-03-29 15:31:24.9630000', '1997-03-06 12:46:45.9720000', 'JSHGW', 'Edison2003')
INSERT dbo.style(id, deleted, created_date, updated_date, code, name) VALUES (5, 0, '2010-06-25 12:24:31.5480000', '1977-03-19 12:32:43.0990000', 'BRRZY', 'Angila718')
INSERT dbo.style(id, deleted, created_date, updated_date, code, name) VALUES (6, 1, '1980-01-02 23:05:54.0540000', '2010-06-19 15:00:01.5670000', 'RTCBN', 'Ron1971')
INSERT dbo.style(id, deleted, created_date, updated_date, code, name) VALUES (7, 1, '2008-08-23 00:42:05.0720000', '1971-07-29 02:29:39.7520000', 'DJWGF', 'Staten2025')
INSERT dbo.style(id, deleted, created_date, updated_date, code, name) VALUES (8, 1, '1995-11-27 10:49:10.0020000', '1983-11-05 10:39:03.7510000', 'WLSYV', 'Ackerman2022')
INSERT dbo.style(id, deleted, created_date, updated_date, code, name) VALUES (9, 1, '2024-03-26 23:44:19.0070000', '1976-10-13 19:34:44.9960000', 'YQIDW', 'Johnie265')
INSERT dbo.style(id, deleted, created_date, updated_date, code, name) VALUES (10, 1, '1970-08-27 11:29:58.2250000', '1972-12-20 14:48:28.0130000', 'MDXLY', 'Shirley1998')
INSERT dbo.style(id, deleted, created_date, updated_date, code, name) VALUES (11, 0, '1975-03-13 21:54:20.7950000', '1973-05-07 16:47:57.4440000', 'JXWEL', 'Ada1973')
INSERT dbo.style(id, deleted, created_date, updated_date, code, name) VALUES (12, 0, '2002-03-10 23:34:55.9390000', '1985-02-04 23:37:01.8580000', 'IGJTS', 'Cedric99')
INSERT dbo.style(id, deleted, created_date, updated_date, code, name) VALUES (13, 1, '1991-09-15 12:45:37.0770000', '1997-07-19 05:33:29.9540000', 'UZJOT', 'Shelton1997')
INSERT dbo.style(id, deleted, created_date, updated_date, code, name) VALUES (14, 1, '1973-07-13 05:11:23.2220000', '1991-06-10 14:03:25.6650000', 'ANYWT', 'Bennie973')
INSERT dbo.style(id, deleted, created_date, updated_date, code, name) VALUES (15, 1, '1979-08-06 21:44:19.0350000', '1972-01-30 11:05:06.6260000', 'XTCPT', 'Clegg1954')
INSERT dbo.style(id, deleted, created_date, updated_date, code, name) VALUES (16, 0, '2013-06-24 15:27:53.9430000', '1988-05-07 18:30:15.3530000', 'VBQNI', 'Leland798')
INSERT dbo.style(id, deleted, created_date, updated_date, code, name) VALUES (17, 0, '1975-03-10 12:56:23.7340000', '2016-05-31 02:44:50.6450000', 'QOYFH', 'Adelaida2020')
INSERT dbo.style(id, deleted, created_date, updated_date, code, name) VALUES (18, 0, '2016-08-06 11:32:57.2830000', '1993-06-15 17:37:02.8590000', 'PXCHD', 'Liles2018')
INSERT dbo.style(id, deleted, created_date, updated_date, code, name) VALUES (19, 1, '2004-03-08 11:47:25.8030000', '1981-06-08 19:06:34.5020000', 'HXVHY', 'Julian424')
INSERT dbo.style(id, deleted, created_date, updated_date, code, name) VALUES (20, 1, '2013-01-08 11:35:00.2830000', '2009-06-05 23:19:46.4100000', 'XCPFU', 'Suzan2011')
INSERT dbo.style(id, deleted, created_date, updated_date, code, name) VALUES (21, 0, '1972-11-26 19:19:08.4860000', '2003-09-13 01:05:49.0020000', 'VPYEH', 'Bock1983')
INSERT dbo.style(id, deleted, created_date, updated_date, code, name) VALUES (22, 1, '2001-11-19 23:58:32.1400000', '2008-05-23 00:07:23.5240000', 'XRUMC', 'Lemons927')
INSERT dbo.style(id, deleted, created_date, updated_date, code, name) VALUES (23, 0, '2021-06-25 01:40:03.2120000', '2013-08-13 19:33:14.4070000', 'XDMPD', 'Nicholson132')
INSERT dbo.style(id, deleted, created_date, updated_date, code, name) VALUES (24, 0, '2019-07-05 02:01:15.0900000', '1976-07-30 04:28:34.5370000', 'ZLRXQ', 'Dorine2021')
INSERT dbo.style(id, deleted, created_date, updated_date, code, name) VALUES (25, 1, '1977-10-07 23:38:42.2420000', '1988-09-02 23:27:51.7850000', 'AWPEJ', 'Fredda969')
INSERT dbo.style(id, deleted, created_date, updated_date, code, name) VALUES (26, 1, '1974-08-03 17:02:09.1580000', '2023-11-21 13:32:10.4390000', 'ABBQP', 'Garry66')
INSERT dbo.style(id, deleted, created_date, updated_date, code, name) VALUES (27, 0, '1980-10-15 20:54:09.0190000', '1986-05-27 21:03:56.6930000', 'TKWXM', 'Abbie785')
INSERT dbo.style(id, deleted, created_date, updated_date, code, name) VALUES (28, 1, '2006-04-17 06:59:30.0020000', '1978-11-07 23:04:06.4620000', 'KWIIS', 'Andreas96')
INSERT dbo.style(id, deleted, created_date, updated_date, code, name) VALUES (29, 0, '2003-06-20 09:53:33.5210000', '2004-11-15 16:54:55.1600000', 'YPTFR', 'Adaline1975')
INSERT dbo.style(id, deleted, created_date, updated_date, code, name) VALUES (30, 0, '1986-03-08 15:25:25.1450000', '1994-05-03 07:54:46.4940000', 'BIMWY', 'Erma1')
INSERT dbo.style(id, deleted, created_date, updated_date, code, name) VALUES (31, 0, '1982-05-21 08:21:17.0050000', '1973-08-12 12:02:32.5220000', 'ENRHZ', 'Burt1997')
INSERT dbo.style(id, deleted, created_date, updated_date, code, name) VALUES (32, 0, '2004-08-28 03:01:40.7520000', '1999-03-06 20:51:10.7440000', 'IAYEG', 'Mclain2029')
INSERT dbo.style(id, deleted, created_date, updated_date, code, name) VALUES (33, 1, '2012-03-17 19:35:56.4780000', '1986-09-04 08:38:03.6530000', 'XXHTL', 'Armando6')
INSERT dbo.style(id, deleted, created_date, updated_date, code, name) VALUES (34, 1, '2023-02-01 00:37:54.5210000', '2008-04-18 07:43:04.1000000', 'UMGTJ', 'Cecilia863')
INSERT dbo.style(id, deleted, created_date, updated_date, code, name) VALUES (35, 1, '1996-10-25 09:32:04.1320000', '2007-01-24 18:05:52.0080000', 'MCSMB', 'Joy2008')
INSERT dbo.style(id, deleted, created_date, updated_date, code, name) VALUES (36, 1, '1984-03-28 02:15:04.0680000', '1996-11-03 16:34:34.0040000', 'GJWNQ', 'Leonard912')
INSERT dbo.style(id, deleted, created_date, updated_date, code, name) VALUES (37, 0, '2000-07-27 06:14:31.0080000', '2017-02-16 11:46:15.7650000', 'JAVCD', 'Robert1985')
INSERT dbo.style(id, deleted, created_date, updated_date, code, name) VALUES (38, 0, '2024-05-25 22:33:31.2330000', '2012-10-24 03:33:32.2410000', 'GWNJO', 'Beaulah1988')
INSERT dbo.style(id, deleted, created_date, updated_date, code, name) VALUES (39, 1, '2014-12-13 15:56:15.2160000', '1976-06-07 22:46:35.8580000', 'VOEDK', 'Prosser5')
INSERT dbo.style(id, deleted, created_date, updated_date, code, name) VALUES (40, 1, '1994-08-22 01:38:37.2500000', '1974-12-31 01:37:10.1420000', 'YHHIS', 'Clair674')
INSERT dbo.style(id, deleted, created_date, updated_date, code, name) VALUES (41, 0, '2018-07-06 16:58:43.8750000', '2023-04-02 19:54:34.8460000', 'GOLBY', 'Ken7')
INSERT dbo.style(id, deleted, created_date, updated_date, code, name) VALUES (42, 1, '1985-03-05 17:16:26.3820000', '1986-01-20 10:09:35.1820000', 'ODABS', 'Terrell2000')
INSERT dbo.style(id, deleted, created_date, updated_date, code, name) VALUES (43, 0, '2021-09-20 21:03:20.0030000', '1972-06-20 17:36:14.0940000', 'DQWRO', 'Chance2000')
INSERT dbo.style(id, deleted, created_date, updated_date, code, name) VALUES (44, 0, '1998-04-08 23:28:24.7760000', '1997-04-08 17:42:09.0110000', 'GAIWF', 'Hawk197')
INSERT dbo.style(id, deleted, created_date, updated_date, code, name) VALUES (45, 1, '1998-01-01 21:41:35.0030000', '2024-03-20 19:32:54.2780000', 'ISIRH', 'Kizzy19')
INSERT dbo.style(id, deleted, created_date, updated_date, code, name) VALUES (46, 0, '2003-10-27 16:15:00.0050000', '2021-02-08 03:28:11.4980000', 'YPRDT', 'Rusty25')
INSERT dbo.style(id, deleted, created_date, updated_date, code, name) VALUES (47, 1, '1991-01-18 06:24:14.3920000', '1982-07-18 17:54:56.8260000', 'YZXKG', 'Pappas964')
INSERT dbo.style(id, deleted, created_date, updated_date, code, name) VALUES (48, 1, '1993-07-30 21:32:09.7970000', '1991-03-23 09:25:32.2770000', 'ZWGQB', 'Shonda179')
INSERT dbo.style(id, deleted, created_date, updated_date, code, name) VALUES (49, 0, '1996-03-26 04:52:30.0240000', '2014-05-20 18:21:23.0700000', 'ZJEOJ', 'Amee1951')
INSERT dbo.style(id, deleted, created_date, updated_date, code, name) VALUES (50, 1, '2016-06-07 14:14:09.1260000', '2015-12-14 09:04:51.0640000', 'SNOYG', 'Classie2015')
GO
SET IDENTITY_INSERT dbo.style OFF
GO

--
-- Inserting data into table [final].[dbo].[texture]
--
SET IDENTITY_INSERT dbo.texture ON
GO
INSERT dbo.texture(id, deleted, created_date, updated_date, code, name) VALUES (1, 0, '2013-04-14 00:25:10.0000000', '1977-11-10 02:08:47.6800000', 'JRFTS', 'Shavonne9')
INSERT dbo.texture(id, deleted, created_date, updated_date, code, name) VALUES (2, 0, '2005-03-25 10:33:31.0340000', '1993-08-27 06:04:31.2390000', 'TYTHP', 'Alexander1985')
INSERT dbo.texture(id, deleted, created_date, updated_date, code, name) VALUES (3, 1, '1991-08-05 13:26:59.0060000', '2000-03-24 03:31:23.3440000', 'LKEKN', 'Gladis741')
INSERT dbo.texture(id, deleted, created_date, updated_date, code, name) VALUES (4, 0, '2014-03-22 16:25:15.3410000', '1982-04-10 08:48:40.5860000', 'ASJDA', 'Davison2005')
INSERT dbo.texture(id, deleted, created_date, updated_date, code, name) VALUES (5, 0, '2004-02-12 15:57:29.0750000', '1992-01-22 01:00:51.7400000', 'LMWZM', 'Will337')
INSERT dbo.texture(id, deleted, created_date, updated_date, code, name) VALUES (6, 0, '2024-05-09 03:37:27.6420000', '1988-06-25 14:28:28.9920000', 'VVOXF', 'Merilyn648')
INSERT dbo.texture(id, deleted, created_date, updated_date, code, name) VALUES (7, 1, '2004-11-29 19:23:40.0560000', '1976-03-21 17:25:05.9490000', 'KJIFR', 'Ayako397')
INSERT dbo.texture(id, deleted, created_date, updated_date, code, name) VALUES (8, 1, '1978-03-07 05:32:17.0140000', '1994-11-22 01:37:45.9940000', 'UMGZD', 'Tamekia1988')
INSERT dbo.texture(id, deleted, created_date, updated_date, code, name) VALUES (9, 0, '1992-07-10 19:28:53.0770000', '2000-03-13 18:41:14.0360000', 'RMZFV', 'Adalberto461')
INSERT dbo.texture(id, deleted, created_date, updated_date, code, name) VALUES (10, 0, '1999-08-12 03:58:43.0020000', '2001-12-05 23:46:22.2280000', 'UNHHX', 'Malika55')
INSERT dbo.texture(id, deleted, created_date, updated_date, code, name) VALUES (11, 1, '1988-03-01 03:16:46.8160000', '1988-07-12 17:33:16.9030000', 'FYYYH', 'Shoshana4')
INSERT dbo.texture(id, deleted, created_date, updated_date, code, name) VALUES (12, 1, '1998-04-27 15:02:46.0480000', '1995-02-24 04:14:07.0270000', 'OKGYT', 'Antonio2009')
INSERT dbo.texture(id, deleted, created_date, updated_date, code, name) VALUES (13, 0, '2008-10-20 04:59:34.6260000', '1984-08-24 10:22:21.3350000', 'KTQNF', 'Abney877')
INSERT dbo.texture(id, deleted, created_date, updated_date, code, name) VALUES (14, 1, '1994-07-27 10:54:21.0080000', '1991-01-06 04:59:06.3800000', 'EKJKT', 'Craft2019')
INSERT dbo.texture(id, deleted, created_date, updated_date, code, name) VALUES (15, 0, '1984-09-02 18:09:31.5880000', '2004-07-03 10:00:48.9620000', 'JFIFE', 'Shira135')
INSERT dbo.texture(id, deleted, created_date, updated_date, code, name) VALUES (16, 1, '1995-03-26 20:55:03.0050000', '2023-04-27 03:45:52.0070000', 'VXHFM', 'Holbrook959')
INSERT dbo.texture(id, deleted, created_date, updated_date, code, name) VALUES (17, 0, '1986-11-20 02:50:17.4620000', '1997-04-18 03:32:41.3640000', 'SQIBR', 'Bryan511')
INSERT dbo.texture(id, deleted, created_date, updated_date, code, name) VALUES (18, 0, '1971-04-13 18:35:04.0080000', '2011-12-16 18:47:41.0340000', 'TRCVZ', 'Brooks6')
INSERT dbo.texture(id, deleted, created_date, updated_date, code, name) VALUES (19, 1, '1976-05-08 01:04:28.6320000', '2015-07-27 03:20:51.3560000', 'FRTLK', 'Robt89')
INSERT dbo.texture(id, deleted, created_date, updated_date, code, name) VALUES (20, 0, '1971-05-15 23:10:16.9610000', '2010-01-18 00:59:10.3460000', 'NGYOH', 'Sharleen851')
INSERT dbo.texture(id, deleted, created_date, updated_date, code, name) VALUES (21, 0, '2017-06-21 11:16:41.9410000', '1976-07-17 18:47:00.7050000', 'JXHWG', 'Adalberto42')
INSERT dbo.texture(id, deleted, created_date, updated_date, code, name) VALUES (22, 0, '2003-04-26 01:03:06.9460000', '1976-05-09 17:11:01.0500000', 'FTAFT', 'Coronado8')
INSERT dbo.texture(id, deleted, created_date, updated_date, code, name) VALUES (23, 1, '2020-07-16 16:47:02.3010000', '1995-09-12 19:19:17.0380000', 'UBLWQ', 'Croteau2008')
INSERT dbo.texture(id, deleted, created_date, updated_date, code, name) VALUES (24, 1, '2014-10-19 01:19:58.2710000', '2013-12-09 23:41:40.8920000', 'LPORK', 'Isreal79')
INSERT dbo.texture(id, deleted, created_date, updated_date, code, name) VALUES (25, 0, '1989-06-14 11:07:07.2710000', '2017-06-25 02:13:13.0980000', 'NURJF', 'Becky1957')
INSERT dbo.texture(id, deleted, created_date, updated_date, code, name) VALUES (26, 0, '1999-12-31 07:36:38.4060000', '1981-11-02 09:46:12.2180000', 'YPYCA', 'Adelina45')
INSERT dbo.texture(id, deleted, created_date, updated_date, code, name) VALUES (27, 1, '2017-02-09 07:17:31.2080000', '2024-10-05 01:43:22.5590000', 'OXJYQ', 'Azalee1973')
INSERT dbo.texture(id, deleted, created_date, updated_date, code, name) VALUES (28, 1, '2005-01-19 03:14:07.4400000', '2011-07-05 19:26:46.8750000', 'RGVFQ', 'Bailey131')
INSERT dbo.texture(id, deleted, created_date, updated_date, code, name) VALUES (29, 1, '1985-01-21 14:06:22.4090000', '2013-01-13 01:34:00.5120000', 'FUOGU', 'Abdul2005')
INSERT dbo.texture(id, deleted, created_date, updated_date, code, name) VALUES (30, 1, '1991-10-17 00:14:14.1430000', '2016-10-13 07:03:53.3510000', 'VLEZY', 'Lavon2015')
INSERT dbo.texture(id, deleted, created_date, updated_date, code, name) VALUES (31, 0, '2001-10-27 09:19:38.8620000', '1971-10-14 02:16:02.7390000', 'ECFDF', 'Angulo164')
INSERT dbo.texture(id, deleted, created_date, updated_date, code, name) VALUES (32, 0, '2011-03-08 16:51:57.1290000', '1990-05-22 07:24:23.0930000', 'QJORZ', 'Zackary1')
INSERT dbo.texture(id, deleted, created_date, updated_date, code, name) VALUES (33, 0, '1995-08-07 16:33:11.7600000', '1973-07-23 18:07:10.7650000', 'VRZDW', 'Adolph1983')
INSERT dbo.texture(id, deleted, created_date, updated_date, code, name) VALUES (34, 0, '2011-10-01 09:29:46.8480000', '2024-09-18 07:59:49.8200000', 'OHOSK', 'Rodrick52')
INSERT dbo.texture(id, deleted, created_date, updated_date, code, name) VALUES (35, 0, '2017-06-27 00:29:36.7380000', '1979-06-01 13:25:36.0790000', 'COXZO', 'Aponte738')
INSERT dbo.texture(id, deleted, created_date, updated_date, code, name) VALUES (36, 1, '1987-10-21 16:59:32.7930000', '2003-12-03 00:53:26.3530000', 'KAJUY', 'Noemi1')
INSERT dbo.texture(id, deleted, created_date, updated_date, code, name) VALUES (37, 0, '2000-06-11 10:15:05.0050000', '1987-08-19 03:47:51.9470000', 'CYTIY', 'Turner2003')
INSERT dbo.texture(id, deleted, created_date, updated_date, code, name) VALUES (38, 0, '2007-06-01 06:21:15.0620000', '2002-11-18 21:41:28.3220000', 'AYJRW', 'Leigha642')
INSERT dbo.texture(id, deleted, created_date, updated_date, code, name) VALUES (39, 0, '1976-04-11 00:28:33.8820000', '1996-10-31 20:15:29.1230000', 'EHXER', 'Colby5')
INSERT dbo.texture(id, deleted, created_date, updated_date, code, name) VALUES (40, 0, '2016-06-29 16:39:34.6010000', '1996-01-24 08:35:26.7560000', 'ZLIYS', 'Brittanie2002')
INSERT dbo.texture(id, deleted, created_date, updated_date, code, name) VALUES (41, 1, '2016-07-19 03:37:48.6850000', '1985-04-01 06:36:44.0040000', 'IMUBE', 'Elijah2019')
INSERT dbo.texture(id, deleted, created_date, updated_date, code, name) VALUES (42, 0, '1979-12-27 12:15:04.3650000', '2010-11-15 17:05:38.9340000', 'GELOL', 'Venegas26')
INSERT dbo.texture(id, deleted, created_date, updated_date, code, name) VALUES (43, 1, '1983-07-27 18:47:53.1400000', '2005-11-15 21:38:18.1900000', 'SLGYV', 'Ada44')
INSERT dbo.texture(id, deleted, created_date, updated_date, code, name) VALUES (44, 1, '2000-05-29 06:43:26.0010000', '2023-04-20 21:06:51.1500000', 'HOITL', 'Alton54')
INSERT dbo.texture(id, deleted, created_date, updated_date, code, name) VALUES (45, 1, '2003-04-18 13:55:29.2720000', '2014-07-03 23:14:49.8340000', 'GOASI', 'Randolph942')
INSERT dbo.texture(id, deleted, created_date, updated_date, code, name) VALUES (46, 0, '2022-10-27 03:43:02.1380000', '1990-12-03 22:48:36.9920000', 'XXUMB', 'Abel4')
INSERT dbo.texture(id, deleted, created_date, updated_date, code, name) VALUES (47, 1, '1993-05-11 17:25:39.2800000', '1992-10-29 02:44:57.5200000', 'EWKLX', 'Dylan1987')
INSERT dbo.texture(id, deleted, created_date, updated_date, code, name) VALUES (48, 1, '2003-08-10 03:26:12.5750000', '2020-01-19 18:04:12.6100000', 'WQJCU', 'Tawnya2027')
INSERT dbo.texture(id, deleted, created_date, updated_date, code, name) VALUES (49, 1, '1999-03-01 21:45:26.4890000', '2006-05-18 04:02:49.0010000', 'WYZEW', 'Cinthia2025')
INSERT dbo.texture(id, deleted, created_date, updated_date, code, name) VALUES (50, 1, '1987-01-17 23:36:26.9140000', '2006-04-07 16:07:26.7110000', 'QVFVI', 'Adrian2017')
GO
SET IDENTITY_INSERT dbo.texture OFF
GO

--
-- Inserting data into table [final].[dbo].[thickness]
--
SET IDENTITY_INSERT dbo.thickness ON
GO
INSERT dbo.thickness(id, deleted, created_date, updated_date, code, name) VALUES (1, 0, '1999-04-10 17:26:44.1780000', '2018-08-12 19:10:20.0430000', 'CXCTZ', 'Ryan2018')
INSERT dbo.thickness(id, deleted, created_date, updated_date, code, name) VALUES (2, 1, '1971-06-11 18:27:40.1870000', '2024-07-10 06:23:13.5360000', 'IIKLH', 'Janssen1973')
INSERT dbo.thickness(id, deleted, created_date, updated_date, code, name) VALUES (3, 0, '2005-10-08 16:20:25.2380000', '1994-09-24 13:29:05.0440000', 'IRSPH', 'Puckett588')
INSERT dbo.thickness(id, deleted, created_date, updated_date, code, name) VALUES (4, 1, '1977-09-24 00:22:11.1170000', '1998-05-31 00:06:36.5080000', 'UQSQB', 'Donnell2009')
INSERT dbo.thickness(id, deleted, created_date, updated_date, code, name) VALUES (5, 0, '2023-12-14 13:42:20.6280000', '2009-05-15 13:06:34.2970000', 'NRSCK', 'Wynell1974')
INSERT dbo.thickness(id, deleted, created_date, updated_date, code, name) VALUES (6, 0, '2021-08-11 01:48:40.4930000', '1986-05-14 06:44:36.1380000', 'UPLBE', 'Donnell113')
INSERT dbo.thickness(id, deleted, created_date, updated_date, code, name) VALUES (7, 1, '2014-04-20 04:38:54.4900000', '2004-12-12 02:26:17.6410000', 'HBQAW', 'Fernanda32')
INSERT dbo.thickness(id, deleted, created_date, updated_date, code, name) VALUES (8, 1, '1979-01-09 05:46:40.3890000', '1972-07-29 11:24:43.2980000', 'GKFVQ', 'Jose2011')
INSERT dbo.thickness(id, deleted, created_date, updated_date, code, name) VALUES (9, 0, '1974-04-24 05:49:29.0440000', '2013-08-26 09:39:03.2950000', 'UQSGJ', 'Ai1')
INSERT dbo.thickness(id, deleted, created_date, updated_date, code, name) VALUES (10, 0, '1980-09-10 11:29:49.1350000', '1987-05-27 10:49:27.8130000', 'BKYJY', 'Ariel55')
INSERT dbo.thickness(id, deleted, created_date, updated_date, code, name) VALUES (11, 0, '1977-01-20 02:01:15.9540000', '2009-02-26 03:59:23.9330000', 'PVGKK', 'Ron972')
INSERT dbo.thickness(id, deleted, created_date, updated_date, code, name) VALUES (12, 0, '1992-08-18 18:10:35.8910000', '1977-11-20 00:48:19.5660000', 'YXHIV', 'Moises695')
INSERT dbo.thickness(id, deleted, created_date, updated_date, code, name) VALUES (13, 0, '1977-08-10 07:34:55.9630000', '2013-07-29 05:32:46.3110000', 'NKTLG', 'Abraham97')
INSERT dbo.thickness(id, deleted, created_date, updated_date, code, name) VALUES (14, 1, '1984-10-07 17:59:20.8880000', '2009-10-10 05:30:13.1070000', 'FDKVK', 'Gaffney84')
INSERT dbo.thickness(id, deleted, created_date, updated_date, code, name) VALUES (15, 1, '2007-10-22 05:10:06.0530000', '1990-04-10 01:03:05.1270000', 'SGVOQ', 'Lamonica2005')
INSERT dbo.thickness(id, deleted, created_date, updated_date, code, name) VALUES (16, 1, '2002-05-21 21:43:39.2070000', '1993-08-12 09:08:53.5220000', 'URDXV', 'Hortensia1950')
INSERT dbo.thickness(id, deleted, created_date, updated_date, code, name) VALUES (17, 1, '1992-09-20 08:33:08.2540000', '2021-04-18 01:46:58.5020000', 'RFCHU', 'Lovie25')
INSERT dbo.thickness(id, deleted, created_date, updated_date, code, name) VALUES (18, 1, '1975-03-04 19:13:20.6190000', '2008-06-17 22:35:37.0040000', 'ZIJDA', 'Armstrong2021')
INSERT dbo.thickness(id, deleted, created_date, updated_date, code, name) VALUES (19, 1, '1991-04-15 07:06:11.8070000', '1982-06-29 11:02:11.0680000', 'DYQRQ', 'Connors4')
INSERT dbo.thickness(id, deleted, created_date, updated_date, code, name) VALUES (20, 0, '2002-11-13 08:33:43.0040000', '2024-10-03 04:22:16.2870000', 'CLBPY', 'Donovan414')
INSERT dbo.thickness(id, deleted, created_date, updated_date, code, name) VALUES (21, 1, '1975-12-22 15:37:39.5160000', '1986-08-13 04:48:14.7920000', 'BNKHX', 'Amador519')
INSERT dbo.thickness(id, deleted, created_date, updated_date, code, name) VALUES (22, 1, '1985-12-27 03:53:01.3850000', '1982-01-12 22:13:38.8270000', 'ARIMO', 'Laurinda395')
INSERT dbo.thickness(id, deleted, created_date, updated_date, code, name) VALUES (23, 0, '2012-08-17 17:51:48.1360000', '2020-07-27 07:32:59.0250000', 'WYYXK', 'Abreu1991')
INSERT dbo.thickness(id, deleted, created_date, updated_date, code, name) VALUES (24, 1, '2016-10-21 02:15:08.8320000', '1978-07-02 05:00:26.6130000', 'OALBC', 'Erik48')
INSERT dbo.thickness(id, deleted, created_date, updated_date, code, name) VALUES (25, 0, '1971-09-12 12:39:11.2930000', '1997-06-12 17:18:50.4230000', 'ZOCKN', 'Mickey85')
INSERT dbo.thickness(id, deleted, created_date, updated_date, code, name) VALUES (26, 1, '1975-07-11 10:57:31.0590000', '1975-08-25 00:34:37.5580000', 'MDHVG', 'Reynaldo79')
INSERT dbo.thickness(id, deleted, created_date, updated_date, code, name) VALUES (27, 1, '2013-07-23 20:41:09.7950000', '1973-05-13 21:57:25.7990000', 'PIFJL', 'Fred1986')
INSERT dbo.thickness(id, deleted, created_date, updated_date, code, name) VALUES (28, 0, '1992-03-04 11:24:01.1090000', '2016-04-21 18:45:34.5210000', 'SCWTX', 'Dane1954')
INSERT dbo.thickness(id, deleted, created_date, updated_date, code, name) VALUES (29, 0, '1974-10-12 11:04:30.0290000', '1978-08-21 03:13:01.6440000', 'DSWSV', 'Andersen2007')
INSERT dbo.thickness(id, deleted, created_date, updated_date, code, name) VALUES (30, 0, '1993-12-03 06:38:37.0400000', '2017-06-09 08:16:29.7150000', 'YIEBN', 'Lucia2018')
INSERT dbo.thickness(id, deleted, created_date, updated_date, code, name) VALUES (31, 1, '1986-08-01 23:50:54.1870000', '2021-01-19 17:08:13.5620000', 'XEMVY', 'Stevie592')
INSERT dbo.thickness(id, deleted, created_date, updated_date, code, name) VALUES (32, 1, '1998-04-27 13:58:58.2530000', '2004-12-16 21:01:04.0050000', 'LJPBP', 'Loren1952')
INSERT dbo.thickness(id, deleted, created_date, updated_date, code, name) VALUES (33, 0, '1988-05-29 00:00:55.5690000', '2001-11-07 18:33:49.1430000', 'MHVDT', 'Doherty2022')
INSERT dbo.thickness(id, deleted, created_date, updated_date, code, name) VALUES (34, 0, '2020-01-18 09:55:52.0000000', '1996-02-02 22:15:34.5040000', 'YXPAI', 'Minter1993')
INSERT dbo.thickness(id, deleted, created_date, updated_date, code, name) VALUES (35, 0, '2006-09-26 11:40:56.5930000', '2003-05-15 13:03:06.9630000', 'OMKZD', 'Shawnee499')
INSERT dbo.thickness(id, deleted, created_date, updated_date, code, name) VALUES (36, 1, '1980-03-23 22:43:39.5080000', '2008-11-25 11:22:06.8790000', 'TTKEY', 'Alonzo1966')
INSERT dbo.thickness(id, deleted, created_date, updated_date, code, name) VALUES (37, 1, '1981-02-09 19:01:16.7410000', '1975-09-07 16:33:27.7200000', 'AJNTO', 'Franklyn1993')
INSERT dbo.thickness(id, deleted, created_date, updated_date, code, name) VALUES (38, 1, '2005-11-17 05:12:16.0030000', '2015-10-17 19:17:57.0320000', 'IIPPB', 'Cedric24')
INSERT dbo.thickness(id, deleted, created_date, updated_date, code, name) VALUES (39, 1, '1998-08-04 00:22:36.3170000', '2024-06-15 11:08:14.8070000', 'RJHXK', 'Numbers5')
INSERT dbo.thickness(id, deleted, created_date, updated_date, code, name) VALUES (40, 0, '1997-01-26 00:05:00.3870000', '2006-02-06 18:17:14.5680000', 'UPGCN', 'Abel928')
INSERT dbo.thickness(id, deleted, created_date, updated_date, code, name) VALUES (41, 0, '2003-08-06 07:14:58.5570000', '2003-08-29 16:56:25.0550000', 'ELJMJ', 'Rafaela98')
INSERT dbo.thickness(id, deleted, created_date, updated_date, code, name) VALUES (42, 1, '2015-01-18 03:22:20.4480000', '2021-10-12 03:57:51.4620000', 'KRYWO', 'Marlin1969')
INSERT dbo.thickness(id, deleted, created_date, updated_date, code, name) VALUES (43, 1, '1970-09-02 08:48:04.5530000', '2005-06-09 12:12:38.6740000', 'ZKJLQ', 'Shirlene5')
INSERT dbo.thickness(id, deleted, created_date, updated_date, code, name) VALUES (44, 1, '1991-09-03 14:22:02.9200000', '1999-10-18 03:17:47.1940000', 'AYRDX', 'Adcock9')
INSERT dbo.thickness(id, deleted, created_date, updated_date, code, name) VALUES (45, 1, '2021-02-15 12:38:34.0250000', '2015-03-01 15:35:30.1530000', 'TMOSN', 'Martin514')
INSERT dbo.thickness(id, deleted, created_date, updated_date, code, name) VALUES (46, 1, '1999-11-24 05:35:00.6680000', '2013-12-21 13:53:12.3670000', 'PLICC', 'Andrade2025')
INSERT dbo.thickness(id, deleted, created_date, updated_date, code, name) VALUES (47, 0, '1971-02-24 16:53:33.4590000', '1971-09-25 14:29:14.3720000', 'YIJVR', 'Salazar2006')
INSERT dbo.thickness(id, deleted, created_date, updated_date, code, name) VALUES (48, 1, '1972-11-27 01:18:00.0860000', '2016-10-23 14:48:51.2930000', 'HQZOU', 'Kelley2029')
INSERT dbo.thickness(id, deleted, created_date, updated_date, code, name) VALUES (49, 1, '2005-07-21 14:31:57.2820000', '1988-04-27 04:10:21.6550000', 'BYITN', 'Aleida2025')
INSERT dbo.thickness(id, deleted, created_date, updated_date, code, name) VALUES (50, 0, '1977-09-21 13:45:06.9610000', '2014-12-14 12:16:20.0650000', 'ZJWBN', 'Acosta1958')
GO
SET IDENTITY_INSERT dbo.thickness OFF
GO

--
-- Inserting data into table [final].[dbo].[voucher]
--
SET IDENTITY_INSERT dbo.voucher ON
GO
INSERT dbo.voucher(id, deleted, max_percent, min_amount, quantity, created_date, end_date, start_date, updated_date, code, name, status, type_ticket) VALUES (1, 0, 2, 442860, 49, '1985-05-01 06:59:41.0700000', '1970-09-02 04:31:51.7750000', '2012-09-04 22:28:32.6190000', '2004-09-02 08:43:18.1750000', 'VSSHK', 'Stefania48', 'InActive', 'Individual')
INSERT dbo.voucher(id, deleted, max_percent, min_amount, quantity, created_date, end_date, start_date, updated_date, code, name, status, type_ticket) VALUES (2, 0, 30, 829568, 44, '1983-12-31 01:51:06.0700000', '2008-12-18 18:54:37.8730000', '2016-05-23 00:32:04.1070000', '2018-10-05 20:51:22.9170000', 'YLWQC', 'Neal2018', 'Active', 'Everybody')
INSERT dbo.voucher(id, deleted, max_percent, min_amount, quantity, created_date, end_date, start_date, updated_date, code, name, status, type_ticket) VALUES (3, 1, 17, 422273, 9, '1983-04-01 03:09:49.9140000', '2020-10-17 11:38:02.3820000', '1987-10-26 02:18:18.0720000', '2002-05-23 08:17:59.7350000', 'AJHCX', 'Alaine889', 'InActive', 'Everybody')
INSERT dbo.voucher(id, deleted, max_percent, min_amount, quantity, created_date, end_date, start_date, updated_date, code, name, status, type_ticket) VALUES (4, 1, 25, 293694, 84, '1989-08-28 20:25:05.9020000', '1995-05-16 07:39:20.7000000', '2013-08-06 17:57:29.6310000', '2007-03-25 00:52:28.3020000', 'DGXTH', 'Debrah83', 'InActive', 'Everybody')
INSERT dbo.voucher(id, deleted, max_percent, min_amount, quantity, created_date, end_date, start_date, updated_date, code, name, status, type_ticket) VALUES (5, 0, 22, 657852, 71, '1972-10-10 13:16:31.9350000', '2019-05-04 21:56:53.9700000', '1970-04-02 02:00:56.6960000', '2013-10-13 04:46:14.8620000', 'OHZVS', 'Gilliam1', 'InActive', 'Everybody')
INSERT dbo.voucher(id, deleted, max_percent, min_amount, quantity, created_date, end_date, start_date, updated_date, code, name, status, type_ticket) VALUES (6, 1, 2, 582355, 67, '1997-07-18 02:48:59.3100000', '1970-07-28 00:05:01.7010000', '2012-07-26 10:19:49.1480000', '2016-09-30 04:51:48.8260000', 'SOFJQ', 'Blanco1989', 'InActive', 'Individual')
INSERT dbo.voucher(id, deleted, max_percent, min_amount, quantity, created_date, end_date, start_date, updated_date, code, name, status, type_ticket) VALUES (7, 1, 21, 716072, 53, '1979-02-05 19:31:10.4080000', '2000-04-18 23:56:41.0000000', '2010-05-21 13:56:53.4240000', '2014-02-02 02:26:07.4230000', 'BIGVR', 'Hans2011', 'Active', 'Individual')
INSERT dbo.voucher(id, deleted, max_percent, min_amount, quantity, created_date, end_date, start_date, updated_date, code, name, status, type_ticket) VALUES (8, 1, 20, 165560, 16, '2012-05-02 22:17:17.0440000', '1970-06-04 09:14:15.2610000', '1994-06-18 22:43:51.6240000', '2001-09-14 16:15:12.9740000', 'CAWKO', 'Belanger2023', 'InActive', 'Individual')
INSERT dbo.voucher(id, deleted, max_percent, min_amount, quantity, created_date, end_date, start_date, updated_date, code, name, status, type_ticket) VALUES (9, 1, 7, 379182, 89, '1978-12-30 08:31:58.5680000', '1975-07-02 19:06:47.6140000', '2002-08-12 11:12:42.6040000', '1979-02-19 00:49:49.9380000', 'STOFW', 'Chasity478', 'InActive', 'Everybody')
INSERT dbo.voucher(id, deleted, max_percent, min_amount, quantity, created_date, end_date, start_date, updated_date, code, name, status, type_ticket) VALUES (10, 1, 30, 612039, 96, '1983-11-29 06:37:03.1220000', '1987-01-25 04:07:24.4180000', '2014-11-06 15:33:35.6410000', '1988-09-16 03:13:16.8010000', 'YJPRV', 'Dorothy1989', 'Active', 'Individual')
INSERT dbo.voucher(id, deleted, max_percent, min_amount, quantity, created_date, end_date, start_date, updated_date, code, name, status, type_ticket) VALUES (11, 1, 29, 506147, 61, '1972-02-12 14:49:07.0130000', '1975-03-18 22:09:34.0020000', '1981-01-09 16:05:38.8540000', '2014-01-18 06:23:00.8080000', 'LEIEU', 'Webster1999', 'InActive', 'Everybody')
INSERT dbo.voucher(id, deleted, max_percent, min_amount, quantity, created_date, end_date, start_date, updated_date, code, name, status, type_ticket) VALUES (12, 1, 21, 594934, 83, '1987-03-03 00:05:32.2840000', '1985-02-22 18:50:14.3650000', '1984-01-26 22:48:22.0350000', '1984-11-02 04:58:12.3020000', 'GCZLG', 'Hettie971', 'InActive', 'Everybody')
INSERT dbo.voucher(id, deleted, max_percent, min_amount, quantity, created_date, end_date, start_date, updated_date, code, name, status, type_ticket) VALUES (13, 1, 26, 949115, 5, '2005-10-18 11:48:33.7380000', '1977-10-19 12:02:55.4530000', '1984-12-16 11:23:00.0010000', '1983-06-27 13:15:07.7340000', 'ZSSDD', 'Crowley2029', 'Active', 'Everybody')
INSERT dbo.voucher(id, deleted, max_percent, min_amount, quantity, created_date, end_date, start_date, updated_date, code, name, status, type_ticket) VALUES (14, 1, 23, 865265, 44, '2022-05-08 12:24:58.6670000', '2003-02-11 15:21:54.1080000', '1972-02-02 06:31:27.0340000', '2000-02-24 02:04:09.2390000', 'UBFJU', 'Rossi1971', 'Active', 'Everybody')
INSERT dbo.voucher(id, deleted, max_percent, min_amount, quantity, created_date, end_date, start_date, updated_date, code, name, status, type_ticket) VALUES (15, 1, 10, 392029, 37, '2018-06-12 17:40:53.2790000', '2019-08-16 08:52:30.3780000', '2021-12-04 04:46:10.6650000', '1986-09-30 22:14:32.1850000', 'DVUGX', 'Adkins2016', 'Active', 'Everybody')
INSERT dbo.voucher(id, deleted, max_percent, min_amount, quantity, created_date, end_date, start_date, updated_date, code, name, status, type_ticket) VALUES (16, 0, 10, 696058, 18, '1993-09-17 08:51:53.7880000', '2012-03-26 04:33:49.7950000', '2005-05-16 17:51:03.3980000', '1974-02-18 07:43:22.0820000', 'VWIBH', 'Spicer2014', 'Active', 'Individual')
INSERT dbo.voucher(id, deleted, max_percent, min_amount, quantity, created_date, end_date, start_date, updated_date, code, name, status, type_ticket) VALUES (17, 1, 9, 656593, 17, '2023-02-09 11:06:05.0090000', '1994-07-01 15:33:38.5610000', '1995-01-01 04:57:53.0000000', '1976-02-27 00:12:27.0520000', 'YQDQP', 'Levi2005', 'Active', 'Everybody')
INSERT dbo.voucher(id, deleted, max_percent, min_amount, quantity, created_date, end_date, start_date, updated_date, code, name, status, type_ticket) VALUES (18, 1, 24, 816713, 12, '2001-08-15 12:31:20.5540000', '2024-02-14 13:39:22.8560000', '1981-06-21 13:40:05.9890000', '1996-11-25 21:57:45.8080000', 'JPYJU', 'Abney2006', 'InActive', 'Individual')
INSERT dbo.voucher(id, deleted, max_percent, min_amount, quantity, created_date, end_date, start_date, updated_date, code, name, status, type_ticket) VALUES (19, 1, 0, 629062, 54, '1996-11-10 06:21:04.5060000', '2020-02-27 14:06:06.3490000', '2018-05-25 23:31:08.7100000', '2023-06-03 05:34:14.8980000', 'PLUMV', 'Bradford646', 'Active', 'Everybody')
INSERT dbo.voucher(id, deleted, max_percent, min_amount, quantity, created_date, end_date, start_date, updated_date, code, name, status, type_ticket) VALUES (20, 1, 20, 870243, 75, '1983-01-21 17:03:46.7570000', '2008-09-09 06:52:44.6640000', '2014-11-07 03:43:18.7020000', '1982-04-12 17:35:01.5740000', 'EGGCP', 'Lane2019', 'InActive', 'Everybody')
INSERT dbo.voucher(id, deleted, max_percent, min_amount, quantity, created_date, end_date, start_date, updated_date, code, name, status, type_ticket) VALUES (21, 1, 12, 482747, 6, '2016-02-16 19:26:26.7440000', '2012-01-14 11:13:23.9190000', '2007-10-27 09:21:27.0090000', '1997-04-25 13:09:15.0040000', 'LSYZV', 'Diego761', 'InActive', 'Everybody')
INSERT dbo.voucher(id, deleted, max_percent, min_amount, quantity, created_date, end_date, start_date, updated_date, code, name, status, type_ticket) VALUES (22, 0, 3, 657506, 65, '1989-09-23 19:18:42.6990000', '1993-10-02 00:36:20.5640000', '2014-04-30 04:55:32.7690000', '1975-05-18 17:44:22.7590000', 'EVRBV', 'Dwain977', 'InActive', 'Individual')
INSERT dbo.voucher(id, deleted, max_percent, min_amount, quantity, created_date, end_date, start_date, updated_date, code, name, status, type_ticket) VALUES (23, 0, 6, 378712, 84, '2020-10-20 04:23:06.3460000', '2002-05-20 04:44:07.2070000', '1990-11-27 19:15:41.0470000', '2015-04-09 07:45:09.8820000', 'WFJUG', 'Odell891', 'InActive', 'Individual')
INSERT dbo.voucher(id, deleted, max_percent, min_amount, quantity, created_date, end_date, start_date, updated_date, code, name, status, type_ticket) VALUES (24, 0, 15, 734498, 22, '2020-05-03 09:01:57.8250000', '2013-01-27 11:31:59.8500000', '1972-12-09 11:10:17.6050000', '2023-03-04 22:44:52.7020000', 'ZWLIV', 'Dudley891', 'InActive', 'Individual')
INSERT dbo.voucher(id, deleted, max_percent, min_amount, quantity, created_date, end_date, start_date, updated_date, code, name, status, type_ticket) VALUES (25, 1, 21, 399229, 65, '2000-05-01 10:44:57.0080000', '1990-02-03 02:22:55.4260000', '1978-03-13 15:48:52.4670000', '1974-11-15 07:44:26.1930000', 'DTMSY', 'Kyong9', 'Active', 'Individual')
INSERT dbo.voucher(id, deleted, max_percent, min_amount, quantity, created_date, end_date, start_date, updated_date, code, name, status, type_ticket) VALUES (26, 1, 12, 436582, 67, '1994-01-28 04:47:24.1210000', '1984-04-12 01:51:56.0360000', '1988-05-05 10:29:38.7810000', '1980-12-23 16:08:22.2930000', 'UWXUR', 'Laci668', 'Active', 'Individual')
INSERT dbo.voucher(id, deleted, max_percent, min_amount, quantity, created_date, end_date, start_date, updated_date, code, name, status, type_ticket) VALUES (27, 0, 13, 618194, 81, '1984-04-29 04:56:22.2690000', '2023-03-27 14:20:06.5810000', '2015-07-22 00:16:23.2570000', '2004-02-02 18:34:41.0020000', 'RTXSO', 'Lewis937', 'Active', 'Everybody')
INSERT dbo.voucher(id, deleted, max_percent, min_amount, quantity, created_date, end_date, start_date, updated_date, code, name, status, type_ticket) VALUES (28, 0, 7, 142187, 18, '1986-01-26 22:07:02.0060000', '2019-02-22 17:40:17.2490000', '2016-11-26 05:43:29.0090000', '1995-04-15 20:21:23.5330000', 'QBQWP', 'Boren58', 'InActive', 'Everybody')
INSERT dbo.voucher(id, deleted, max_percent, min_amount, quantity, created_date, end_date, start_date, updated_date, code, name, status, type_ticket) VALUES (29, 0, 1, 735341, 47, '1990-04-01 20:03:33.1720000', '1995-02-07 06:08:47.3860000', '2017-12-24 12:13:49.7780000', '2021-09-15 09:24:56.9330000', 'NTDSC', 'Hans825', 'InActive', 'Individual')
INSERT dbo.voucher(id, deleted, max_percent, min_amount, quantity, created_date, end_date, start_date, updated_date, code, name, status, type_ticket) VALUES (30, 1, 1, 826936, 91, '2016-07-21 15:30:32.0140000', '1988-12-29 05:01:49.5610000', '2015-09-23 13:44:50.3240000', '2006-04-21 15:52:51.9630000', 'PCNGP', 'Manuela1952', 'InActive', 'Everybody')
INSERT dbo.voucher(id, deleted, max_percent, min_amount, quantity, created_date, end_date, start_date, updated_date, code, name, status, type_ticket) VALUES (31, 1, 11, 931369, 61, '1977-11-24 17:34:05.6200000', '2000-07-05 03:05:48.5010000', '2005-08-06 09:25:48.4980000', '2012-04-04 23:43:48.7140000', 'TAPBE', 'Demetrius99', 'InActive', 'Individual')
INSERT dbo.voucher(id, deleted, max_percent, min_amount, quantity, created_date, end_date, start_date, updated_date, code, name, status, type_ticket) VALUES (32, 0, 15, 556306, 64, '1988-04-10 05:45:59.7120000', '2015-04-22 12:45:54.8250000', '2013-04-12 01:20:08.0120000', '2019-07-02 09:08:52.9690000', 'ZBUEH', 'Petra99', 'InActive', 'Individual')
INSERT dbo.voucher(id, deleted, max_percent, min_amount, quantity, created_date, end_date, start_date, updated_date, code, name, status, type_ticket) VALUES (33, 1, 17, 870670, 3, '1986-09-29 08:01:45.1530000', '1978-02-11 10:55:00.4470000', '1980-07-08 13:47:26.0330000', '2021-04-12 23:14:06.2020000', 'OTRGU', 'Allene95', 'InActive', 'Everybody')
INSERT dbo.voucher(id, deleted, max_percent, min_amount, quantity, created_date, end_date, start_date, updated_date, code, name, status, type_ticket) VALUES (34, 0, 22, 236810, 9, '2011-01-12 16:08:50.1490000', '2013-12-10 17:12:15.9220000', '1983-08-04 05:08:34.0090000', '1994-06-14 13:59:22.0060000', 'GSOHF', 'Jolyn56', 'Active', 'Everybody')
INSERT dbo.voucher(id, deleted, max_percent, min_amount, quantity, created_date, end_date, start_date, updated_date, code, name, status, type_ticket) VALUES (35, 1, 13, 969601, 3, '1991-06-14 19:33:39.0040000', '1994-08-29 12:18:53.6000000', '2023-07-28 23:41:09.0200000', '2003-06-14 15:42:23.8850000', 'BEKTT', 'Abbie2023', 'InActive', 'Everybody')
INSERT dbo.voucher(id, deleted, max_percent, min_amount, quantity, created_date, end_date, start_date, updated_date, code, name, status, type_ticket) VALUES (36, 0, 16, 292500, 48, '2001-05-30 09:33:50.3010000', '1997-06-18 07:01:40.0230000', '2016-04-25 11:33:37.0330000', '2002-11-28 09:42:20.6020000', 'LLSXE', 'Clarita2021', 'Active', 'Everybody')
INSERT dbo.voucher(id, deleted, max_percent, min_amount, quantity, created_date, end_date, start_date, updated_date, code, name, status, type_ticket) VALUES (37, 0, 20, 676307, 31, '2007-01-06 14:52:18.9940000', '2015-02-03 04:02:39.2120000', '1982-11-09 19:23:10.1390000', '2021-01-17 18:39:10.0740000', 'LDOXW', 'Amparo1980', 'InActive', 'Individual')
INSERT dbo.voucher(id, deleted, max_percent, min_amount, quantity, created_date, end_date, start_date, updated_date, code, name, status, type_ticket) VALUES (38, 0, 12, 973759, 48, '1976-05-29 22:50:38.6260000', '1992-04-03 15:23:39.9650000', '2018-09-02 18:45:43.8910000', '1984-07-13 06:21:24.2410000', 'DCLVZ', 'Barela1953', 'InActive', 'Everybody')
INSERT dbo.voucher(id, deleted, max_percent, min_amount, quantity, created_date, end_date, start_date, updated_date, code, name, status, type_ticket) VALUES (39, 1, 5, 968277, 27, '2000-10-08 02:35:16.0420000', '2022-03-21 09:09:30.2640000', '1994-09-11 14:51:20.6790000', '1971-06-06 15:26:19.0990000', 'HYUUE', 'Sharpe1953', 'InActive', 'Individual')
INSERT dbo.voucher(id, deleted, max_percent, min_amount, quantity, created_date, end_date, start_date, updated_date, code, name, status, type_ticket) VALUES (40, 0, 20, 621927, 2, '2003-08-31 00:14:29.5090000', '2011-08-29 08:02:56.0470000', '1996-11-19 11:26:30.2010000', '1974-06-02 05:11:18.7070000', 'CEALT', 'Severson731', 'Active', 'Individual')
INSERT dbo.voucher(id, deleted, max_percent, min_amount, quantity, created_date, end_date, start_date, updated_date, code, name, status, type_ticket) VALUES (41, 1, 17, 151263, 19, '1989-01-06 01:57:33.8720000', '1973-02-13 10:45:29.8740000', '2005-07-07 18:13:39.5830000', '2001-03-08 12:59:58.0300000', 'CLBZY', 'Billy2021', 'InActive', 'Individual')
INSERT dbo.voucher(id, deleted, max_percent, min_amount, quantity, created_date, end_date, start_date, updated_date, code, name, status, type_ticket) VALUES (42, 0, 27, 872272, 78, '1975-07-19 15:43:01.0670000', '2007-12-24 00:55:43.8900000', '1987-12-11 04:46:48.0030000', '2013-04-05 09:25:31.3430000', 'GIDFG', 'Paulita275', 'InActive', 'Everybody')
INSERT dbo.voucher(id, deleted, max_percent, min_amount, quantity, created_date, end_date, start_date, updated_date, code, name, status, type_ticket) VALUES (43, 1, 11, 688802, 2, '1975-07-03 22:39:00.2250000', '2001-09-23 17:47:14.6820000', '2022-11-27 22:03:26.1310000', '1993-02-03 18:37:36.3960000', 'LKUPW', 'Ruthie9', 'Active', 'Everybody')
INSERT dbo.voucher(id, deleted, max_percent, min_amount, quantity, created_date, end_date, start_date, updated_date, code, name, status, type_ticket) VALUES (44, 0, 21, 895820, 12, '1998-11-08 07:56:51.8750000', '1987-12-20 16:32:12.5730000', '1981-11-04 13:22:11.8590000', '2017-11-20 17:28:39.0930000', 'WRFRK', 'Mario1961', 'InActive', 'Everybody')
INSERT dbo.voucher(id, deleted, max_percent, min_amount, quantity, created_date, end_date, start_date, updated_date, code, name, status, type_ticket) VALUES (45, 1, 17, 243852, 17, '1979-03-19 04:39:46.2450000', '2007-06-24 21:59:26.7310000', '1985-07-28 11:14:09.0020000', '2005-03-04 14:20:54.0000000', 'IFXXP', 'Ronald585', 'InActive', 'Everybody')
INSERT dbo.voucher(id, deleted, max_percent, min_amount, quantity, created_date, end_date, start_date, updated_date, code, name, status, type_ticket) VALUES (46, 1, 24, 274467, 5, '1998-09-18 04:22:10.8600000', '1988-12-15 23:39:54.1750000', '1999-01-24 08:51:12.1100000', '1996-12-09 12:57:35.3490000', 'AMRNB', 'Andreas44', 'Active', 'Everybody')
INSERT dbo.voucher(id, deleted, max_percent, min_amount, quantity, created_date, end_date, start_date, updated_date, code, name, status, type_ticket) VALUES (47, 1, 3, 185252, 44, '2018-09-13 17:43:08.6120000', '1972-12-19 15:40:53.3200000', '2014-11-25 19:29:57.0030000', '2012-12-08 09:31:09.8730000', 'XUSMY', 'Sharyn47', 'InActive', 'Individual')
INSERT dbo.voucher(id, deleted, max_percent, min_amount, quantity, created_date, end_date, start_date, updated_date, code, name, status, type_ticket) VALUES (48, 1, 9, 352152, 16, '2020-01-10 01:31:22.5360000', '2010-02-01 01:49:55.9080000', '2011-09-30 17:24:14.0070000', '2015-10-24 03:43:04.2970000', 'FTNDU', 'Kovach885', 'Active', 'Individual')
INSERT dbo.voucher(id, deleted, max_percent, min_amount, quantity, created_date, end_date, start_date, updated_date, code, name, status, type_ticket) VALUES (49, 1, 26, 738012, 43, '1973-11-11 07:23:37.1680000', '1982-03-30 09:46:29.0830000', '2013-12-12 15:49:55.5030000', '2012-11-02 02:09:32.9640000', 'EVKOM', 'Elwood827', 'Active', 'Individual')
INSERT dbo.voucher(id, deleted, max_percent, min_amount, quantity, created_date, end_date, start_date, updated_date, code, name, status, type_ticket) VALUES (50, 0, 22, 996313, 6, '2005-09-22 14:43:05.6720000', '2001-08-01 22:08:58.0890000', '2011-02-19 09:10:21.5760000', '1979-09-27 04:23:34.3750000', 'GFBQR', 'Adelaida2008', 'InActive', 'Individual')
GO
SET IDENTITY_INSERT dbo.voucher OFF
GO

--
-- Inserting data into table [final].[dbo].[product_detail]
--
SET IDENTITY_INSERT dbo.product_detail ON
GO
INSERT dbo.product_detail(id, brand_id, collar_id, color_id, deleted, elasticity_id, image_id, material_id, origin_id, price, product_id, quantity, size_id, sleeve_id, style_id, texture_id, thickness_id, created_date, updated_date, code, name) VALUES (1, 31, 6, 38, 1, 5, 27, 34, 42, 92278.68, 9, 22, 23, 40, 50, 35, 19, '1995-01-29 09:08:23.4740000', '2016-07-23 20:57:44.0670000', 'CSNOM', 'Anpickeper')
INSERT dbo.product_detail(id, brand_id, collar_id, color_id, deleted, elasticity_id, image_id, material_id, origin_id, price, product_id, quantity, size_id, sleeve_id, style_id, texture_id, thickness_id, created_date, updated_date, code, name) VALUES (2, 6, 29, 18, 1, 43, 36, 45, 17, 98368.15, 44, 22, 41, 14, 27, 36, 13, '2017-04-18 02:43:16.0130000', '1995-02-25 11:37:48.6480000', 'NPCBU', 'Tweetcyclupator')
INSERT dbo.product_detail(id, brand_id, collar_id, color_id, deleted, elasticity_id, image_id, material_id, origin_id, price, product_id, quantity, size_id, sleeve_id, style_id, texture_id, thickness_id, created_date, updated_date, code, name) VALUES (3, 24, 15, 15, 1, 38, 2, 25, 45, 21737.71, 34, 30, 31, 31, 30, 6, 29, '1989-03-09 08:59:03.0020000', '1990-10-27 10:47:19.2720000', 'XHDID', 'Tabtellupor')
INSERT dbo.product_detail(id, brand_id, collar_id, color_id, deleted, elasticity_id, image_id, material_id, origin_id, price, product_id, quantity, size_id, sleeve_id, style_id, texture_id, thickness_id, created_date, updated_date, code, name) VALUES (4, 32, 29, 10, 1, 15, 38, 27, 14, 75556.34, 45, 7, 16, 20, 7, 14, 11, '1982-10-13 19:29:42.9710000', '2012-06-03 04:07:21.1760000', 'INVRN', 'Cabtaor')
INSERT dbo.product_detail(id, brand_id, collar_id, color_id, deleted, elasticity_id, image_id, material_id, origin_id, price, product_id, quantity, size_id, sleeve_id, style_id, texture_id, thickness_id, created_date, updated_date, code, name) VALUES (5, 49, 9, 44, 1, 6, 2, 41, 47, 83886.52, 42, 49, 18, 12, 13, 49, 32, '2015-01-22 05:03:27.0020000', '1993-01-09 13:01:28.1610000', 'VENLB', 'Tetaator')
INSERT dbo.product_detail(id, brand_id, collar_id, color_id, deleted, elasticity_id, image_id, material_id, origin_id, price, product_id, quantity, size_id, sleeve_id, style_id, texture_id, thickness_id, created_date, updated_date, code, name) VALUES (6, 31, 7, 50, 1, 30, 22, 34, 9, 2553.94, 27, 31, 1, 35, 21, 22, 22, '2017-10-30 19:42:29.1460000', '2013-12-07 09:31:00.9870000', 'EXKWV', 'Tabbandgaridge')
INSERT dbo.product_detail(id, brand_id, collar_id, color_id, deleted, elasticity_id, image_id, material_id, origin_id, price, product_id, quantity, size_id, sleeve_id, style_id, texture_id, thickness_id, created_date, updated_date, code, name) VALUES (7, 38, 33, 14, 0, 17, 8, 22, 11, 5551.59, 36, 87, 9, 20, 33, 26, 9, '2011-08-16 16:32:53.6160000', '1982-10-05 19:18:45.0350000', 'HFXRG', 'Tabcessscope')
INSERT dbo.product_detail(id, brand_id, collar_id, color_id, deleted, elasticity_id, image_id, material_id, origin_id, price, product_id, quantity, size_id, sleeve_id, style_id, texture_id, thickness_id, created_date, updated_date, code, name) VALUES (8, 15, 28, 37, 1, 14, 9, 10, 21, 48440.39, 25, 38, 24, 29, 14, 47, 14, '1973-03-14 05:57:30.0000000', '2012-06-26 15:30:36.9790000', 'GXLGO', 'Continaquer')
INSERT dbo.product_detail(id, brand_id, collar_id, color_id, deleted, elasticity_id, image_id, material_id, origin_id, price, product_id, quantity, size_id, sleeve_id, style_id, texture_id, thickness_id, created_date, updated_date, code, name) VALUES (9, 34, 25, 6, 1, 37, 20, 3, 24, 2.84, 33, 2, 38, 3, 16, 11, 4, '1988-12-08 10:54:23.4660000', '1999-10-13 02:29:08.7830000', 'YHQBX', 'Speaktaator')
INSERT dbo.product_detail(id, brand_id, collar_id, color_id, deleted, elasticity_id, image_id, material_id, origin_id, price, product_id, quantity, size_id, sleeve_id, style_id, texture_id, thickness_id, created_date, updated_date, code, name) VALUES (10, 25, 11, 6, 1, 22, 25, 47, 2, 46546.37, 38, 93, 38, 21, 21, 26, 42, '1992-10-20 20:29:46.4470000', '1977-05-16 20:07:54.8680000', 'BTVUA', 'Monlifieflet')
INSERT dbo.product_detail(id, brand_id, collar_id, color_id, deleted, elasticity_id, image_id, material_id, origin_id, price, product_id, quantity, size_id, sleeve_id, style_id, texture_id, thickness_id, created_date, updated_date, code, name) VALUES (11, 7, 33, 8, 1, 27, 41, 16, 45, 2831.86, 20, 1, 38, 7, 12, 6, 43, '1990-10-25 17:49:40.9550000', '2006-01-23 21:34:06.0760000', 'AGECA', 'Retinoper')
INSERT dbo.product_detail(id, brand_id, collar_id, color_id, deleted, elasticity_id, image_id, material_id, origin_id, price, product_id, quantity, size_id, sleeve_id, style_id, texture_id, thickness_id, created_date, updated_date, code, name) VALUES (12, 24, 19, 18, 0, 19, 13, 18, 35, 77204, 44, 37, 11, 18, 14, 13, 16, '1983-09-05 22:29:15.3850000', '2021-06-16 14:08:51.2390000', 'MYOJN', 'Antinewridge')
INSERT dbo.product_detail(id, brand_id, collar_id, color_id, deleted, elasticity_id, image_id, material_id, origin_id, price, product_id, quantity, size_id, sleeve_id, style_id, texture_id, thickness_id, created_date, updated_date, code, name) VALUES (13, 35, 4, 9, 0, 50, 43, 26, 13, 19093.34, 45, 13, 6, 31, 4, 5, 2, '2002-11-03 07:49:20.3620000', '1984-09-07 17:07:27.1060000', 'GTNYI', 'Stereoleexscope')
INSERT dbo.product_detail(id, brand_id, collar_id, color_id, deleted, elasticity_id, image_id, material_id, origin_id, price, product_id, quantity, size_id, sleeve_id, style_id, texture_id, thickness_id, created_date, updated_date, code, name) VALUES (14, 31, 10, 34, 0, 28, 23, 49, 15, 59781.56, 6, 24, 10, 1, 23, 3, 44, '2012-10-10 01:41:40.0040000', '1983-05-20 03:34:16.1260000', 'ODJMN', 'Ampniinry')
INSERT dbo.product_detail(id, brand_id, collar_id, color_id, deleted, elasticity_id, image_id, material_id, origin_id, price, product_id, quantity, size_id, sleeve_id, style_id, texture_id, thickness_id, created_date, updated_date, code, name) VALUES (15, 44, 33, 33, 1, 14, 32, 3, 43, 72368, 44, 49, 28, 45, 27, 40, 24, '1978-02-13 20:14:55.2360000', '1997-04-15 08:18:57.0550000', 'LYBNU', 'Tweetleletor')
INSERT dbo.product_detail(id, brand_id, collar_id, color_id, deleted, elasticity_id, image_id, material_id, origin_id, price, product_id, quantity, size_id, sleeve_id, style_id, texture_id, thickness_id, created_date, updated_date, code, name) VALUES (16, 19, 13, 35, 0, 37, 33, 27, 43, 98207.41, 13, 82, 13, 47, 41, 7, 43, '1991-05-01 11:44:11.8460000', '1979-10-01 12:55:48.3940000', 'WKYLT', 'Moncycler')
INSERT dbo.product_detail(id, brand_id, collar_id, color_id, deleted, elasticity_id, image_id, material_id, origin_id, price, product_id, quantity, size_id, sleeve_id, style_id, texture_id, thickness_id, created_date, updated_date, code, name) VALUES (17, 31, 42, 20, 0, 32, 42, 18, 30, 19908.61, 20, 43, 42, 10, 20, 28, 3, '2003-07-03 00:43:44.0740000', '1990-08-11 20:18:55.0050000', 'EJGBQ', 'Cleantopgary')
INSERT dbo.product_detail(id, brand_id, collar_id, color_id, deleted, elasticity_id, image_id, material_id, origin_id, price, product_id, quantity, size_id, sleeve_id, style_id, texture_id, thickness_id, created_date, updated_date, code, name) VALUES (18, 6, 32, 40, 0, 8, 20, 46, 38, 96541.13, 16, 3, 28, 16, 2, 30, 46, '1983-01-15 12:11:00.0810000', '2004-05-21 12:25:30.4390000', 'YZIHI', 'Tabtellopentor')
INSERT dbo.product_detail(id, brand_id, collar_id, color_id, deleted, elasticity_id, image_id, material_id, origin_id, price, product_id, quantity, size_id, sleeve_id, style_id, texture_id, thickness_id, created_date, updated_date, code, name) VALUES (19, 10, 46, 46, 0, 31, 9, 50, 34, 70175.83, 49, 72, 43, 46, 42, 15, 1, '2006-11-06 13:08:41.6550000', '1971-10-08 18:20:52.9390000', 'ZURHP', 'Protellra')
INSERT dbo.product_detail(id, brand_id, collar_id, color_id, deleted, elasticity_id, image_id, material_id, origin_id, price, product_id, quantity, size_id, sleeve_id, style_id, texture_id, thickness_id, created_date, updated_date, code, name) VALUES (20, 25, 48, 33, 0, 1, 34, 38, 43, 87955.05, 12, 41, 44, 5, 40, 40, 17, '1994-06-23 12:39:32.0610000', '2015-06-18 01:50:54.7200000', 'AEJXE', 'Conputicer')
INSERT dbo.product_detail(id, brand_id, collar_id, color_id, deleted, elasticity_id, image_id, material_id, origin_id, price, product_id, quantity, size_id, sleeve_id, style_id, texture_id, thickness_id, created_date, updated_date, code, name) VALUES (21, 7, 3, 29, 1, 43, 41, 6, 32, 65591.11, 2, 81, 36, 32, 33, 39, 29, '2005-09-08 21:39:30.0530000', '1973-03-22 21:56:32.9450000', 'BRQAJ', 'Moncyclefphone')
INSERT dbo.product_detail(id, brand_id, collar_id, color_id, deleted, elasticity_id, image_id, material_id, origin_id, price, product_id, quantity, size_id, sleeve_id, style_id, texture_id, thickness_id, created_date, updated_date, code, name) VALUES (22, 28, 50, 12, 1, 20, 44, 44, 1, 12353.23, 7, 38, 31, 5, 13, 8, 16, '1984-04-16 16:11:03.0030000', '2004-08-02 19:07:22.3950000', 'IZYXH', 'Comtoppllet')
INSERT dbo.product_detail(id, brand_id, collar_id, color_id, deleted, elasticity_id, image_id, material_id, origin_id, price, product_id, quantity, size_id, sleeve_id, style_id, texture_id, thickness_id, created_date, updated_date, code, name) VALUES (23, 29, 41, 14, 0, 50, 3, 1, 10, 1372.31, 45, 72, 37, 14, 22, 27, 25, '1992-04-25 21:34:24.0500000', '2006-01-31 04:08:54.0230000', 'STUXL', 'Tweetwoofanphone')
INSERT dbo.product_detail(id, brand_id, collar_id, color_id, deleted, elasticity_id, image_id, material_id, origin_id, price, product_id, quantity, size_id, sleeve_id, style_id, texture_id, thickness_id, created_date, updated_date, code, name) VALUES (24, 38, 23, 34, 1, 11, 38, 21, 4, 999.81, 47, 16, 50, 4, 49, 26, 35, '1993-10-18 08:55:28.1560000', '1985-05-10 09:48:25.9130000', 'SSAXF', 'Armjectinentor')
INSERT dbo.product_detail(id, brand_id, collar_id, color_id, deleted, elasticity_id, image_id, material_id, origin_id, price, product_id, quantity, size_id, sleeve_id, style_id, texture_id, thickness_id, created_date, updated_date, code, name) VALUES (25, 43, 7, 35, 1, 38, 50, 23, 15, 96.52, 5, 7, 34, 12, 36, 45, 25, '1975-04-15 09:30:50.4120000', '1987-05-27 12:16:10.2030000', 'AJIPK', 'Playtellopscope')
INSERT dbo.product_detail(id, brand_id, collar_id, color_id, deleted, elasticity_id, image_id, material_id, origin_id, price, product_id, quantity, size_id, sleeve_id, style_id, texture_id, thickness_id, created_date, updated_date, code, name) VALUES (26, 43, 19, 45, 1, 30, 8, 46, 25, 98726.28, 43, 40, 23, 1, 48, 16, 36, '1983-02-24 23:34:11.4560000', '2011-04-26 18:32:32.0610000', 'BLVEF', 'Printwoofexphone')
INSERT dbo.product_detail(id, brand_id, collar_id, color_id, deleted, elasticity_id, image_id, material_id, origin_id, price, product_id, quantity, size_id, sleeve_id, style_id, texture_id, thickness_id, created_date, updated_date, code, name) VALUES (27, 33, 26, 25, 1, 22, 15, 24, 24, 57.45, 9, 84, 28, 9, 12, 27, 12, '2007-10-29 18:36:46.3250000', '2017-04-23 20:37:11.6500000', 'AOVPO', 'Antopopphone')
INSERT dbo.product_detail(id, brand_id, collar_id, color_id, deleted, elasticity_id, image_id, material_id, origin_id, price, product_id, quantity, size_id, sleeve_id, style_id, texture_id, thickness_id, created_date, updated_date, code, name) VALUES (28, 27, 38, 50, 1, 43, 10, 48, 17, 1221.77, 12, 17, 14, 49, 48, 10, 9, '1973-03-23 08:44:44.1920000', '1977-12-05 09:08:17.6610000', 'LGLCE', 'Charcullet')
INSERT dbo.product_detail(id, brand_id, collar_id, color_id, deleted, elasticity_id, image_id, material_id, origin_id, price, product_id, quantity, size_id, sleeve_id, style_id, texture_id, thickness_id, created_date, updated_date, code, name) VALUES (29, 14, 11, 10, 1, 25, 33, 16, 17, 58937.38, 24, 7, 17, 40, 5, 30, 5, '2005-04-25 06:25:23.5800000', '2001-11-08 17:00:17.5700000', 'ARWHB', 'Tabcycler')
INSERT dbo.product_detail(id, brand_id, collar_id, color_id, deleted, elasticity_id, image_id, material_id, origin_id, price, product_id, quantity, size_id, sleeve_id, style_id, texture_id, thickness_id, created_date, updated_date, code, name) VALUES (30, 19, 40, 6, 1, 45, 25, 26, 16, 3867.43, 12, 1, 37, 19, 16, 10, 1, '2009-03-10 18:37:13.0050000', '2017-12-27 01:40:01.9320000', 'MZJPJ', 'Stereocorder')
INSERT dbo.product_detail(id, brand_id, collar_id, color_id, deleted, elasticity_id, image_id, material_id, origin_id, price, product_id, quantity, size_id, sleeve_id, style_id, texture_id, thickness_id, created_date, updated_date, code, name) VALUES (31, 41, 26, 30, 1, 14, 10, 2, 38, 20570.58, 44, 31, 5, 5, 35, 1, 3, '1997-10-21 02:45:53.0050000', '1980-10-15 16:58:39.4420000', 'XOUHK', 'Reholdepentor')
INSERT dbo.product_detail(id, brand_id, collar_id, color_id, deleted, elasticity_id, image_id, material_id, origin_id, price, product_id, quantity, size_id, sleeve_id, style_id, texture_id, thickness_id, created_date, updated_date, code, name) VALUES (32, 42, 17, 33, 0, 37, 19, 17, 27, 22499.98, 37, 52, 33, 14, 26, 12, 14, '1981-07-04 07:29:42.0390000', '1975-12-28 22:29:48.9790000', 'WNRXD', 'Anbandimscope')
INSERT dbo.product_detail(id, brand_id, collar_id, color_id, deleted, elasticity_id, image_id, material_id, origin_id, price, product_id, quantity, size_id, sleeve_id, style_id, texture_id, thickness_id, created_date, updated_date, code, name) VALUES (33, 30, 37, 30, 1, 1, 2, 35, 24, 12041.22, 48, 53, 47, 46, 39, 20, 35, '1974-10-30 16:26:25.8100000', '1977-06-30 20:11:41.0770000', 'UNUUL', 'Monoceivator')
INSERT dbo.product_detail(id, brand_id, collar_id, color_id, deleted, elasticity_id, image_id, material_id, origin_id, price, product_id, quantity, size_id, sleeve_id, style_id, texture_id, thickness_id, created_date, updated_date, code, name) VALUES (34, 43, 28, 36, 0, 21, 38, 22, 45, 92517.18, 2, 4, 18, 9, 18, 31, 19, '2021-09-15 17:39:24.5050000', '1980-04-20 05:31:08.0440000', 'JHMCD', 'Anplottimer')
INSERT dbo.product_detail(id, brand_id, collar_id, color_id, deleted, elasticity_id, image_id, material_id, origin_id, price, product_id, quantity, size_id, sleeve_id, style_id, texture_id, thickness_id, created_date, updated_date, code, name) VALUES (35, 11, 41, 12, 0, 16, 17, 41, 2, 4.62, 34, 84, 37, 1, 46, 8, 23, '2013-10-24 21:24:45.4790000', '1973-09-25 22:50:10.8850000', 'JNYHB', 'Supbandexer')
INSERT dbo.product_detail(id, brand_id, collar_id, color_id, deleted, elasticity_id, image_id, material_id, origin_id, price, product_id, quantity, size_id, sleeve_id, style_id, texture_id, thickness_id, created_date, updated_date, code, name) VALUES (36, 33, 39, 16, 1, 7, 24, 34, 31, 25666.55, 18, 99, 5, 40, 6, 19, 34, '2019-04-25 06:21:35.0500000', '1993-10-03 22:14:43.3290000', 'CVWAH', 'Tabcessor')
INSERT dbo.product_detail(id, brand_id, collar_id, color_id, deleted, elasticity_id, image_id, material_id, origin_id, price, product_id, quantity, size_id, sleeve_id, style_id, texture_id, thickness_id, created_date, updated_date, code, name) VALUES (37, 44, 21, 47, 1, 44, 48, 49, 11, 99.91, 34, 95, 50, 19, 21, 26, 47, '2014-06-15 10:53:02.6880000', '1984-10-25 21:07:59.0650000', 'MQPHA', 'Transwoofanra')
INSERT dbo.product_detail(id, brand_id, collar_id, color_id, deleted, elasticity_id, image_id, material_id, origin_id, price, product_id, quantity, size_id, sleeve_id, style_id, texture_id, thickness_id, created_date, updated_date, code, name) VALUES (38, 15, 48, 34, 1, 39, 3, 35, 6, 35029.59, 12, 57, 36, 23, 5, 24, 38, '2001-01-30 13:27:28.0080000', '1970-09-15 06:57:21.4900000', 'AVPGW', 'Tabpickar')
INSERT dbo.product_detail(id, brand_id, collar_id, color_id, deleted, elasticity_id, image_id, material_id, origin_id, price, product_id, quantity, size_id, sleeve_id, style_id, texture_id, thickness_id, created_date, updated_date, code, name) VALUES (39, 17, 18, 13, 1, 45, 42, 3, 43, 34427.21, 10, 89, 45, 50, 32, 37, 28, '2012-07-23 00:26:02.5930000', '2021-02-09 03:29:21.4370000', 'AZCLD', 'Mictaicra')
INSERT dbo.product_detail(id, brand_id, collar_id, color_id, deleted, elasticity_id, image_id, material_id, origin_id, price, product_id, quantity, size_id, sleeve_id, style_id, texture_id, thickness_id, created_date, updated_date, code, name) VALUES (40, 1, 1, 36, 0, 16, 37, 13, 34, 89.92, 12, 56, 37, 27, 27, 10, 26, '1979-04-15 14:32:09.8610000', '1976-05-16 13:49:57.9830000', 'NKUUV', 'Monotector')
INSERT dbo.product_detail(id, brand_id, collar_id, color_id, deleted, elasticity_id, image_id, material_id, origin_id, price, product_id, quantity, size_id, sleeve_id, style_id, texture_id, thickness_id, created_date, updated_date, code, name) VALUES (41, 37, 18, 19, 1, 2, 9, 14, 25, 117.31, 21, 36, 30, 37, 22, 21, 18, '1982-07-08 22:21:30.2270000', '1971-04-19 02:58:17.1820000', 'DLJYM', 'Tecordadentor')
INSERT dbo.product_detail(id, brand_id, collar_id, color_id, deleted, elasticity_id, image_id, material_id, origin_id, price, product_id, quantity, size_id, sleeve_id, style_id, texture_id, thickness_id, created_date, updated_date, code, name) VALUES (42, 27, 28, 3, 1, 25, 40, 21, 28, 77993.96, 41, 14, 50, 7, 32, 26, 29, '1989-12-27 11:53:48.1760000', '1977-04-23 13:30:39.1750000', 'LTZQD', 'Armbandry')
INSERT dbo.product_detail(id, brand_id, collar_id, color_id, deleted, elasticity_id, image_id, material_id, origin_id, price, product_id, quantity, size_id, sleeve_id, style_id, texture_id, thickness_id, created_date, updated_date, code, name) VALUES (43, 33, 33, 28, 1, 3, 17, 44, 42, 50.02, 31, 20, 20, 8, 7, 50, 42, '2021-06-26 20:47:12.7010000', '1998-09-08 04:05:52.6910000', 'YDOVD', 'Tweettellra')
INSERT dbo.product_detail(id, brand_id, collar_id, color_id, deleted, elasticity_id, image_id, material_id, origin_id, price, product_id, quantity, size_id, sleeve_id, style_id, texture_id, thickness_id, created_date, updated_date, code, name) VALUES (44, 41, 16, 37, 1, 41, 50, 39, 47, 5567.14, 32, 21, 1, 11, 24, 7, 31, '2015-05-23 12:59:38.0020000', '1985-02-19 10:07:37.3060000', 'HEUTB', 'Antafilet')
INSERT dbo.product_detail(id, brand_id, collar_id, color_id, deleted, elasticity_id, image_id, material_id, origin_id, price, product_id, quantity, size_id, sleeve_id, style_id, texture_id, thickness_id, created_date, updated_date, code, name) VALUES (45, 7, 50, 28, 1, 22, 25, 43, 30, 76156.45, 10, 20, 3, 15, 40, 2, 47, '1986-09-11 12:51:46.3560000', '2005-08-26 06:51:23.4430000', 'IBJYZ', 'Tweetholdaqulet')
INSERT dbo.product_detail(id, brand_id, collar_id, color_id, deleted, elasticity_id, image_id, material_id, origin_id, price, product_id, quantity, size_id, sleeve_id, style_id, texture_id, thickness_id, created_date, updated_date, code, name) VALUES (46, 35, 15, 39, 0, 19, 39, 8, 12, 3.03, 20, 34, 36, 10, 19, 49, 43, '2020-01-10 12:24:49.9600000', '1971-11-10 12:30:10.7880000', 'ILQAK', 'Playcordplridge')
INSERT dbo.product_detail(id, brand_id, collar_id, color_id, deleted, elasticity_id, image_id, material_id, origin_id, price, product_id, quantity, size_id, sleeve_id, style_id, texture_id, thickness_id, created_date, updated_date, code, name) VALUES (47, 36, 25, 29, 1, 39, 28, 18, 27, 89412.95, 7, 21, 48, 44, 41, 45, 14, '1979-04-10 12:07:51.4150000', '2014-05-19 15:45:25.0370000', 'WVDKE', 'Mictellra')
INSERT dbo.product_detail(id, brand_id, collar_id, color_id, deleted, elasticity_id, image_id, material_id, origin_id, price, product_id, quantity, size_id, sleeve_id, style_id, texture_id, thickness_id, created_date, updated_date, code, name) VALUES (48, 9, 49, 36, 1, 17, 1, 38, 17, 17094.02, 41, 7, 28, 29, 33, 24, 35, '2008-06-07 05:41:22.0710000', '2009-07-17 10:56:00.9840000', 'WOOVM', 'Speaklictefer')
INSERT dbo.product_detail(id, brand_id, collar_id, color_id, deleted, elasticity_id, image_id, material_id, origin_id, price, product_id, quantity, size_id, sleeve_id, style_id, texture_id, thickness_id, created_date, updated_date, code, name) VALUES (49, 11, 38, 36, 0, 41, 35, 1, 24, 91155.79, 32, 3, 43, 45, 29, 24, 38, '1985-09-10 07:14:03.8100000', '2012-07-02 07:39:44.7370000', 'WAVOG', 'Comtellexra')
INSERT dbo.product_detail(id, brand_id, collar_id, color_id, deleted, elasticity_id, image_id, material_id, origin_id, price, product_id, quantity, size_id, sleeve_id, style_id, texture_id, thickness_id, created_date, updated_date, code, name) VALUES (50, 43, 16, 10, 0, 12, 41, 49, 18, 5.18, 48, 92, 36, 43, 17, 10, 32, '2018-04-21 01:03:26.9170000', '1972-04-02 02:28:35.2790000', 'JMLUP', 'Cleancessletscope')
GO
SET IDENTITY_INSERT dbo.product_detail OFF
GO

--
-- Inserting data into table [final].[dbo].[staff]
--
SET IDENTITY_INSERT dbo.staff ON
GO
INSERT dbo.staff(id, birth_day, deleted, gender, role_id, created_date, updated_date, address, citizen_id, code, district, email, name, note, password, phone, province, status, ward) VALUES (1, '2019-03-17', 0, 1, 39, '1984-10-26 00:04:53.0430000', '2004-02-28 01:48:29.6360000', 'Utah', '93282', 'STZOZ', 'GA-LM', 'Westbrook@example.com', 'Damon175', 'VBLFM', 'If+2nfH0eqzGjyeZweCKlA==', '(392) 457-1707', 'SVRRX', 'JXNJA', 'CHMFZ')
INSERT dbo.staff(id, birth_day, deleted, gender, role_id, created_date, updated_date, address, citizen_id, code, district, email, name, note, password, phone, province, status, ward) VALUES (2, '2016-09-30', 0, 0, 41, '2000-04-11 14:05:08.2760000', '1978-02-18 22:59:41.2640000', 'Utah', '52161', 'VQZOD', 'WV-VR', 'ognk5621@example.com', 'Beau84', 'WWDBK', 'cr9MAeQnFIu3lgDcdtuC4w==', '(896) 437-6650', 'IMFFY', 'BAGMW', 'WELDP')
INSERT dbo.staff(id, birth_day, deleted, gender, role_id, created_date, updated_date, address, citizen_id, code, district, email, name, note, password, phone, province, status, ward) VALUES (3, '2010-05-14', 0, 1, 45, '1998-02-10 00:35:17.1450000', '1997-09-12 09:16:24.1030000', 'Alabama', '51828', 'LXLWI', 'NY-LD', 'Antione.Coulter39@example.com', 'Fred55', 'CUZZR', 'bCBQgjIqCF14L+GKWnHqpQ==', '(292) 976-8074', 'TFBTU', 'PUJWM', 'YTDBO')
INSERT dbo.staff(id, birth_day, deleted, gender, role_id, created_date, updated_date, address, citizen_id, code, district, email, name, note, password, phone, province, status, ward) VALUES (4, '1970-02-06', 1, 1, 4, '1989-04-09 10:46:47.7370000', '1978-11-28 15:15:10.8200000', 'Iowa', '52295', 'CAYQV', 'CO-IZ', 'Kirby_Abbott@nowhere.com', 'Broadway2016', 'MNFZQ', 'UAnktlGg8yPj66xLuBthbg==', '(575) 852-4830', 'DMKLV', 'RIYWQ', 'MPZTT')
INSERT dbo.staff(id, birth_day, deleted, gender, role_id, created_date, updated_date, address, citizen_id, code, district, email, name, note, password, phone, province, status, ward) VALUES (5, '1971-06-23', 0, 1, 25, '1995-05-30 20:19:11.0000000', '1972-06-21 12:29:17.0400000', 'Hawaii', '20614', 'VRPRS', 'CT-XZ', 'Vanna_Colwell@example.com', 'Awilda2004', 'AHNNY', 'PKuKlN28GPki0pqny8oeEQ==', '(764) 407-4238', 'NIUPF', 'ZPQZY', 'OSKTW')
INSERT dbo.staff(id, birth_day, deleted, gender, role_id, created_date, updated_date, address, citizen_id, code, district, email, name, note, password, phone, province, status, ward) VALUES (6, '2007-03-19', 0, 0, 24, '1992-12-04 11:16:56.4340000', '1970-10-06 13:16:48.8730000', 'Wisconsin', '44340', 'LFQMT', 'NE-JY', 'Alvarez@example.com', 'Solis1952', 'FIYXB', 'eZAm5mD0d6Jl+eiVVbVirw==', '(504) 417-2891', 'RPHVK', 'DOSZV', 'JJMNJ')
INSERT dbo.staff(id, birth_day, deleted, gender, role_id, created_date, updated_date, address, citizen_id, code, district, email, name, note, password, phone, province, status, ward) VALUES (7, '2004-03-08', 1, 0, 1, '2021-04-28 05:04:00.3350000', '2016-02-09 07:23:45.9400000', 'Michigan', '71744', 'RCRFA', 'IA-VF', 'Elenore.NShelby@nowhere.com', 'Eddy345', 'ODLOG', '0dSbnNUJalCihUbUdyCezQ==', '(216) 107-1989', 'YSPOF', 'WWXNX', 'RSWOR')
INSERT dbo.staff(id, birth_day, deleted, gender, role_id, created_date, updated_date, address, citizen_id, code, district, email, name, note, password, phone, province, status, ward) VALUES (8, '1984-03-25', 0, 1, 26, '1972-06-06 07:24:31.7890000', '1990-08-30 13:27:29.0010000', 'North Carolina', '40757', 'RDJXZ', 'WY-EC', 'uzudphuw_ouczoafo@example.com', 'Cody257', 'DDZXB', 'am0vbVx1Cu5KBcQD7cxaXA==', '(161) 310-6517', 'OGFOM', 'PVSBU', 'PQUWA')
INSERT dbo.staff(id, birth_day, deleted, gender, role_id, created_date, updated_date, address, citizen_id, code, district, email, name, note, password, phone, province, status, ward) VALUES (9, '2024-03-09', 0, 0, 45, '2014-03-25 08:05:59.0040000', '1984-05-08 04:53:14.1190000', 'Minnesota', '85275', 'DARMG', 'MA-JE', 'KevinAbel@nowhere.com', 'Salina2001', 'EIPVF', 'N+y6ruILeQvO1zgvlVXUbw==', '(627) 538-0784', 'BPXZM', 'QIMQS', 'JLXUR')
INSERT dbo.staff(id, birth_day, deleted, gender, role_id, created_date, updated_date, address, citizen_id, code, district, email, name, note, password, phone, province, status, ward) VALUES (10, '1978-12-16', 1, 0, 23, '2011-07-27 06:18:24.4590000', '2012-10-17 19:58:17.0450000', 'Alaska', '23900', 'CMTFA', 'NE-BZ', 'mtpnq4@example.com', 'Isaias882', 'ILWQU', 'F92MmHpkimM1/ifAt2ctiQ==', '(570) 353-0713', 'ZDLHA', 'DPXNU', 'MWBRD')
INSERT dbo.staff(id, birth_day, deleted, gender, role_id, created_date, updated_date, address, citizen_id, code, district, email, name, note, password, phone, province, status, ward) VALUES (11, '1970-09-20', 1, 0, 2, '1985-06-05 12:44:59.0280000', '1997-06-16 04:48:49.6940000', 'Alabama', '49685', 'GTZLU', 'OH-ZL', 'BriannePerryman@example.com', 'Abernathy1987', 'OJOWM', '8k+yuPcohUHAFA/H/rp9uQ==', '(164) 655-6210', 'UECCU', 'FOQSZ', 'WIFCN')
INSERT dbo.staff(id, birth_day, deleted, gender, role_id, created_date, updated_date, address, citizen_id, code, district, email, name, note, password, phone, province, status, ward) VALUES (12, '2012-07-10', 0, 1, 18, '1986-04-14 10:28:49.9500000', '1979-11-05 19:30:02.4040000', 'Ohio', '27428', 'PIWSH', 'KY-ZL', 'OttoLaughlin@nowhere.com', 'Lizabeth1978', 'ZDKEG', 'Ftn4St+C/+kCywDGxLO6QQ==', '(154) 019-1459', 'SWJET', 'SFISD', 'MDIDD')
INSERT dbo.staff(id, birth_day, deleted, gender, role_id, created_date, updated_date, address, citizen_id, code, district, email, name, note, password, phone, province, status, ward) VALUES (13, '1991-11-04', 0, 1, 39, '1996-04-06 21:33:02.1330000', '1983-03-16 07:30:33.5020000', 'South Dakota', '57344', 'SURHQ', 'AZ-LA', 'Brannon68@example.com', 'Farrar1974', 'RLBQB', '9S0n/nOqD0PR6dfj3lUSwQ==', '(153) 901-5075', 'GXORL', 'RVDPR', 'YIEIR')
INSERT dbo.staff(id, birth_day, deleted, gender, role_id, created_date, updated_date, address, citizen_id, code, district, email, name, note, password, phone, province, status, ward) VALUES (14, '2007-10-17', 0, 1, 40, '2012-04-06 17:19:17.0550000', '1994-03-08 04:37:56.0730000', 'North Dakota', '14837', 'GNWAV', 'WA-FY', 'Aponte@example.com', 'Lajuana1971', 'KQYUJ', 'pkowF0t11ucWDcF3NMr59g==', '(597) 914-3474', 'FECSF', 'KSTFI', 'ESWKI')
INSERT dbo.staff(id, birth_day, deleted, gender, role_id, created_date, updated_date, address, citizen_id, code, district, email, name, note, password, phone, province, status, ward) VALUES (15, '1970-10-24', 0, 1, 7, '2016-04-20 02:59:03.2710000', '2014-02-16 08:12:14.9430000', 'Maryland', '36451', 'ZMTLV', 'ND-JO', 'Andy_Cambell37@nowhere.com', 'Dirk172', 'EPHJQ', 'DhsDu7nONyjgtYn5OYq8xQ==', '(949) 046-2945', 'UJUSD', 'SHUVA', 'NDDUV')
INSERT dbo.staff(id, birth_day, deleted, gender, role_id, created_date, updated_date, address, citizen_id, code, district, email, name, note, password, phone, province, status, ward) VALUES (16, '1997-07-30', 0, 1, 30, '2008-10-19 10:34:45.0520000', '2019-06-14 14:30:12.1470000', 'Maryland', '63112', 'QTTZD', 'NY-VY', 'Frizzell@example.com', 'Agueda1952', 'ANXNE', 'QJzx8a06Qpoao/bfm/xSzA==', '(338) 469-5872', 'XCGVQ', 'NGXLG', 'VXRIH')
INSERT dbo.staff(id, birth_day, deleted, gender, role_id, created_date, updated_date, address, citizen_id, code, district, email, name, note, password, phone, province, status, ward) VALUES (17, '2018-08-20', 0, 0, 39, '2023-03-22 00:01:24.9130000', '2013-04-27 01:46:38.5230000', 'Oregon', '44797', 'FHGKV', 'ME-IG', 'Morley@nowhere.com', 'Alphonse1998', 'DWXOY', 'fKhbFNPulnxi14MzTKTV9Q==', '(713) 720-3652', 'FPQIL', 'WFJWK', 'AKNZF')
INSERT dbo.staff(id, birth_day, deleted, gender, role_id, created_date, updated_date, address, citizen_id, code, district, email, name, note, password, phone, province, status, ward) VALUES (18, '1970-04-02', 1, 1, 6, '2007-10-13 08:16:45.8060000', '1977-10-21 08:32:18.5510000', 'Florida', '51007', 'KMUSK', 'VT-MF', 'Ahern@example.com', 'Kyla2010', 'XWAMY', 'pGw7VPLJhxzYHa96kySZwA==', '(365) 788-4659', 'ZQRGN', 'NCXPA', 'HOKKH')
INSERT dbo.staff(id, birth_day, deleted, gender, role_id, created_date, updated_date, address, citizen_id, code, district, email, name, note, password, phone, province, status, ward) VALUES (19, '1970-03-04', 1, 1, 46, '2007-05-19 08:34:30.7710000', '2005-11-29 06:08:56.1210000', 'California', '06291', 'KRLCW', 'VT-TT', 'MarcosAcker@example.com', 'Emery1956', 'CYBSU', 'W4XMAlDznLxgLD8zlNpRmQ==', '(643) 412-7916', 'ARDBL', 'IKBLD', 'GSEFO')
INSERT dbo.staff(id, birth_day, deleted, gender, role_id, created_date, updated_date, address, citizen_id, code, district, email, name, note, password, phone, province, status, ward) VALUES (20, '1981-04-07', 1, 0, 5, '2004-10-19 06:29:23.0310000', '1992-05-29 17:04:14.7220000', 'Georgia', '05334', 'KATQM', 'HI-ME', 'BrandonBruno@example.com', 'Marjorie284', 'RGTJP', 'yDu7X/Wb1rcH/wdLoeOlfg==', '(717) 664-4280', 'TSZJT', 'NHOBB', 'YVMCO')
INSERT dbo.staff(id, birth_day, deleted, gender, role_id, created_date, updated_date, address, citizen_id, code, district, email, name, note, password, phone, province, status, ward) VALUES (21, '1972-06-13', 0, 1, 41, '1985-03-23 09:21:50.3200000', '2001-11-10 12:31:29.8500000', 'New Hampshire', '23605', 'XELOO', 'IN-JS', 'Akin@example.com', 'Shakita8', 'XFAJY', 'Bvcnvv0EHmiaCMQWDtY0bQ==', '(943) 726-1839', 'XBANS', 'BZHMF', 'KWJCF')
INSERT dbo.staff(id, birth_day, deleted, gender, role_id, created_date, updated_date, address, citizen_id, code, district, email, name, note, password, phone, province, status, ward) VALUES (22, '1970-02-18', 1, 1, 1, '1982-10-15 00:17:57.1530000', '2012-02-16 05:07:47.5930000', 'South Carolina', '98252', 'KCFNR', 'NH-RK', 'Wally_Frame@example.com', 'Trout2020', 'FIDRI', 'ktE66UOwJc/sDsn+m+kh1Q==', '(493) 247-1672', 'NRXWN', 'MDBHK', 'DJJCZ')
INSERT dbo.staff(id, birth_day, deleted, gender, role_id, created_date, updated_date, address, citizen_id, code, district, email, name, note, password, phone, province, status, ward) VALUES (23, '1971-12-28', 1, 1, 37, '1974-10-14 19:49:52.1180000', '2009-03-18 22:46:34.5550000', 'Florida', '61561', 'FYJTM', 'AZ-BM', 'fllyv67@nowhere.com', 'Matthew64', 'GHKDF', 'rFnzksjhV+HL2lKeexbdqA==', '(761) 929-6300', 'EJFNI', 'RRGDJ', 'XDKUL')
INSERT dbo.staff(id, birth_day, deleted, gender, role_id, created_date, updated_date, address, citizen_id, code, district, email, name, note, password, phone, province, status, ward) VALUES (24, '2005-01-12', 0, 1, 2, '1985-03-07 23:19:09.4580000', '1971-10-07 17:26:04.8120000', 'Indiana', '80121', 'BMTFX', 'AR-DP', 'mxptjb506@example.com', 'Norine765', 'WDUYS', 'paIHy+BgERps6DsTdg3aWg==', '(945) 027-5859', 'NPXAZ', 'GUBHA', 'TOLGG')
INSERT dbo.staff(id, birth_day, deleted, gender, role_id, created_date, updated_date, address, citizen_id, code, district, email, name, note, password, phone, province, status, ward) VALUES (25, '1970-01-07', 0, 1, 12, '2013-12-18 05:31:10.5860000', '2000-01-21 13:27:34.5570000', 'South Carolina', '80536', 'IRVFN', 'KS-TP', 'AlaneValadez@example.com', 'Diamond122', 'OMCGL', 'hUuFy/8nUvy4hga8p2+Dxg==', '(179) 724-4964', 'FMFMV', 'ZLYFY', 'LYMAA')
INSERT dbo.staff(id, birth_day, deleted, gender, role_id, created_date, updated_date, address, citizen_id, code, district, email, name, note, password, phone, province, status, ward) VALUES (26, '2000-11-01', 1, 0, 20, '2000-07-05 07:57:13.5320000', '1975-04-04 21:11:55.5320000', 'Florida', '12814', 'SSVYS', 'IN-XN', 'Andrea_W_Anglin2@example.com', 'Adella1969', 'YVYWL', 'OOcQrdZiuXdMyrKtTBismg==', '(764) 423-3366', 'YGJWD', 'AHXFQ', 'UBQNB')
INSERT dbo.staff(id, birth_day, deleted, gender, role_id, created_date, updated_date, address, citizen_id, code, district, email, name, note, password, phone, province, status, ward) VALUES (27, '1970-02-20', 1, 1, 34, '1996-11-02 08:07:56.6980000', '1977-10-07 13:26:01.9950000', 'Utah', '30418', 'IOUMZ', 'WA-UJ', 'Mccaffrey35@example.com', 'Lyle41', 'PMBRF', 'Vw4iuiYQOZngQd+O43TReg==', '(655) 005-1474', 'ZYPXA', 'XJAQI', 'PQGZN')
INSERT dbo.staff(id, birth_day, deleted, gender, role_id, created_date, updated_date, address, citizen_id, code, district, email, name, note, password, phone, province, status, ward) VALUES (28, '2005-01-09', 1, 0, 16, '2021-02-17 01:05:16.2200000', '2011-06-19 21:19:55.3450000', 'Minnesota', '30357', 'NFULT', 'KS-IW', 'Couch@example.com', 'Ali1987', 'JSZEQ', '2FH7jxkk0Nk3XAsx4ic1Yg==', '(948) 514-5388', 'UBMHN', 'JGECD', 'RJBMI')
INSERT dbo.staff(id, birth_day, deleted, gender, role_id, created_date, updated_date, address, citizen_id, code, district, email, name, note, password, phone, province, status, ward) VALUES (29, '2022-12-02', 1, 0, 21, '1976-03-08 00:35:12.4920000', '1970-06-26 05:21:11.4700000', 'Kentucky', '92535', 'BLEBI', 'NY-KT', 'xnqqniw3112@nowhere.com', 'Melton1986', 'TGRVG', 'y1h4wsKSRS9fhP7uRsfTqg==', '(988) 279-3009', 'JOJAM', 'GCSLI', 'MULFJ')
INSERT dbo.staff(id, birth_day, deleted, gender, role_id, created_date, updated_date, address, citizen_id, code, district, email, name, note, password, phone, province, status, ward) VALUES (30, '2005-09-28', 0, 1, 39, '1994-09-12 04:20:06.4590000', '1970-12-20 17:11:50.7460000', 'New Jersey', '67756', 'HXGKX', 'AL-VK', 'Fulcher45@example.com', 'Abernathy5', 'GWFFR', 'sv0UU3FT0RnqjYvTAs721A==', '(734) 609-0631', 'YGZIW', 'ETVTI', 'IREKU')
INSERT dbo.staff(id, birth_day, deleted, gender, role_id, created_date, updated_date, address, citizen_id, code, district, email, name, note, password, phone, province, status, ward) VALUES (31, '1970-02-22', 1, 1, 12, '2001-02-02 15:30:40.0630000', '1992-05-07 15:01:42.9520000', 'Michigan', '55275', 'BGUZI', 'MN-OY', 'JosueParrott357@nowhere.com', 'Rubin656', 'OXKFJ', 'vhmRWwOS9ON/i0+cP7xX2g==', '(314) 249-5590', 'WAPLK', 'YASMP', 'PVLKF')
INSERT dbo.staff(id, birth_day, deleted, gender, role_id, created_date, updated_date, address, citizen_id, code, district, email, name, note, password, phone, province, status, ward) VALUES (32, '1998-02-04', 0, 0, 29, '1989-12-10 18:27:00.1740000', '1971-08-15 08:26:05.6050000', 'Illinois', '79101', 'PEZBS', 'UT-DZ', 'Kanisha_Landis96@nowhere.com', 'Iola2021', 'HGXCD', '9Vb9YSYRER0JyePz4ZEovQ==', '(953) 742-7364', 'EWIBB', 'ZDAYT', 'TEKGM')
INSERT dbo.staff(id, birth_day, deleted, gender, role_id, created_date, updated_date, address, citizen_id, code, district, email, name, note, password, phone, province, status, ward) VALUES (33, '1988-02-23', 1, 1, 31, '1981-07-08 10:22:53.3870000', '1974-03-18 22:15:46.0020000', 'Oklahoma', '11720', 'GLEOB', 'NV-NO', 'Corona@example.com', 'Alejandro453', 'VXMHY', 'nUMt/8uwYCsGZ6vgX6N3Zw==', '(650) 016-4045', 'EZIKM', 'TVFGL', 'TXPUT')
INSERT dbo.staff(id, birth_day, deleted, gender, role_id, created_date, updated_date, address, citizen_id, code, district, email, name, note, password, phone, province, status, ward) VALUES (34, '1987-06-21', 1, 1, 42, '2006-12-25 10:57:12.1980000', '1970-11-02 01:08:01.2510000', 'Michigan', '06795', 'EFOQS', 'MA-YF', 'Garret.Acevedo7@nowhere.com', 'Aleen2003', 'MCJIT', 's1DCteZ+p6VEf0K61xaiTA==', '(876) 092-3433', 'ADIPF', 'WBMQK', 'UAQRM')
INSERT dbo.staff(id, birth_day, deleted, gender, role_id, created_date, updated_date, address, citizen_id, code, district, email, name, note, password, phone, province, status, ward) VALUES (35, '1970-04-09', 1, 0, 28, '1989-10-21 07:03:08.8940000', '2011-04-25 05:37:06.6200000', 'Oregon', '13284', 'QCAIM', 'DE-ET', 'JackRandolph@nowhere.com', 'Betancourt2024', 'EFWZH', 'iyMMHZgjzl4VgL1LDNSjnw==', '(326) 513-4330', 'YVGUP', 'TFAMW', 'TDCSU')
INSERT dbo.staff(id, birth_day, deleted, gender, role_id, created_date, updated_date, address, citizen_id, code, district, email, name, note, password, phone, province, status, ward) VALUES (36, '2013-05-28', 1, 1, 21, '2012-11-27 13:50:54.4110000', '2001-08-28 02:51:30.6150000', 'Washington', '12044', 'LXDDV', 'TX-LE', 'Yoko.Calloway@example.com', 'Sarita1950', 'DSYVK', 'DV8urmYtX1enX/aYRVBxmA==', '(877) 060-6165', 'ZWMDE', 'WXCVT', 'ERQCW')
INSERT dbo.staff(id, birth_day, deleted, gender, role_id, created_date, updated_date, address, citizen_id, code, district, email, name, note, password, phone, province, status, ward) VALUES (37, '1970-01-30', 0, 0, 16, '1971-08-19 03:45:14.9130000', '1990-02-28 14:07:26.8330000', 'Arkansas', '45674', 'OIADD', 'AL-TG', 'Bates4@example.com', 'Bee528', 'XXSOW', 'WFNtDhzetnz7cRc1T4B9Xg==', '(935) 781-1772', 'LLGFS', 'PKQWP', 'OVSXK')
INSERT dbo.staff(id, birth_day, deleted, gender, role_id, created_date, updated_date, address, citizen_id, code, district, email, name, note, password, phone, province, status, ward) VALUES (38, '2006-01-07', 1, 0, 25, '2023-08-08 15:55:42.7110000', '2021-10-29 06:18:17.8210000', 'Montana', '18921', 'TGNIS', 'MO-ZW', 'BethelR874@example.com', 'Jed1950', 'GVYDR', 'sNg1v/zMXp5MflJOg4dYnQ==', '(173) 993-1823', 'RCUPA', 'TTIOC', 'HRHZP')
INSERT dbo.staff(id, birth_day, deleted, gender, role_id, created_date, updated_date, address, citizen_id, code, district, email, name, note, password, phone, province, status, ward) VALUES (39, '2019-06-27', 0, 0, 13, '2008-05-12 08:44:25.6630000', '1982-08-23 15:00:09.0090000', 'Utah', '12070', 'VZMKE', 'AR-WV', 'LienGilman55@nowhere.com', 'Ileen911', 'GCEIK', 'rhMowQhP8OY/WSNHzQWJfw==', '(956) 070-9551', 'FTPTF', 'XGFWX', 'UFEJJ')
INSERT dbo.staff(id, birth_day, deleted, gender, role_id, created_date, updated_date, address, citizen_id, code, district, email, name, note, password, phone, province, status, ward) VALUES (40, '2021-08-10', 0, 1, 6, '1993-11-05 06:23:03.0210000', '2020-08-22 21:50:38.2820000', 'Colorado', '99942', 'WSMEP', 'AL-QK', 'Houser7@example.com', 'Antoine9', 'ZLHYO', 'XRd3v9rgYwlP5HxsMG4bOw==', '(607) 214-4023', 'EDYLJ', 'LFLFP', 'GGMVB')
INSERT dbo.staff(id, birth_day, deleted, gender, role_id, created_date, updated_date, address, citizen_id, code, district, email, name, note, password, phone, province, status, ward) VALUES (41, '1970-01-07', 0, 0, 42, '1975-11-09 09:39:14.6610000', '2013-10-04 20:52:31.2410000', 'Tennessee', '88471', 'FANVK', 'IN-PR', 'AlicaDangelo@nowhere.com', 'Myrta917', 'PGJLP', 'mmbbczeDJHe1+NVQ3Pczug==', '(426) 645-4447', 'VXIRS', 'VQDSD', 'TSJLF')
INSERT dbo.staff(id, birth_day, deleted, gender, role_id, created_date, updated_date, address, citizen_id, code, district, email, name, note, password, phone, province, status, ward) VALUES (42, '2022-01-05', 0, 0, 9, '2016-04-11 12:15:43.5140000', '1990-09-10 18:47:18.0430000', 'Nebraska', '40798', 'WVMII', 'ME-DD', 'Alford@example.com', 'Adams839', 'JLFCY', 'sTTJYr6e/PXJgfepkeHYlw==', '(806) 200-7408', 'IVBNR', 'HUGOL', 'YPALH')
INSERT dbo.staff(id, birth_day, deleted, gender, role_id, created_date, updated_date, address, citizen_id, code, district, email, name, note, password, phone, province, status, ward) VALUES (43, '1996-03-31', 1, 0, 29, '1978-03-10 23:53:59.9290000', '1983-12-14 03:47:00.7730000', 'Ohio', '47045', 'SAVTH', 'MN-TM', 'Berneice_GShumaker@example.com', 'Marry339', 'GDUNW', 'xPvKvL8lXCuIIe1N9KCj3A==', '(141) 259-6407', 'QLYEA', 'KXRQM', 'CJXAA')
INSERT dbo.staff(id, birth_day, deleted, gender, role_id, created_date, updated_date, address, citizen_id, code, district, email, name, note, password, phone, province, status, ward) VALUES (44, '1970-01-08', 1, 1, 18, '1982-02-20 16:28:25.1630000', '1989-05-19 17:40:55.4310000', 'Virginia', '41019', 'MTBZK', 'AR-GY', 'Adair929@example.com', 'Marion757', 'UCSUZ', 'bkES2mjplAm9r8p6OTUXqA==', '(246) 902-2220', 'WMRLW', 'SKCIL', 'GGPJG')
INSERT dbo.staff(id, birth_day, deleted, gender, role_id, created_date, updated_date, address, citizen_id, code, district, email, name, note, password, phone, province, status, ward) VALUES (45, '2024-05-23', 1, 0, 36, '2000-05-15 11:27:22.7040000', '1994-04-10 11:09:06.0040000', 'New York', '21618', 'VXHUY', 'MO-RX', 'DotGuillory5@example.com', 'Jacqualine2004', 'RAMTI', 'mfdbQ1ohoI2KXFcl4OzPiw==', '(654) 643-3227', 'CJWYY', 'XPHIN', 'YTIME')
INSERT dbo.staff(id, birth_day, deleted, gender, role_id, created_date, updated_date, address, citizen_id, code, district, email, name, note, password, phone, province, status, ward) VALUES (46, '1970-01-04', 1, 1, 8, '1984-09-27 02:45:51.5170000', '2020-11-11 18:48:18.9010000', 'Wyoming', '64936', 'SJOKY', 'NM-PB', 'lzrnkn1976@example.com', 'Schreiber2', 'IELSL', 'MJ/H07xTu2OsQuNZJgrHQA==', '(683) 431-0314', 'NBWJB', 'DCRXF', 'TMFNJ')
INSERT dbo.staff(id, birth_day, deleted, gender, role_id, created_date, updated_date, address, citizen_id, code, district, email, name, note, password, phone, province, status, ward) VALUES (47, '1986-02-06', 0, 1, 11, '1998-11-24 01:24:10.9710000', '1972-04-22 23:12:38.4160000', 'Missouri', '15337', 'BXDSR', 'ND-MW', 'Coppola56@example.com', 'Sharron2017', 'YKBLA', 'EoMQoqsgj8EJhHGYvInTBw==', '(793) 363-6850', 'XGOKX', 'XZWLO', 'UCFVR')
INSERT dbo.staff(id, birth_day, deleted, gender, role_id, created_date, updated_date, address, citizen_id, code, district, email, name, note, password, phone, province, status, ward) VALUES (48, '1975-10-20', 1, 1, 47, '2008-12-24 16:09:45.8690000', '2012-05-25 22:00:55.0890000', 'Virginia', '12553', 'XYRSX', 'NY-FX', 'Adriane_Dunbar@nowhere.com', 'Chang975', 'MZOJL', 'fvPujWokfiwEwUgHBa72Yg==', '(161) 101-4400', 'HVLCB', 'IDDTW', 'TQYND')
INSERT dbo.staff(id, birth_day, deleted, gender, role_id, created_date, updated_date, address, citizen_id, code, district, email, name, note, password, phone, province, status, ward) VALUES (49, '2020-11-25', 1, 0, 31, '2006-06-14 08:16:53.5370000', '1989-11-03 05:53:17.3000000', 'New Hampshire', '37700', 'IOYFJ', 'MI-SK', 'nmeq5436@example.com', 'Adolfo313', 'WKYGR', '0oWmF0d3dIsLcoTLj6Xnxw==', '(563) 764-9253', 'ZXREW', 'NMHPL', 'XNEXR')
INSERT dbo.staff(id, birth_day, deleted, gender, role_id, created_date, updated_date, address, citizen_id, code, district, email, name, note, password, phone, province, status, ward) VALUES (50, '1983-10-17', 1, 1, 31, '2023-02-25 16:29:36.7110000', '2003-09-09 18:37:22.9750000', 'Texas', '32069', 'ZRQUU', 'MO-WQ', 'Agustin_Goodrich239@example.com', 'Kearney8', 'ZXUPD', 'FMte0L/A3BI7R6wCIERYlg==', '(369) 407-5147', 'OLSTE', 'ZCPHZ', 'CIWCH')
GO
SET IDENTITY_INSERT dbo.staff OFF
GO

--
-- Inserting data into table [final].[dbo].[cart]
--
SET IDENTITY_INSERT dbo.cart ON
GO
INSERT dbo.cart(id, staff_id, created_date, updated_date, status) VALUES (1, 22, '2022-08-18 22:07:01.9590000', '1987-02-20 03:19:14.0930000', 'PENDING')
INSERT dbo.cart(id, staff_id, created_date, updated_date, status) VALUES (2, 1, '1973-08-13 15:58:36.7320000', '2016-01-03 07:19:18.4470000', 'PENDING')
INSERT dbo.cart(id, staff_id, created_date, updated_date, status) VALUES (3, 27, '1985-03-16 17:24:34.6500000', '2017-04-16 13:02:22.0280000', 'SUCCESS')
INSERT dbo.cart(id, staff_id, created_date, updated_date, status) VALUES (4, 22, '1970-11-18 01:04:33.0010000', '2013-10-29 01:46:30.6820000', 'PENDING')
INSERT dbo.cart(id, staff_id, created_date, updated_date, status) VALUES (5, 39, '2023-08-12 18:12:48.0020000', '1999-06-11 07:27:40.0040000', 'SUCCESS')
INSERT dbo.cart(id, staff_id, created_date, updated_date, status) VALUES (6, 30, '1975-10-02 09:33:21.4290000', '2024-07-05 06:12:46.2960000', 'PENDING')
INSERT dbo.cart(id, staff_id, created_date, updated_date, status) VALUES (7, 46, '2000-04-18 01:14:08.0090000', '1985-05-20 10:37:36.6020000', 'SUCCESS')
INSERT dbo.cart(id, staff_id, created_date, updated_date, status) VALUES (8, 38, '1997-05-27 10:27:02.8280000', '2019-10-19 07:26:09.0210000', 'PENDING')
INSERT dbo.cart(id, staff_id, created_date, updated_date, status) VALUES (9, 17, '2005-02-27 01:58:18.0520000', '1993-06-27 04:45:42.2950000', 'SUCCESS')
INSERT dbo.cart(id, staff_id, created_date, updated_date, status) VALUES (10, 46, '2001-06-14 18:07:11.9950000', '1989-06-10 12:49:11.5770000', 'PENDING')
INSERT dbo.cart(id, staff_id, created_date, updated_date, status) VALUES (11, 48, '1984-09-22 21:40:49.0090000', '1979-04-12 15:14:22.5450000', 'PENDING')
INSERT dbo.cart(id, staff_id, created_date, updated_date, status) VALUES (12, 16, '1995-02-28 15:21:40.4980000', '2024-06-11 15:55:34.7240000', 'SUCCESS')
INSERT dbo.cart(id, staff_id, created_date, updated_date, status) VALUES (13, 3, '1999-11-25 12:23:53.6720000', '2013-01-30 19:46:22.3760000', 'SUCCESS')
INSERT dbo.cart(id, staff_id, created_date, updated_date, status) VALUES (14, 10, '2023-10-27 14:09:34.8720000', '1981-08-12 01:31:07.3550000', 'PENDING')
INSERT dbo.cart(id, staff_id, created_date, updated_date, status) VALUES (15, 43, '2003-09-09 21:52:35.3390000', '1982-05-03 00:43:06.3020000', 'SUCCESS')
INSERT dbo.cart(id, staff_id, created_date, updated_date, status) VALUES (16, 47, '1987-06-21 00:33:49.2020000', '2016-12-14 22:37:09.2020000', 'SUCCESS')
INSERT dbo.cart(id, staff_id, created_date, updated_date, status) VALUES (17, 23, '1978-12-13 23:36:39.2660000', '2016-09-02 21:25:04.8150000', 'SUCCESS')
INSERT dbo.cart(id, staff_id, created_date, updated_date, status) VALUES (18, 8, '1983-08-27 00:48:46.5800000', '1992-10-12 11:24:44.7550000', 'PENDING')
INSERT dbo.cart(id, staff_id, created_date, updated_date, status) VALUES (19, 32, '1977-05-05 14:03:32.6970000', '2011-05-24 09:55:13.2830000', 'SUCCESS')
INSERT dbo.cart(id, staff_id, created_date, updated_date, status) VALUES (20, 45, '1999-01-25 02:56:28.0200000', '1988-06-01 13:13:49.9200000', 'SUCCESS')
INSERT dbo.cart(id, staff_id, created_date, updated_date, status) VALUES (21, 1, '2017-05-21 13:14:53.3760000', '2013-08-03 00:49:55.7080000', 'SUCCESS')
INSERT dbo.cart(id, staff_id, created_date, updated_date, status) VALUES (22, 36, '1999-11-20 00:06:39.6040000', '2023-04-01 00:46:08.5050000', 'PENDING')
INSERT dbo.cart(id, staff_id, created_date, updated_date, status) VALUES (23, 8, '1973-04-21 08:02:12.0000000', '1982-02-11 03:47:03.1270000', 'PENDING')
INSERT dbo.cart(id, staff_id, created_date, updated_date, status) VALUES (24, 12, '2020-10-02 04:42:42.0470000', '1994-04-24 21:57:13.0030000', 'PENDING')
INSERT dbo.cart(id, staff_id, created_date, updated_date, status) VALUES (25, 24, '2024-04-01 22:29:50.0050000', '1986-12-16 18:43:35.5890000', 'SUCCESS')
INSERT dbo.cart(id, staff_id, created_date, updated_date, status) VALUES (26, 27, '1985-07-30 22:41:01.0650000', '1987-09-16 04:59:56.1460000', 'SUCCESS')
INSERT dbo.cart(id, staff_id, created_date, updated_date, status) VALUES (27, 34, '2001-05-07 12:12:32.5980000', '1999-11-08 08:33:40.0590000', 'SUCCESS')
INSERT dbo.cart(id, staff_id, created_date, updated_date, status) VALUES (28, 15, '2021-03-15 15:59:23.3010000', '1981-06-10 20:52:41.9520000', 'PENDING')
INSERT dbo.cart(id, staff_id, created_date, updated_date, status) VALUES (29, 12, '1976-01-04 23:50:03.0930000', '1995-10-06 18:04:39.0140000', 'SUCCESS')
INSERT dbo.cart(id, staff_id, created_date, updated_date, status) VALUES (30, 21, '1985-10-27 20:11:15.0170000', '2020-10-25 00:44:54.0050000', 'SUCCESS')
INSERT dbo.cart(id, staff_id, created_date, updated_date, status) VALUES (31, 2, '1994-12-23 04:50:50.2850000', '1977-08-07 23:40:38.6560000', 'SUCCESS')
INSERT dbo.cart(id, staff_id, created_date, updated_date, status) VALUES (32, 44, '2014-04-28 15:43:13.8230000', '2008-03-07 09:05:28.0790000', 'PENDING')
INSERT dbo.cart(id, staff_id, created_date, updated_date, status) VALUES (33, 17, '1990-12-24 16:08:32.2950000', '2022-12-11 17:37:30.1870000', 'SUCCESS')
INSERT dbo.cart(id, staff_id, created_date, updated_date, status) VALUES (34, 9, '1981-08-23 13:46:02.7120000', '2000-05-18 04:33:08.6740000', 'PENDING')
INSERT dbo.cart(id, staff_id, created_date, updated_date, status) VALUES (35, 7, '1981-06-28 14:45:51.7830000', '1974-06-27 19:49:22.5320000', 'PENDING')
INSERT dbo.cart(id, staff_id, created_date, updated_date, status) VALUES (36, 34, '2010-06-08 17:47:51.8400000', '2004-07-16 04:16:04.1070000', 'SUCCESS')
INSERT dbo.cart(id, staff_id, created_date, updated_date, status) VALUES (37, 44, '2014-12-11 10:39:16.6820000', '1974-08-01 14:32:41.8810000', 'SUCCESS')
INSERT dbo.cart(id, staff_id, created_date, updated_date, status) VALUES (38, 40, '2020-04-24 11:28:41.0590000', '1991-04-02 01:39:41.0420000', 'PENDING')
INSERT dbo.cart(id, staff_id, created_date, updated_date, status) VALUES (39, 6, '2018-04-18 02:48:52.0040000', '2020-04-18 17:26:54.4620000', 'PENDING')
INSERT dbo.cart(id, staff_id, created_date, updated_date, status) VALUES (40, 34, '1996-01-30 01:31:56.5090000', '1973-07-16 19:19:53.7330000', 'SUCCESS')
INSERT dbo.cart(id, staff_id, created_date, updated_date, status) VALUES (41, 25, '2012-02-06 04:01:35.2690000', '2000-05-04 20:42:43.6970000', 'SUCCESS')
INSERT dbo.cart(id, staff_id, created_date, updated_date, status) VALUES (42, 14, '2010-06-06 15:26:09.1520000', '2020-12-10 17:44:13.3380000', 'PENDING')
INSERT dbo.cart(id, staff_id, created_date, updated_date, status) VALUES (43, 9, '1972-03-15 09:15:05.3180000', '1993-12-16 15:55:07.6290000', 'PENDING')
INSERT dbo.cart(id, staff_id, created_date, updated_date, status) VALUES (44, 50, '1993-09-23 01:03:53.9360000', '2017-09-02 06:31:52.5330000', 'PENDING')
INSERT dbo.cart(id, staff_id, created_date, updated_date, status) VALUES (45, 3, '2015-07-05 23:36:02.0890000', '2021-06-18 16:25:30.6770000', 'PENDING')
INSERT dbo.cart(id, staff_id, created_date, updated_date, status) VALUES (46, 35, '1987-12-08 12:01:32.0050000', '2000-12-30 15:22:32.0200000', 'SUCCESS')
INSERT dbo.cart(id, staff_id, created_date, updated_date, status) VALUES (47, 47, '2010-02-24 17:55:22.8940000', '1970-06-22 16:03:50.0540000', 'SUCCESS')
INSERT dbo.cart(id, staff_id, created_date, updated_date, status) VALUES (48, 47, '1994-04-15 05:57:33.9800000', '1974-10-19 13:45:25.6810000', 'SUCCESS')
INSERT dbo.cart(id, staff_id, created_date, updated_date, status) VALUES (49, 8, '1976-12-11 01:58:14.5320000', '1995-08-23 01:56:39.2270000', 'PENDING')
INSERT dbo.cart(id, staff_id, created_date, updated_date, status) VALUES (50, 25, '1998-12-03 23:31:01.1270000', '1974-10-29 04:19:18.9080000', 'PENDING')
GO
SET IDENTITY_INSERT dbo.cart OFF
GO

--
-- Inserting data into table [final].[dbo].[orders]
--
SET IDENTITY_INSERT dbo.orders ON
GO
INSERT dbo.orders(id, customer_id, deleted, delivery_fee, discount, district_id, province_id, staff_id, sub_total, total, voucher_id, created_date, updated_date, address, code, district_name, payment, phone, province_name, status, type, ward_id, ward_name) VALUES (1, 23, 1, 0, 0, 2046, 268, 40, 699830.26, 225562.16, 38, '1982-10-07 01:52:17.0760000', '2002-02-08 03:35:53.9320000', '1909 Riverside Drive, Santa Fe, NM, 18436', 'SVHVE', 'Huyện Văn Lâm', 'TRANSFER', '(263) 224-0877', 'Hung Yên', 'CANCELED', 'ONLINE', '220909', 'Xã Tân Quang')
INSERT dbo.orders(id, customer_id, deleted, delivery_fee, discount, district_id, province_id, staff_id, sub_total, total, voucher_id, created_date, updated_date, address, code, district_name, payment, phone, province_name, status, type, ward_id, ward_name) VALUES (2, 12, 1, 0, 0, 2046, 268, 23, 976393.53, 691386.2, 16, '2020-10-13 18:42:19.1220000', '2023-12-02 10:43:53.0900000', '2621 Hidden Quailwood Avenue, Trenton, New Jersey, 23931', 'ZNROW', 'Huyện Văn Lâm', 'TRANSFER', '(333) 827-8984', 'Hung Yên', 'DELIVERED', 'ONLINE', '220909', 'Xã Tân Quang')
INSERT dbo.orders(id, customer_id, deleted, delivery_fee, discount, district_id, province_id, staff_id, sub_total, total, voucher_id, created_date, updated_date, address, code, district_name, payment, phone, province_name, status, type, ward_id, ward_name) VALUES (3, 1, 0, 0, 0, 2046, 268, 43, 173773.8, 76.7, 36, '2008-05-13 13:17:55.6120000', '1989-02-11 23:10:07.0780000', '66 Beachwood Way, Nashville, Tennessee, 62235', 'HNOKG', 'Huyện Văn Lâm', 'TRANSFER', '(389) 267-5897', 'Hung Yên', 'CANCELED', 'INSTORE', '220909', 'Xã Tân Quang')
INSERT dbo.orders(id, customer_id, deleted, delivery_fee, discount, district_id, province_id, staff_id, sub_total, total, voucher_id, created_date, updated_date, address, code, district_name, payment, phone, province_name, status, type, ward_id, ward_name) VALUES (4, 12, 1, 0, 0, 2046, 268, 41, 850289.57, 964480.53, 16, '1975-06-23 08:54:01.9250000', '1971-11-16 00:46:23.0710000', '1758 White Buttonwood Way, Honolulu, Hawaii, 34663', 'BMSSH', 'Huyện Văn Lâm', 'TRANSFER', '(670) 967-6885', 'Hung Yên', 'PENDING', 'INSTORE', '220909', 'Xã Tân Quang')
INSERT dbo.orders(id, customer_id, deleted, delivery_fee, discount, district_id, province_id, staff_id, sub_total, total, voucher_id, created_date, updated_date, address, code, district_name, payment, phone, province_name, status, type, ward_id, ward_name) VALUES (5, 5, 0, 0, 0, 2046, 268, 26, 189800.49, 440469.21, 10, '1997-10-29 05:26:21.0000000', '1985-08-10 19:31:20.0070000', '774 Old Rock Hill Lane, Bartlett Bldg, Saint Paul, MN, 36799', 'KPCOH', 'Huyện Văn Lâm', 'CASH', '(755) 786-2167', 'Hung Yên', 'RETURNED', 'INSTORE', '220909', 'Xã Tân Quang')
INSERT dbo.orders(id, customer_id, deleted, delivery_fee, discount, district_id, province_id, staff_id, sub_total, total, voucher_id, created_date, updated_date, address, code, district_name, payment, phone, province_name, status, type, ward_id, ward_name) VALUES (6, 47, 1, 0, 0, 2046, 268, 1, 465.22, 2881.38, 5, '2014-07-14 11:30:25.0230000', '1995-01-14 08:56:22.7090000', '3117 N Prospect Hill Parkway, Nashville, TN, 89287', 'AORKW', 'Huyện Văn Lâm', 'CASH', '(248) 949-6164', 'Hung Yên', 'UNPAID', 'ONLINE', '220909', 'Xã Tân Quang')
INSERT dbo.orders(id, customer_id, deleted, delivery_fee, discount, district_id, province_id, staff_id, sub_total, total, voucher_id, created_date, updated_date, address, code, district_name, payment, phone, province_name, status, type, ward_id, ward_name) VALUES (7, 4, 0, 0, 0, 2046, 268, 7, 270039.9, 646077.8, 46, '1999-04-03 20:26:21.3670000', '2017-10-22 14:23:23.1950000', '2882 E Burwood Hwy, Kearns Building, Jefferson City, MO, 69250', 'WREMT', 'Huyện Văn Lâm', 'TRANSFER', '(900) 909-1447', 'Hung Yên', 'CANCELED', 'INSTORE', '220909', 'Xã Tân Quang')
INSERT dbo.orders(id, customer_id, deleted, delivery_fee, discount, district_id, province_id, staff_id, sub_total, total, voucher_id, created_date, updated_date, address, code, district_name, payment, phone, province_name, status, type, ward_id, ward_name) VALUES (8, 23, 1, 0, 0, 2046, 268, 40, 856513.94, 238377.07, 39, '2007-06-14 20:13:04.3150000', '1980-02-18 14:56:24.1700000', '146 North Oak Rd, 2nd FL, Columbus, Ohio, 45572', 'AYRQZ', 'Huyện Văn Lâm', 'TRANSFER', '(373) 595-3466', 'Hung Yên', 'TORECEIVE', 'ONLINE', '220909', 'Xã Tân Quang')
INSERT dbo.orders(id, customer_id, deleted, delivery_fee, discount, district_id, province_id, staff_id, sub_total, total, voucher_id, created_date, updated_date, address, code, district_name, payment, phone, province_name, status, type, ward_id, ward_name) VALUES (9, 11, 1, 0, 0, 2046, 268, 38, 992.78, 629237.02, 11, '2024-09-21 13:32:44.4930000', '1979-04-23 10:50:35.6970000', '1670 Old Riverside Way, 1st FL, Pierre, South Dakota, 06144', 'UOPRM', 'Huyện Văn Lâm', 'TRANSFER', '(116) 741-2395', 'Hung Yên', 'PAID', 'INSTORE', '220909', 'Xã Tân Quang')
INSERT dbo.orders(id, customer_id, deleted, delivery_fee, discount, district_id, province_id, staff_id, sub_total, total, voucher_id, created_date, updated_date, address, code, district_name, payment, phone, province_name, status, type, ward_id, ward_name) VALUES (10, 7, 0, 0, 0, 2046, 268, 47, 392896.17, 182662.79, 22, '1981-12-25 14:52:02.7460000', '2005-02-22 16:40:52.4110000', '199 Hope Court, Olympia, WA, 19132', 'JPNVR', 'Huyện Văn Lâm', 'CASH', '(831) 166-6250', 'Hung Yên', 'CANCELED', 'ONLINE', '220909', 'Xã Tân Quang')
INSERT dbo.orders(id, customer_id, deleted, delivery_fee, discount, district_id, province_id, staff_id, sub_total, total, voucher_id, created_date, updated_date, address, code, district_name, payment, phone, province_name, status, type, ward_id, ward_name) VALUES (11, 6, 1, 0, 0, 2046, 268, 47, 293320.81, 996342.37, 40, '1989-01-30 17:58:37.3610000', '2017-07-25 12:56:01.5610000', '633 2nd St, Little Rock, Arkansas, 92284', 'MAWFW', 'Huyện Văn Lâm', 'CASH', '(896) 600-3485', 'Hung Yên', 'RETURNED', 'ONLINE', '220909', 'Xã Tân Quang')
INSERT dbo.orders(id, customer_id, deleted, delivery_fee, discount, district_id, province_id, staff_id, sub_total, total, voucher_id, created_date, updated_date, address, code, district_name, payment, phone, province_name, status, type, ward_id, ward_name) VALUES (12, 7, 0, 0, 0, 2046, 268, 4, 642213.52, 263985.9, 40, '1983-05-26 14:16:29.6530000', '1999-03-10 21:09:09.0220000', '420 NW Hazelwood Way, Superior Bldg, Annapolis, MD, 95783', 'XGKAL', 'Huyện Văn Lâm', 'TRANSFER', '(811) 629-0071', 'Hung Yên', 'PAID', 'ONLINE', '220909', 'Xã Tân Quang')
INSERT dbo.orders(id, customer_id, deleted, delivery_fee, discount, district_id, province_id, staff_id, sub_total, total, voucher_id, created_date, updated_date, address, code, district_name, payment, phone, province_name, status, type, ward_id, ward_name) VALUES (13, 18, 0, 0, 0, 2046, 268, 43, 908288.56, 537423.19, 4, '1998-01-12 01:13:32.0420000', '2006-03-31 04:38:57.8760000', '2110 South Front Lane, Kearns Building, Hartford, Connecticut, 14962', 'AYSJS', 'Huyện Văn Lâm', 'TRANSFER', '(922) 576-8928', 'Hung Yên', 'TOSHIP', 'INSTORE', '220909', 'Xã Tân Quang')
INSERT dbo.orders(id, customer_id, deleted, delivery_fee, discount, district_id, province_id, staff_id, sub_total, total, voucher_id, created_date, updated_date, address, code, district_name, payment, phone, province_name, status, type, ward_id, ward_name) VALUES (14, 20, 0, 0, 0, 2046, 268, 41, 635935.76, 28.41, 1, '1992-08-21 08:15:31.5430000', '2003-04-13 09:21:10.0400000', '3026 NW Ski Hill Ln, Oklahoma City, OK, 76841', 'EGCHX', 'Huyện Văn Lâm', 'CASH', '(417) 712-5234', 'Hung Yên', 'DELIVERED', 'INSTORE', '220909', 'Xã Tân Quang')
INSERT dbo.orders(id, customer_id, deleted, delivery_fee, discount, district_id, province_id, staff_id, sub_total, total, voucher_id, created_date, updated_date, address, code, district_name, payment, phone, province_name, status, type, ward_id, ward_name) VALUES (15, 42, 1, 0, 0, 2046, 268, 15, 483446.12, 370614.07, 29, '2021-03-05 00:09:11.8960000', '2007-06-18 06:56:11.3140000', '894 White Front Loop, Judge Bldg, Phoenix, AZ, 09839', 'ILPVH', 'Huyện Văn Lâm', 'TRANSFER', '(762) 631-0634', 'Hung Yên', 'RETURNED', 'INSTORE', '220909', 'Xã Tân Quang')
INSERT dbo.orders(id, customer_id, deleted, delivery_fee, discount, district_id, province_id, staff_id, sub_total, total, voucher_id, created_date, updated_date, address, code, district_name, payment, phone, province_name, status, type, ward_id, ward_name) VALUES (16, 36, 1, 0, 0, 2046, 268, 36, 793574.86, 242035.9, 50, '2010-01-04 09:26:31.5660000', '1986-04-28 10:53:53.6360000', '2411 Flintwood Blvd, Salem, OR, 03632', 'ODLPW', 'Huyện Văn Lâm', 'CASH', '(242) 469-5743', 'Hung Yên', 'CANCELED', 'ONLINE', '220909', 'Xã Tân Quang')
INSERT dbo.orders(id, customer_id, deleted, delivery_fee, discount, district_id, province_id, staff_id, sub_total, total, voucher_id, created_date, updated_date, address, code, district_name, payment, phone, province_name, status, type, ward_id, ward_name) VALUES (17, 27, 0, 0, 0, 2046, 268, 27, 830808.62, 1.57, 17, '1998-07-28 21:19:27.7870000', '2016-08-14 10:51:13.7010000', '3856 Old Brentwood Ave, Santa Fe, NM, 90137', 'PQDHD', 'Huyện Văn Lâm', 'CASH', '(737) 088-9604', 'Hung Yên', 'RETURNED', 'INSTORE', '220909', 'Xã Tân Quang')
INSERT dbo.orders(id, customer_id, deleted, delivery_fee, discount, district_id, province_id, staff_id, sub_total, total, voucher_id, created_date, updated_date, address, code, district_name, payment, phone, province_name, status, type, ward_id, ward_name) VALUES (18, 18, 1, 0, 0, 2046, 268, 34, 747771.95, 163622.62, 36, '2020-11-05 05:49:57.1670000', '1993-10-12 07:20:46.0320000', '314 Rushwood Pkwy, Diamond Bldg, Carson City, NV, 82306', 'SAEJS', 'Huyện Văn Lâm', 'CASH', '(462) 357-9916', 'Hung Yên', 'UNPAID', 'INSTORE', '220909', 'Xã Tân Quang')
INSERT dbo.orders(id, customer_id, deleted, delivery_fee, discount, district_id, province_id, staff_id, sub_total, total, voucher_id, created_date, updated_date, address, code, district_name, payment, phone, province_name, status, type, ward_id, ward_name) VALUES (19, 31, 1, 0, 0, 2046, 268, 16, 857746.01, 6860.87, 50, '1991-02-26 00:41:49.8970000', '2023-04-25 11:08:35.4170000', '883 W Rose Hill Hwy, Buhl Building, Lincoln, Nebraska, 81005', 'OJSDR', 'Huyện Văn Lâm', 'CASH', '(505) 730-9295', 'Hung Yên', 'TOSHIP', 'ONLINE', '220909', 'Xã Tân Quang')
INSERT dbo.orders(id, customer_id, deleted, delivery_fee, discount, district_id, province_id, staff_id, sub_total, total, voucher_id, created_date, updated_date, address, code, district_name, payment, phone, province_name, status, type, ward_id, ward_name) VALUES (20, 4, 1, 0, 0, 2046, 268, 26, 833.83, 5940.79, 3, '1971-05-18 12:47:55.3360000', '2024-05-31 03:53:08.0090000', '18 Hunting Hill Ave, Salt Lake City, Utah, 21368', 'LXKIA', 'Huyện Văn Lâm', 'TRANSFER', '(185) 723-7159', 'Hung Yên', 'TORECEIVE', 'ONLINE', '220909', 'Xã Tân Quang')
INSERT dbo.orders(id, customer_id, deleted, delivery_fee, discount, district_id, province_id, staff_id, sub_total, total, voucher_id, created_date, updated_date, address, code, district_name, payment, phone, province_name, status, type, ward_id, ward_name) VALUES (21, 43, 1, 0, 0, 2046, 268, 9, 598361.8, 1.17, 5, '2007-03-18 15:26:53.6690000', '2011-02-19 02:17:31.0000000', '2888 Front Highway, Trenton, New Jersey, 23243', 'NWWWA', 'Huyện Văn Lâm', 'TRANSFER', '(219) 150-6943', 'Hung Yên', 'RETURNED', 'INSTORE', '220909', 'Xã Tân Quang')
INSERT dbo.orders(id, customer_id, deleted, delivery_fee, discount, district_id, province_id, staff_id, sub_total, total, voucher_id, created_date, updated_date, address, code, district_name, payment, phone, province_name, status, type, ward_id, ward_name) VALUES (22, 2, 1, 0, 0, 2046, 268, 8, 15, 469101.71, 6, '1990-09-14 09:35:09.5140000', '1973-01-13 06:16:58.0070000', '2937 West Market Parkway, Montgomery, AL, 47534', 'FDWUX', 'Huyện Văn Lâm', 'TRANSFER', '(906) 826-8948', 'Hung Yên', 'UNPAID', 'INSTORE', '220909', 'Xã Tân Quang')
INSERT dbo.orders(id, customer_id, deleted, delivery_fee, discount, district_id, province_id, staff_id, sub_total, total, voucher_id, created_date, updated_date, address, code, district_name, payment, phone, province_name, status, type, ward_id, ward_name) VALUES (23, 19, 1, 0, 0, 2046, 268, 36, 392653.88, 95451.26, 1, '2019-09-24 08:06:44.0020000', '1971-02-10 14:29:35.0770000', '2112 Edgewood Parkway, Nashville, TN, 70381', 'JPIYD', 'Huyện Văn Lâm', 'TRANSFER', '(921) 037-4781', 'Hung Yên', 'RETURNED', 'INSTORE', '220909', 'Xã Tân Quang')
INSERT dbo.orders(id, customer_id, deleted, delivery_fee, discount, district_id, province_id, staff_id, sub_total, total, voucher_id, created_date, updated_date, address, code, district_name, payment, phone, province_name, status, type, ward_id, ward_name) VALUES (24, 27, 1, 0, 0, 2046, 268, 42, 788680.46, 676036.38, 41, '1975-03-02 19:42:17.5620000', '1976-08-26 06:01:53.3950000', '872 Hope Avenue, Springfield, IL, 54244', 'EALKB', 'Huyện Văn Lâm', 'CASH', '(288) 481-4908', 'Hung Yên', 'TOSHIP', 'ONLINE', '220909', 'Xã Tân Quang')
INSERT dbo.orders(id, customer_id, deleted, delivery_fee, discount, district_id, province_id, staff_id, sub_total, total, voucher_id, created_date, updated_date, address, code, district_name, payment, phone, province_name, status, type, ward_id, ward_name) VALUES (25, 21, 1, 0, 0, 2046, 268, 46, 200273.36, 355164.74, 2, '2010-03-09 03:26:07.6050000', '2010-07-17 00:38:34.0040000', '2406 Hidden Hazelwood Cir, Calyon Building, Nashville, Tennessee, 50082', 'UFYSY', 'Huyện Văn Lâm', 'CASH', '(244) 801-4910', 'Hung Yên', 'PENDING', 'INSTORE', '220909', 'Xã Tân Quang')
INSERT dbo.orders(id, customer_id, deleted, delivery_fee, discount, district_id, province_id, staff_id, sub_total, total, voucher_id, created_date, updated_date, address, code, district_name, payment, phone, province_name, status, type, ward_id, ward_name) VALUES (26, 50, 1, 0, 0, 2046, 268, 21, 470565.94, 6.58, 31, '2013-04-14 12:32:19.2770000', '2022-12-28 13:20:27.8790000', '3000 East Sharp Hill Way, Columbia, SC, 19464', 'GSPAI', 'Huyện Văn Lâm', 'CASH', '(125) 331-4435', 'Hung Yên', 'CANCELED', 'INSTORE', '220909', 'Xã Tân Quang')
INSERT dbo.orders(id, customer_id, deleted, delivery_fee, discount, district_id, province_id, staff_id, sub_total, total, voucher_id, created_date, updated_date, address, code, district_name, payment, phone, province_name, status, type, ward_id, ward_name) VALUES (27, 1, 1, 0, 0, 2046, 268, 36, 660770.12, 421527.68, 31, '2003-08-13 19:30:51.0080000', '1976-12-12 03:27:07.8930000', '743 SE Fox Hill Road, STE 93, Juneau, AK, 73284', 'XVPND', 'Huyện Văn Lâm', 'CASH', '(727) 367-3201', 'Hung Yên', 'UNPAID', 'INSTORE', '220909', 'Xã Tân Quang')
INSERT dbo.orders(id, customer_id, deleted, delivery_fee, discount, district_id, province_id, staff_id, sub_total, total, voucher_id, created_date, updated_date, address, code, district_name, payment, phone, province_name, status, type, ward_id, ward_name) VALUES (28, 13, 0, 0, 0, 2046, 268, 29, 0.45, 789524.69, 2, '2002-06-19 00:33:20.4060000', '2015-07-22 16:53:49.6600000', '227 E Stonewood Pkwy, 3rd FL, Montgomery, AL, 55200', 'WKKRA', 'Huyện Văn Lâm', 'TRANSFER', '(548) 750-9546', 'Hung Yên', 'TOSHIP', 'ONLINE', '220909', 'Xã Tân Quang')
INSERT dbo.orders(id, customer_id, deleted, delivery_fee, discount, district_id, province_id, staff_id, sub_total, total, voucher_id, created_date, updated_date, address, code, district_name, payment, phone, province_name, status, type, ward_id, ward_name) VALUES (29, 20, 0, 0, 0, 2046, 268, 9, 48261.69, 765513.64, 29, '1978-09-21 19:49:51.4250000', '2013-01-20 19:25:14.0020000', '3800 Edgewood Loop, Topeka, KS, 15769', 'OQHPK', 'Huyện Văn Lâm', 'TRANSFER', '(721) 328-6114', 'Hung Yên', 'TORECEIVE', 'INSTORE', '220909', 'Xã Tân Quang')
INSERT dbo.orders(id, customer_id, deleted, delivery_fee, discount, district_id, province_id, staff_id, sub_total, total, voucher_id, created_date, updated_date, address, code, district_name, payment, phone, province_name, status, type, ward_id, ward_name) VALUES (30, 8, 1, 0, 0, 2046, 268, 10, 128468.8, 21136.71, 25, '1988-07-01 01:18:53.5800000', '2021-12-06 01:32:47.0000000', '162 Church Avenue, Appartment 52, Santa Fe, New Mexico, 86205', 'XNXTO', 'Huyện Văn Lâm', 'TRANSFER', '(807) 702-4276', 'Hung Yên', 'CANCELED', 'INSTORE', '220909', 'Xã Tân Quang')
INSERT dbo.orders(id, customer_id, deleted, delivery_fee, discount, district_id, province_id, staff_id, sub_total, total, voucher_id, created_date, updated_date, address, code, district_name, payment, phone, province_name, status, type, ward_id, ward_name) VALUES (31, 50, 0, 0, 0, 2046, 268, 8, 685.05, 87714.63, 45, '2022-02-11 14:20:02.5850000', '1975-07-10 15:49:02.4030000', '251 West Deepwood Drive, Superior Building, Des Moines, IA, 44517', 'EYGKH', 'Huyện Văn Lâm', 'TRANSFER', '(409) 780-2298', 'Hung Yên', 'TORECEIVE', 'INSTORE', '220909', 'Xã Tân Quang')
INSERT dbo.orders(id, customer_id, deleted, delivery_fee, discount, district_id, province_id, staff_id, sub_total, total, voucher_id, created_date, updated_date, address, code, district_name, payment, phone, province_name, status, type, ward_id, ward_name) VALUES (32, 21, 1, 0, 0, 2046, 268, 17, 949521.96, 847269.45, 49, '2024-05-18 13:06:55.0000000', '2014-08-15 09:48:25.0090000', '855 Edgewood Road, Standard Building, Harrisburg, PA, 84887', 'AJNPK', 'Huyện Văn Lâm', 'TRANSFER', '(364) 484-7177', 'Hung Yên', 'CANCELED', 'INSTORE', '220909', 'Xã Tân Quang')
INSERT dbo.orders(id, customer_id, deleted, delivery_fee, discount, district_id, province_id, staff_id, sub_total, total, voucher_id, created_date, updated_date, address, code, district_name, payment, phone, province_name, status, type, ward_id, ward_name) VALUES (33, 12, 0, 0, 0, 2046, 268, 15, 37870.58, 90463.26, 42, '1970-09-21 19:53:14.0250000', '1988-12-28 09:18:35.7910000', '804 West Riverside Hwy, Harrisburg, Pennsylvania, 57349', 'ZTZAH', 'Huyện Văn Lâm', 'TRANSFER', '(502) 148-6758', 'Hung Yên', 'PAID', 'INSTORE', '220909', 'Xã Tân Quang')
INSERT dbo.orders(id, customer_id, deleted, delivery_fee, discount, district_id, province_id, staff_id, sub_total, total, voucher_id, created_date, updated_date, address, code, district_name, payment, phone, province_name, status, type, ward_id, ward_name) VALUES (34, 19, 0, 0, 0, 2046, 268, 47, 699634.45, 32.07, 36, '2020-07-18 14:59:27.8320000', '1985-04-03 15:37:05.0780000', '959 Ironwood Circle, STE 627, Bismarck, North Dakota, 32672', 'VFJIM', 'Huyện Văn Lâm', 'TRANSFER', '(344) 983-2689', 'Hung Yên', 'TORECEIVE', 'ONLINE', '220909', 'Xã Tân Quang')
INSERT dbo.orders(id, customer_id, deleted, delivery_fee, discount, district_id, province_id, staff_id, sub_total, total, voucher_id, created_date, updated_date, address, code, district_name, payment, phone, province_name, status, type, ward_id, ward_name) VALUES (35, 23, 0, 0, 0, 2046, 268, 23, 110956.7, 597.61, 42, '1997-02-17 22:29:45.2180000', '2023-03-24 02:31:18.5540000', '3980 N Flintwood Pkwy, Helena, Montana, 30956', 'BQPRU', 'Huyện Văn Lâm', 'CASH', '(462) 778-1884', 'Hung Yên', 'TOSHIP', 'INSTORE', '220909', 'Xã Tân Quang')
INSERT dbo.orders(id, customer_id, deleted, delivery_fee, discount, district_id, province_id, staff_id, sub_total, total, voucher_id, created_date, updated_date, address, code, district_name, payment, phone, province_name, status, type, ward_id, ward_name) VALUES (36, 10, 0, 0, 0, 2046, 268, 18, 845897.61, 861417.59, 7, '1988-07-10 13:00:04.0050000', '2008-03-02 05:52:35.0720000', '12 Lake Ln, Penobscot Bldg, Augusta, Maine, 47919', 'BAUPO', 'Huyện Văn Lâm', 'TRANSFER', '(741) 957-2856', 'Hung Yên', 'TORECEIVE', 'ONLINE', '220909', 'Xã Tân Quang')
INSERT dbo.orders(id, customer_id, deleted, delivery_fee, discount, district_id, province_id, staff_id, sub_total, total, voucher_id, created_date, updated_date, address, code, district_name, payment, phone, province_name, status, type, ward_id, ward_name) VALUES (37, 19, 0, 0, 0, 2046, 268, 50, 8.5, 7975.43, 4, '1976-03-25 03:48:33.8520000', '2007-12-23 22:11:09.8250000', '3078 Bayview Hwy, STE 5513, Hartford, CT, 94888', 'XIEHW', 'Huyện Văn Lâm', 'TRANSFER', '(227) 612-2349', 'Hung Yên', 'DELIVERED', 'ONLINE', '220909', 'Xã Tân Quang')
INSERT dbo.orders(id, customer_id, deleted, delivery_fee, discount, district_id, province_id, staff_id, sub_total, total, voucher_id, created_date, updated_date, address, code, district_name, payment, phone, province_name, status, type, ward_id, ward_name) VALUES (38, 46, 1, 0, 0, 2046, 268, 12, 336.87, 9.74, 25, '2017-01-05 12:27:08.8970000', '1985-04-25 02:54:55.5130000', '3858 New Burwood Road, Guardian Bldg, Juneau, Alaska, 00098', 'JCQKB', 'Huyện Văn Lâm', 'TRANSFER', '(489) 503-2234', 'Hung Yên', 'RETURNED', 'ONLINE', '220909', 'Xã Tân Quang')
INSERT dbo.orders(id, customer_id, deleted, delivery_fee, discount, district_id, province_id, staff_id, sub_total, total, voucher_id, created_date, updated_date, address, code, district_name, payment, phone, province_name, status, type, ward_id, ward_name) VALUES (39, 37, 0, 0, 0, 2046, 268, 11, 666857.6, 354437.58, 44, '2021-08-02 16:37:09.7270000', '2009-06-27 11:27:37.0000000', '932 E Front Drive, Calyon Bldg, Lansing, MI, 30546', 'SUAFR', 'Huyện Văn Lâm', 'TRANSFER', '(296) 307-6577', 'Hung Yên', 'RETURNED', 'ONLINE', '220909', 'Xã Tân Quang')
INSERT dbo.orders(id, customer_id, deleted, delivery_fee, discount, district_id, province_id, staff_id, sub_total, total, voucher_id, created_date, updated_date, address, code, district_name, payment, phone, province_name, status, type, ward_id, ward_name) VALUES (40, 9, 0, 0, 0, 2046, 268, 7, 7.66, 607078.2, 22, '2020-10-22 10:37:00.0350000', '2009-02-01 05:00:41.1350000', '461 Chapel Hill Ct, Plaza Building, Hartford, Connecticut, 32501', 'MXMFS', 'Huyện Văn Lâm', 'TRANSFER', '(865) 720-1123', 'Hung Yên', 'PAID', 'INSTORE', '220909', 'Xã Tân Quang')
INSERT dbo.orders(id, customer_id, deleted, delivery_fee, discount, district_id, province_id, staff_id, sub_total, total, voucher_id, created_date, updated_date, address, code, district_name, payment, phone, province_name, status, type, ward_id, ward_name) VALUES (41, 21, 1, 0, 0, 2046, 268, 46, 643090.52, 641950.76, 43, '2008-04-14 06:37:14.9250000', '2005-03-12 06:00:53.1440000', '429 Old Ironwood Rd, Superior Bldg, Indianapolis, Indiana, 29488', 'IIDJL', 'Huyện Văn Lâm', 'CASH', '(823) 705-8936', 'Hung Yên', 'TOSHIP', 'ONLINE', '220909', 'Xã Tân Quang')
INSERT dbo.orders(id, customer_id, deleted, delivery_fee, discount, district_id, province_id, staff_id, sub_total, total, voucher_id, created_date, updated_date, address, code, district_name, payment, phone, province_name, status, type, ward_id, ward_name) VALUES (42, 25, 0, 0, 0, 2046, 268, 48, 3809.19, 649.39, 49, '2022-08-04 18:15:32.0620000', '2019-09-24 17:36:14.2110000', '58 Ironwood Lane, Concord, NH, 32871', 'DLXXC', 'Huyện Văn Lâm', 'CASH', '(681) 997-2224', 'Hung Yên', 'PAID', 'ONLINE', '220909', 'Xã Tân Quang')
INSERT dbo.orders(id, customer_id, deleted, delivery_fee, discount, district_id, province_id, staff_id, sub_total, total, voucher_id, created_date, updated_date, address, code, district_name, payment, phone, province_name, status, type, ward_id, ward_name) VALUES (43, 47, 0, 0, 0, 2046, 268, 20, 380128.03, 365026.54, 6, '2021-02-15 14:03:00.4140000', '2013-11-09 12:33:02.2080000', '2545 Flintwood St, Salt Lake City, UT, 38528', 'TPLOG', 'Huyện Văn Lâm', 'CASH', '(831) 758-8836', 'Hung Yên', 'PENDING', 'INSTORE', '220909', 'Xã Tân Quang')
INSERT dbo.orders(id, customer_id, deleted, delivery_fee, discount, district_id, province_id, staff_id, sub_total, total, voucher_id, created_date, updated_date, address, code, district_name, payment, phone, province_name, status, type, ward_id, ward_name) VALUES (44, 45, 1, 0, 0, 2046, 268, 4, 699151.96, 1264.96, 9, '2022-04-25 20:36:16.8410000', '2020-10-29 03:29:17.6980000', '3643 S Hazelwood Blvd, 58th FL, Nashville, Tennessee, 59084', 'PRBVL', 'Huyện Văn Lâm', 'CASH', '(764) 706-0605', 'Hung Yên', 'PAID', 'INSTORE', '220909', 'Xã Tân Quang')
INSERT dbo.orders(id, customer_id, deleted, delivery_fee, discount, district_id, province_id, staff_id, sub_total, total, voucher_id, created_date, updated_date, address, code, district_name, payment, phone, province_name, status, type, ward_id, ward_name) VALUES (45, 37, 0, 0, 0, 2046, 268, 43, 678874.46, 476810.32, 8, '2010-01-15 11:21:48.8720000', '1987-12-26 09:23:29.0110000', '357 S Woodland Lane, Jackson, MS, 67590', 'TGGUD', 'Huyện Văn Lâm', 'TRANSFER', '(808) 355-6893', 'Hung Yên', 'TOSHIP', 'INSTORE', '220909', 'Xã Tân Quang')
INSERT dbo.orders(id, customer_id, deleted, delivery_fee, discount, district_id, province_id, staff_id, sub_total, total, voucher_id, created_date, updated_date, address, code, district_name, payment, phone, province_name, status, type, ward_id, ward_name) VALUES (46, 21, 0, 0, 0, 2046, 268, 25, 60902.73, 588516.79, 39, '1995-03-24 11:08:51.0010000', '1978-02-15 08:17:05.0730000', '2157 Deepwood Ct, Judge Building, Annapolis, MD, 17187', 'EFNAD', 'Huyện Văn Lâm', 'CASH', '(696) 959-0246', 'Hung Yên', 'DELIVERED', 'INSTORE', '220909', 'Xã Tân Quang')
INSERT dbo.orders(id, customer_id, deleted, delivery_fee, discount, district_id, province_id, staff_id, sub_total, total, voucher_id, created_date, updated_date, address, code, district_name, payment, phone, province_name, status, type, ward_id, ward_name) VALUES (47, 24, 1, 0, 0, 2046, 268, 20, 767546.66, 613427.53, 5, '2009-09-12 21:25:02.9400000', '1988-07-01 18:41:24.6960000', '3021 North Fox Hill Cir, Jefferson City, Missouri, 25650', 'TUHDO', 'Huyện Văn Lâm', 'CASH', '(891) 826-6487', 'Hung Yên', 'RETURNED', 'ONLINE', '220909', 'Xã Tân Quang')
INSERT dbo.orders(id, customer_id, deleted, delivery_fee, discount, district_id, province_id, staff_id, sub_total, total, voucher_id, created_date, updated_date, address, code, district_name, payment, phone, province_name, status, type, ward_id, ward_name) VALUES (48, 28, 0, 0, 0, 2046, 268, 41, 983970.53, 685.31, 30, '1973-04-20 02:23:32.1660000', '2017-12-31 12:22:03.6810000', '93 New Farmview St, Atlanta, Georgia, 24085', 'GIOLY', 'Huyện Văn Lâm', 'TRANSFER', '(202) 851-8436', 'Hung Yên', 'RETURNED', 'INSTORE', '220909', 'Xã Tân Quang')
INSERT dbo.orders(id, customer_id, deleted, delivery_fee, discount, district_id, province_id, staff_id, sub_total, total, voucher_id, created_date, updated_date, address, code, district_name, payment, phone, province_name, status, type, ward_id, ward_name) VALUES (49, 38, 0, 0, 0, 2046, 268, 6, 61847.67, 349879.08, 7, '2021-06-15 17:32:05.8450000', '1996-07-29 07:16:29.1440000', '3762 Hunting Hill Pkwy, Jackson, MS, 48052', 'GOHGC', 'Huyện Văn Lâm', 'CASH', '(824) 638-0056', 'Hung Yên', 'RETURNED', 'INSTORE', '220909', 'Xã Tân Quang')
INSERT dbo.orders(id, customer_id, deleted, delivery_fee, discount, district_id, province_id, staff_id, sub_total, total, voucher_id, created_date, updated_date, address, code, district_name, payment, phone, province_name, status, type, ward_id, ward_name) VALUES (50, 25, 0, 0, 0, 2046, 268, 36, 680637.7, 967356.4, 44, '1998-09-20 16:32:13.3230000', '1996-03-16 08:48:42.4450000', '2157 New Bayview Ct, Boston, MA, 60495', 'GANZJ', 'Huyện Văn Lâm', 'TRANSFER', '(546) 764-6066', 'Hung Yên', 'PAID', 'ONLINE', '220909', 'Xã Tân Quang')
GO
SET IDENTITY_INSERT dbo.orders OFF
GO

--
-- Inserting data into table [final].[dbo].[address]
--
SET IDENTITY_INSERT dbo.address ON
GO
INSERT dbo.address(id, customer_id, district_id, is_default, province_id, ward_id, created_date, updated_date, detail, district, name, phone, province, ward) VALUES (1, 29, 1, 1, 1, 1, '1980-03-22 11:19:42.3190000', '1999-07-25 13:03:18.9120000', '240 Hidden Front Way', '3303', 'Letha241', '(459) 613-9467', '201', '1B2729')
INSERT dbo.address(id, customer_id, district_id, is_default, province_id, ward_id, created_date, updated_date, detail, district, name, phone, province, ward) VALUES (2, 24, 2, 1, 2, 2, '1970-08-26 16:17:12.4590000', '2003-04-11 01:11:44.6060000', '2948 Stonewood Pkwy', '3303', 'Mollie1975', '(730) 955-6764', '201', '1B2729')
INSERT dbo.address(id, customer_id, district_id, is_default, province_id, ward_id, created_date, updated_date, detail, district, name, phone, province, ward) VALUES (3, 26, 3, 1, 3, 3, '1979-09-17 06:26:03.6250000', '1979-04-19 15:07:09.7440000', '44 West Church Ct', '3303', 'Quintin5', '(681) 747-0352', '201', '1B2729')
INSERT dbo.address(id, customer_id, district_id, is_default, province_id, ward_id, created_date, updated_date, detail, district, name, phone, province, ward) VALUES (4, 2, 4, 0, 4, 4, '1992-09-16 17:24:13.1600000', '1994-06-28 08:29:00.0910000', '3778 Edgewood Highway', '3303', 'Kathern49', '(513) 643-0254', '201', '1B2729')
INSERT dbo.address(id, customer_id, district_id, is_default, province_id, ward_id, created_date, updated_date, detail, district, name, phone, province, ward) VALUES (5, 13, 5, 0, 5, 5, '1976-06-29 22:59:08.5620000', '2012-12-22 19:50:31.9350000', '12 1st Circle', '3303', 'Felisa221', '(776) 960-1978', '201', '1B2729')
INSERT dbo.address(id, customer_id, district_id, is_default, province_id, ward_id, created_date, updated_date, detail, district, name, phone, province, ward) VALUES (6, 9, 6, 1, 6, 6, '1979-05-08 13:54:50.4380000', '2009-11-17 02:20:20.5340000', '3570 Flintwood Parkway', '3303', 'Shenita2027', '(943) 664-5705', '201', '1B2729')
INSERT dbo.address(id, customer_id, district_id, is_default, province_id, ward_id, created_date, updated_date, detail, district, name, phone, province, ward) VALUES (7, 31, 7, 1, 7, 7, '1975-09-30 22:11:46.2270000', '1973-04-21 23:07:17.0040000', '1790 SW Church Avenue', '3303', 'Arnita2004', '(282) 510-9326', '201', '1B2729')
INSERT dbo.address(id, customer_id, district_id, is_default, province_id, ward_id, created_date, updated_date, detail, district, name, phone, province, ward) VALUES (8, 50, 8, 0, 8, 8, '1977-12-28 20:02:58.7060000', '1994-06-05 08:10:55.2990000', '2014 Social Road', '3303', 'Woodrow2009', '(350) 234-6559', '201', '1B2729')
INSERT dbo.address(id, customer_id, district_id, is_default, province_id, ward_id, created_date, updated_date, detail, district, name, phone, province, ward) VALUES (9, 6, 9, 1, 9, 9, '2022-08-12 21:15:09.7100000', '1982-10-14 10:11:20.5360000', '34 Riddle Hill Pkwy', '3303', 'Chantel318', '(157) 934-3116', '201', '1B2729')
INSERT dbo.address(id, customer_id, district_id, is_default, province_id, ward_id, created_date, updated_date, detail, district, name, phone, province, ward) VALUES (10, 46, 10, 0, 10, 10, '1978-11-01 14:57:58.9480000', '2017-06-29 00:31:08.0300000', '65 Waterview Avenue', '3303', 'Aisha2010', '(465) 454-8347', '201', '1B2729')
INSERT dbo.address(id, customer_id, district_id, is_default, province_id, ward_id, created_date, updated_date, detail, district, name, phone, province, ward) VALUES (11, 33, 11, 1, 11, 11, '2002-08-12 02:38:54.0030000', '1974-11-03 16:59:25.5680000', '3760 West Social Parkway', '3303', 'Christopher1976', '(122) 838-0637', '201', '1B2729')
INSERT dbo.address(id, customer_id, district_id, is_default, province_id, ward_id, created_date, updated_date, detail, district, name, phone, province, ward) VALUES (12, 40, 12, 1, 12, 12, '2024-09-07 09:35:35.1830000', '1978-04-01 22:41:46.3740000', '1254 New Cedar Tree Rd', '3303', 'Stephan1976', '(529) 468-6964', '201', '1B2729')
INSERT dbo.address(id, customer_id, district_id, is_default, province_id, ward_id, created_date, updated_date, detail, district, name, phone, province, ward) VALUES (13, 19, 13, 1, 13, 13, '2007-08-19 00:56:59.7900000', '1992-06-17 20:29:39.0080000', '2354 N Cedar Tree Hwy', '3303', 'Brinson972', '(789) 568-6157', '201', '1B2729')
INSERT dbo.address(id, customer_id, district_id, is_default, province_id, ward_id, created_date, updated_date, detail, district, name, phone, province, ward) VALUES (14, 44, 14, 0, 14, 14, '2019-03-12 17:36:46.0770000', '1988-03-23 10:05:21.9420000', '95 North Church Road', '3303', 'Carpenter1994', '(507) 184-2162', '201', '1B2729')
INSERT dbo.address(id, customer_id, district_id, is_default, province_id, ward_id, created_date, updated_date, detail, district, name, phone, province, ward) VALUES (15, 14, 15, 0, 15, 15, '2003-12-18 20:29:29.6380000', '2018-04-21 21:18:19.0070000', '47 W Ashwood Avenue', '3303', 'Doyle2', '(948) 826-7804', '201', '1B2729')
INSERT dbo.address(id, customer_id, district_id, is_default, province_id, ward_id, created_date, updated_date, detail, district, name, phone, province, ward) VALUES (16, 25, 16, 0, 16, 16, '2021-12-13 20:01:27.4050000', '1982-09-30 09:25:06.0080000', '2455 Buttonwood Ln', '3303', 'Johnston1952', '(286) 001-2185', '201', '1B2729')
INSERT dbo.address(id, customer_id, district_id, is_default, province_id, ward_id, created_date, updated_date, detail, district, name, phone, province, ward) VALUES (17, 20, 17, 1, 17, 17, '1974-07-12 22:47:38.6530000', '1978-06-26 18:12:29.4220000', '10 Social Lane', '3303', 'Booker6', '(718) 229-1171', '201', '1B2729')
INSERT dbo.address(id, customer_id, district_id, is_default, province_id, ward_id, created_date, updated_date, detail, district, name, phone, province, ward) VALUES (18, 36, 18, 0, 18, 18, '2024-04-20 08:41:42.9040000', '2024-08-09 21:02:51.4930000', '633 New Parkwood St', '3303', 'Carvalho72', '(659) 832-5274', '201', '1B2729')
INSERT dbo.address(id, customer_id, district_id, is_default, province_id, ward_id, created_date, updated_date, detail, district, name, phone, province, ward) VALUES (19, 16, 19, 0, 19, 19, '1993-05-27 21:25:28.4110000', '1971-01-08 14:22:50.4520000', '2762 Buttonwood Road', '3303', 'Aguilera1993', '(899) 567-0654', '201', '1B2729')
INSERT dbo.address(id, customer_id, district_id, is_default, province_id, ward_id, created_date, updated_date, detail, district, name, phone, province, ward) VALUES (20, 16, 20, 0, 20, 20, '2007-05-26 19:54:21.1990000', '1989-05-09 14:29:23.4810000', '1027 NW Ashwood Cir', '3303', 'Paris2022', '(674) 683-5376', '201', '1B2729')
INSERT dbo.address(id, customer_id, district_id, is_default, province_id, ward_id, created_date, updated_date, detail, district, name, phone, province, ward) VALUES (21, 4, 21, 0, 21, 21, '1993-07-20 12:45:25.3520000', '2020-04-14 13:47:30.0320000', '38 South Mount Highway', '3303', 'Jerrod1982', '(835) 754-7630', '201', '1B2729')
INSERT dbo.address(id, customer_id, district_id, is_default, province_id, ward_id, created_date, updated_date, detail, district, name, phone, province, ward) VALUES (22, 29, 22, 1, 22, 22, '1997-08-29 17:52:53.7530000', '1987-07-08 20:50:05.0120000', '2795 East Lake Ct', '3303', 'Suarez82', '(397) 639-0832', '201', '1B2729')
INSERT dbo.address(id, customer_id, district_id, is_default, province_id, ward_id, created_date, updated_date, detail, district, name, phone, province, ward) VALUES (23, 33, 23, 1, 23, 23, '2013-10-16 06:10:55.5340000', '2006-02-15 05:27:33.3150000', '1063 SW Hope Pkwy', '3303', 'Abreu232', '(878) 889-3248', '201', '1B2729')
INSERT dbo.address(id, customer_id, district_id, is_default, province_id, ward_id, created_date, updated_date, detail, district, name, phone, province, ward) VALUES (24, 10, 24, 1, 24, 24, '1994-06-25 09:23:21.1940000', '1994-04-14 05:19:11.0260000', '3172 Deepwood Blvd', '3303', 'Shank212', '(792) 850-9043', '201', '1B2729')
INSERT dbo.address(id, customer_id, district_id, is_default, province_id, ward_id, created_date, updated_date, detail, district, name, phone, province, ward) VALUES (25, 30, 25, 0, 25, 25, '2000-03-18 01:56:04.3910000', '1992-07-15 06:30:13.0090000', '582 Rushwood Court', '3303', 'Elise28', '(898) 388-9426', '201', '1B2729')
INSERT dbo.address(id, customer_id, district_id, is_default, province_id, ward_id, created_date, updated_date, detail, district, name, phone, province, ward) VALUES (26, 38, 26, 1, 26, 26, '1988-09-13 04:19:24.2500000', '1977-02-07 22:37:16.4100000', '994 SW Glenwood Parkway', '3303', 'Alcala1977', '(365) 356-4078', '201', '1B2729')
INSERT dbo.address(id, customer_id, district_id, is_default, province_id, ward_id, created_date, updated_date, detail, district, name, phone, province, ward) VALUES (27, 34, 27, 0, 27, 27, '2007-07-04 21:06:13.4740000', '1981-02-01 22:21:00.5590000', '1136 SW Ashwood St', '3303', 'Abernathy6', '(861) 549-7247', '201', '1B2729')
INSERT dbo.address(id, customer_id, district_id, is_default, province_id, ward_id, created_date, updated_date, detail, district, name, phone, province, ward) VALUES (28, 9, 28, 1, 28, 28, '1990-06-05 04:29:14.4950000', '1980-07-14 17:28:56.3970000', '36 NE Hunting Hill Way', '3303', 'Lindsey295', '(296) 043-6622', '201', '1B2729')
INSERT dbo.address(id, customer_id, district_id, is_default, province_id, ward_id, created_date, updated_date, detail, district, name, phone, province, ward) VALUES (29, 13, 29, 0, 29, 29, '1976-09-22 01:04:55.5480000', '1975-01-18 17:42:40.1530000', '105 Old Deepwood Lane', '3303', 'Hubert2025', '(461) 654-2968', '201', '1B2729')
INSERT dbo.address(id, customer_id, district_id, is_default, province_id, ward_id, created_date, updated_date, detail, district, name, phone, province, ward) VALUES (30, 7, 30, 0, 30, 30, '2000-02-24 22:51:54.3930000', '1971-03-23 00:42:49.0080000', '777 Pine Tree Pkwy', '3303', 'Paris24', '(463) 980-1962', '201', '1B2729')
INSERT dbo.address(id, customer_id, district_id, is_default, province_id, ward_id, created_date, updated_date, detail, district, name, phone, province, ward) VALUES (31, 23, 31, 0, 31, 31, '2001-08-16 19:30:17.4480000', '2007-05-28 08:16:46.1160000', '75 Riverside Rd', '3303', 'Muncy1', '(113) 450-2756', '201', '1B2729')
INSERT dbo.address(id, customer_id, district_id, is_default, province_id, ward_id, created_date, updated_date, detail, district, name, phone, province, ward) VALUES (32, 30, 32, 0, 32, 32, '2013-01-11 07:46:41.9410000', '2015-01-19 17:38:02.3500000', '3474 New Farmview St', '3303', 'Jestine2015', '(249) 938-5859', '201', '1B2729')
INSERT dbo.address(id, customer_id, district_id, is_default, province_id, ward_id, created_date, updated_date, detail, district, name, phone, province, ward) VALUES (33, 25, 33, 0, 33, 33, '2010-09-29 13:09:43.4340000', '2011-01-12 12:16:39.0200000', '255 Edgewood Street', '3303', 'Alexander3', '(894) 989-7256', '201', '1B2729')
INSERT dbo.address(id, customer_id, district_id, is_default, province_id, ward_id, created_date, updated_date, detail, district, name, phone, province, ward) VALUES (34, 46, 34, 1, 34, 34, '1972-12-26 15:30:24.8570000', '1982-02-09 22:18:32.8890000', '71 Buttonwood Way', '3303', 'Seymour1989', '(134) 228-5449', '201', '1B2729')
INSERT dbo.address(id, customer_id, district_id, is_default, province_id, ward_id, created_date, updated_date, detail, district, name, phone, province, ward) VALUES (35, 41, 35, 0, 35, 35, '1996-01-17 17:35:13.6790000', '2001-12-16 08:19:23.2470000', '2049 North Chapel Hill Street', '3303', 'Lorretta2028', '(896) 756-6541', '201', '1B2729')
INSERT dbo.address(id, customer_id, district_id, is_default, province_id, ward_id, created_date, updated_date, detail, district, name, phone, province, ward) VALUES (36, 40, 36, 0, 36, 36, '2011-08-08 15:51:15.0040000', '1980-01-21 16:55:28.7790000', '81 Old Mountain Ln', '3303', 'Andre58', '(948) 551-7855', '201', '1B2729')
INSERT dbo.address(id, customer_id, district_id, is_default, province_id, ward_id, created_date, updated_date, detail, district, name, phone, province, ward) VALUES (37, 15, 37, 0, 37, 37, '2011-12-07 21:26:16.0070000', '1980-12-16 11:01:10.7820000', '476 Rushwood Pkwy', '3303', 'Carlson9', '(250) 604-2488', '201', '1B2729')
INSERT dbo.address(id, customer_id, district_id, is_default, province_id, ward_id, created_date, updated_date, detail, district, name, phone, province, ward) VALUES (38, 22, 38, 1, 38, 38, '1997-02-20 06:29:00.7430000', '1980-08-08 13:35:45.4470000', '139 Mount Hwy', '3303', 'Jefferies7', '(720) 779-2685', '201', '1B2729')
INSERT dbo.address(id, customer_id, district_id, is_default, province_id, ward_id, created_date, updated_date, detail, district, name, phone, province, ward) VALUES (39, 4, 39, 0, 39, 39, '2016-03-04 02:18:10.8140000', '2005-05-08 12:13:21.1050000', '1296 Beachwood Way', '3303', 'Verona3', '(565) 967-6647', '201', '1B2729')
INSERT dbo.address(id, customer_id, district_id, is_default, province_id, ward_id, created_date, updated_date, detail, district, name, phone, province, ward) VALUES (40, 3, 40, 0, 40, 40, '2010-07-27 16:47:34.0340000', '2002-06-11 19:36:15.5480000', '2052 Mountain Lane', '3303', 'Lanette688', '(748) 936-9702', '201', '1B2729')
INSERT dbo.address(id, customer_id, district_id, is_default, province_id, ward_id, created_date, updated_date, detail, district, name, phone, province, ward) VALUES (41, 23, 41, 1, 41, 41, '1993-07-18 05:16:44.5020000', '1974-04-03 10:56:12.7990000', '2429 Rock Hill Highway', '3303', 'Crystle2000', '(346) 279-2551', '201', '1B2729')
INSERT dbo.address(id, customer_id, district_id, is_default, province_id, ward_id, created_date, updated_date, detail, district, name, phone, province, ward) VALUES (42, 29, 42, 0, 42, 42, '1973-06-28 08:36:10.2800000', '2000-07-24 12:49:17.1570000', '2402 East Rockwood Pkwy', '3303', 'Weston1954', '(153) 446-2344', '201', '1B2729')
INSERT dbo.address(id, customer_id, district_id, is_default, province_id, ward_id, created_date, updated_date, detail, district, name, phone, province, ward) VALUES (43, 32, 43, 0, 43, 43, '1991-04-08 14:52:58.0890000', '1978-03-20 23:57:58.9090000', '685 Rock Hill Loop', '3303', 'Abdul134', '(871) 703-6933', '201', '1B2729')
INSERT dbo.address(id, customer_id, district_id, is_default, province_id, ward_id, created_date, updated_date, detail, district, name, phone, province, ward) VALUES (44, 22, 44, 1, 44, 44, '1979-09-20 11:56:32.5560000', '1995-06-09 02:39:06.9480000', '10 North Highland Blvd', '3303', 'Brigida1989', '(130) 566-1060', '201', '1B2729')
INSERT dbo.address(id, customer_id, district_id, is_default, province_id, ward_id, created_date, updated_date, detail, district, name, phone, province, ward) VALUES (45, 9, 45, 1, 45, 45, '1981-01-24 02:25:32.7350000', '2006-10-03 04:24:51.5740000', '701 Ski Hill Drive', '3303', 'Christian1985', '(852) 645-5229', '201', '1B2729')
INSERT dbo.address(id, customer_id, district_id, is_default, province_id, ward_id, created_date, updated_date, detail, district, name, phone, province, ward) VALUES (46, 34, 46, 0, 46, 46, '1984-02-11 00:12:54.9790000', '1993-05-26 10:58:19.0640000', '2744 New Rock Hill Way', '3303', 'Alberto1984', '(303) 737-0588', '201', '1B2729')
INSERT dbo.address(id, customer_id, district_id, is_default, province_id, ward_id, created_date, updated_date, detail, district, name, phone, province, ward) VALUES (47, 32, 47, 0, 47, 47, '1972-06-28 23:20:27.2280000', '1990-10-16 08:43:25.8290000', '665 SW Waterview Court', '3303', 'Ernesto599', '(542) 738-1744', '201', '1B2729')
INSERT dbo.address(id, customer_id, district_id, is_default, province_id, ward_id, created_date, updated_date, detail, district, name, phone, province, ward) VALUES (48, 6, 48, 1, 48, 48, '2000-08-16 07:49:24.0040000', '1998-08-07 03:18:21.0440000', '11 Rock Hill Hwy', '3303', 'Rivka533', '(307) 844-2142', '201', '1B2729')
INSERT dbo.address(id, customer_id, district_id, is_default, province_id, ward_id, created_date, updated_date, detail, district, name, phone, province, ward) VALUES (49, 22, 49, 1, 49, 49, '2008-06-22 14:41:56.7190000', '2003-07-05 08:12:15.6810000', '802 Oak Blvd', '3303', 'Opal1955', '(705) 905-9161', '201', '1B2729')
INSERT dbo.address(id, customer_id, district_id, is_default, province_id, ward_id, created_date, updated_date, detail, district, name, phone, province, ward) VALUES (50, 29, 50, 1, 50, 50, '1973-05-10 10:39:40.1400000', '1991-11-16 06:53:07.6470000', '2035 Mountain Pkwy', '3303', 'Cornell6', '(267) 504-9171', '201', '1B2729')
GO
SET IDENTITY_INSERT dbo.address OFF
GO

--
-- Inserting data into table [final].[dbo].[cart_detail]
--
SET IDENTITY_INSERT dbo.cart_detail ON
GO
INSERT dbo.cart_detail(id, cart_id, product_detail_id, quantity, created_date, updated_date) VALUES (1, 13, 33, 62, '2008-08-14 15:08:35.3630000', '1973-03-12 16:52:12.5080000')
INSERT dbo.cart_detail(id, cart_id, product_detail_id, quantity, created_date, updated_date) VALUES (2, 29, 37, 60, '1986-03-03 23:22:01.4740000', '2018-10-17 08:16:33.4220000')
INSERT dbo.cart_detail(id, cart_id, product_detail_id, quantity, created_date, updated_date) VALUES (3, 32, 41, 34, '1982-03-29 00:41:02.7010000', '1981-10-29 09:22:08.1470000')
INSERT dbo.cart_detail(id, cart_id, product_detail_id, quantity, created_date, updated_date) VALUES (4, 48, 39, 12, '2008-08-06 11:00:42.0330000', '1998-03-02 18:57:41.0360000')
INSERT dbo.cart_detail(id, cart_id, product_detail_id, quantity, created_date, updated_date) VALUES (5, 12, 38, 25, '1973-02-16 10:36:47.3330000', '2013-01-18 18:18:24.8530000')
INSERT dbo.cart_detail(id, cart_id, product_detail_id, quantity, created_date, updated_date) VALUES (6, 33, 33, 21, '2019-01-16 21:22:11.0010000', '2009-12-07 18:12:44.9990000')
INSERT dbo.cart_detail(id, cart_id, product_detail_id, quantity, created_date, updated_date) VALUES (7, 4, 4, 59, '2006-05-08 14:02:33.2050000', '1970-05-30 07:21:48.8080000')
INSERT dbo.cart_detail(id, cart_id, product_detail_id, quantity, created_date, updated_date) VALUES (8, 4, 15, 23, '2001-01-08 01:24:49.5960000', '1982-03-05 22:52:06.8180000')
INSERT dbo.cart_detail(id, cart_id, product_detail_id, quantity, created_date, updated_date) VALUES (9, 19, 42, 23, '2006-03-30 04:23:53.2790000', '1972-04-30 18:15:45.1680000')
INSERT dbo.cart_detail(id, cart_id, product_detail_id, quantity, created_date, updated_date) VALUES (10, 1, 41, 87, '2024-05-23 22:20:49.0910000', '2004-07-31 07:52:28.0530000')
INSERT dbo.cart_detail(id, cart_id, product_detail_id, quantity, created_date, updated_date) VALUES (11, 48, 31, 1, '1988-01-26 19:13:40.2570000', '1999-01-27 05:50:06.5880000')
INSERT dbo.cart_detail(id, cart_id, product_detail_id, quantity, created_date, updated_date) VALUES (12, 46, 23, 66, '2014-07-03 11:47:10.0130000', '2005-03-06 02:51:59.3220000')
INSERT dbo.cart_detail(id, cart_id, product_detail_id, quantity, created_date, updated_date) VALUES (13, 47, 6, 33, '2012-08-20 18:16:28.8610000', '2013-09-23 10:22:58.7680000')
INSERT dbo.cart_detail(id, cart_id, product_detail_id, quantity, created_date, updated_date) VALUES (14, 26, 29, 72, '2019-11-07 15:51:59.3440000', '1985-06-17 01:52:08.9210000')
INSERT dbo.cart_detail(id, cart_id, product_detail_id, quantity, created_date, updated_date) VALUES (15, 10, 22, 14, '1996-04-09 21:52:32.0980000', '1979-07-09 04:11:50.0180000')
INSERT dbo.cart_detail(id, cart_id, product_detail_id, quantity, created_date, updated_date) VALUES (16, 39, 17, 40, '2020-09-19 13:14:05.2380000', '1990-02-21 11:34:18.0000000')
INSERT dbo.cart_detail(id, cart_id, product_detail_id, quantity, created_date, updated_date) VALUES (17, 19, 49, 8, '1971-05-21 14:17:26.5280000', '1973-05-01 08:59:23.3170000')
INSERT dbo.cart_detail(id, cart_id, product_detail_id, quantity, created_date, updated_date) VALUES (18, 24, 16, 91, '2008-10-19 12:43:44.0060000', '2021-07-11 02:57:31.2860000')
INSERT dbo.cart_detail(id, cart_id, product_detail_id, quantity, created_date, updated_date) VALUES (19, 11, 25, 62, '2004-07-10 21:08:17.0840000', '2023-07-09 05:01:11.5590000')
INSERT dbo.cart_detail(id, cart_id, product_detail_id, quantity, created_date, updated_date) VALUES (20, 42, 47, 39, '2003-02-27 10:20:38.2400000', '1988-11-15 12:07:57.1490000')
INSERT dbo.cart_detail(id, cart_id, product_detail_id, quantity, created_date, updated_date) VALUES (21, 1, 1, 8, '1991-07-29 12:34:21.5650000', '1993-07-19 09:03:24.5500000')
INSERT dbo.cart_detail(id, cart_id, product_detail_id, quantity, created_date, updated_date) VALUES (22, 23, 7, 80, '1994-12-19 04:45:52.7170000', '2002-05-21 19:23:39.0770000')
INSERT dbo.cart_detail(id, cart_id, product_detail_id, quantity, created_date, updated_date) VALUES (23, 25, 32, 32, '1998-07-13 10:15:15.9680000', '1979-12-07 18:44:07.7200000')
INSERT dbo.cart_detail(id, cart_id, product_detail_id, quantity, created_date, updated_date) VALUES (24, 24, 21, 90, '2001-04-23 00:55:31.1990000', '1997-09-20 20:02:12.0690000')
INSERT dbo.cart_detail(id, cart_id, product_detail_id, quantity, created_date, updated_date) VALUES (25, 32, 45, 64, '2019-07-06 07:10:40.5800000', '1975-01-16 23:58:54.3920000')
INSERT dbo.cart_detail(id, cart_id, product_detail_id, quantity, created_date, updated_date) VALUES (26, 7, 30, 2, '2014-10-06 03:55:33.9510000', '1972-12-23 15:32:02.0090000')
INSERT dbo.cart_detail(id, cart_id, product_detail_id, quantity, created_date, updated_date) VALUES (27, 34, 49, 54, '1992-11-12 18:01:43.6520000', '2005-08-03 01:38:13.1350000')
INSERT dbo.cart_detail(id, cart_id, product_detail_id, quantity, created_date, updated_date) VALUES (28, 24, 31, 35, '2008-12-08 05:53:22.2820000', '2015-04-12 21:20:29.9190000')
INSERT dbo.cart_detail(id, cart_id, product_detail_id, quantity, created_date, updated_date) VALUES (29, 25, 32, 1, '1979-12-31 15:30:03.6590000', '2001-02-24 20:31:14.0090000')
INSERT dbo.cart_detail(id, cart_id, product_detail_id, quantity, created_date, updated_date) VALUES (30, 2, 37, 38, '1979-04-03 12:19:55.3570000', '1991-01-12 18:12:14.0410000')
INSERT dbo.cart_detail(id, cart_id, product_detail_id, quantity, created_date, updated_date) VALUES (31, 16, 32, 5, '1982-06-26 21:34:35.3950000', '2000-05-11 11:37:32.3710000')
INSERT dbo.cart_detail(id, cart_id, product_detail_id, quantity, created_date, updated_date) VALUES (32, 25, 19, 26, '2022-12-08 19:42:06.6700000', '2001-02-21 05:18:47.4370000')
INSERT dbo.cart_detail(id, cart_id, product_detail_id, quantity, created_date, updated_date) VALUES (33, 25, 38, 78, '2020-12-11 17:12:05.7620000', '1983-04-14 13:48:24.1440000')
INSERT dbo.cart_detail(id, cart_id, product_detail_id, quantity, created_date, updated_date) VALUES (34, 24, 31, 78, '1971-01-12 15:20:49.0030000', '1987-02-18 07:17:32.5080000')
INSERT dbo.cart_detail(id, cart_id, product_detail_id, quantity, created_date, updated_date) VALUES (35, 28, 25, 64, '1993-04-24 15:29:45.0090000', '2008-07-25 14:32:04.9220000')
INSERT dbo.cart_detail(id, cart_id, product_detail_id, quantity, created_date, updated_date) VALUES (36, 24, 42, 83, '1971-04-17 02:35:56.2730000', '2000-02-09 17:56:20.2050000')
INSERT dbo.cart_detail(id, cart_id, product_detail_id, quantity, created_date, updated_date) VALUES (37, 11, 4, 43, '2023-08-23 10:18:35.0520000', '2020-03-17 23:35:25.9880000')
INSERT dbo.cart_detail(id, cart_id, product_detail_id, quantity, created_date, updated_date) VALUES (38, 23, 37, 1, '1982-11-03 13:00:32.5350000', '1971-06-26 22:01:15.5530000')
INSERT dbo.cart_detail(id, cart_id, product_detail_id, quantity, created_date, updated_date) VALUES (39, 39, 24, 48, '1981-05-22 08:02:14.4140000', '2016-05-05 01:32:05.3380000')
INSERT dbo.cart_detail(id, cart_id, product_detail_id, quantity, created_date, updated_date) VALUES (40, 27, 43, 8, '1995-09-21 16:06:09.8930000', '1973-09-15 04:32:37.5330000')
INSERT dbo.cart_detail(id, cart_id, product_detail_id, quantity, created_date, updated_date) VALUES (41, 43, 44, 85, '2018-05-21 21:50:08.0900000', '2001-12-12 01:06:28.4930000')
INSERT dbo.cart_detail(id, cart_id, product_detail_id, quantity, created_date, updated_date) VALUES (42, 49, 44, 24, '1988-07-02 13:44:52.5700000', '1999-07-02 18:00:33.0030000')
INSERT dbo.cart_detail(id, cart_id, product_detail_id, quantity, created_date, updated_date) VALUES (43, 14, 25, 99, '2008-07-01 10:52:35.7730000', '2008-09-08 04:16:27.1910000')
INSERT dbo.cart_detail(id, cart_id, product_detail_id, quantity, created_date, updated_date) VALUES (44, 7, 50, 27, '2024-02-01 09:24:32.4350000', '2018-07-18 03:44:10.8560000')
INSERT dbo.cart_detail(id, cart_id, product_detail_id, quantity, created_date, updated_date) VALUES (45, 10, 50, 78, '1984-03-22 09:33:04.4750000', '2010-02-05 23:42:03.2870000')
INSERT dbo.cart_detail(id, cart_id, product_detail_id, quantity, created_date, updated_date) VALUES (46, 13, 30, 33, '2016-10-25 15:58:25.4080000', '1997-06-15 01:40:18.9940000')
INSERT dbo.cart_detail(id, cart_id, product_detail_id, quantity, created_date, updated_date) VALUES (47, 20, 8, 8, '1995-12-13 13:25:27.9700000', '2019-08-29 06:22:08.1150000')
INSERT dbo.cart_detail(id, cart_id, product_detail_id, quantity, created_date, updated_date) VALUES (48, 26, 37, 26, '2017-07-15 08:54:37.0090000', '2016-04-07 18:10:37.4330000')
INSERT dbo.cart_detail(id, cart_id, product_detail_id, quantity, created_date, updated_date) VALUES (49, 37, 29, 21, '2022-04-08 19:58:03.2010000', '2020-03-14 07:19:46.3470000')
INSERT dbo.cart_detail(id, cart_id, product_detail_id, quantity, created_date, updated_date) VALUES (50, 6, 24, 66, '2013-11-26 16:20:22.5120000', '2002-07-02 21:10:40.0080000')
GO
SET IDENTITY_INSERT dbo.cart_detail OFF
GO

--
-- Inserting data into table [final].[dbo].[history]
--
SET IDENTITY_INSERT dbo.history ON
GO
INSERT dbo.history(id, order_id, created_date, updated_date, created_by, note, status) VALUES (1, 45, '1987-08-26 10:14:02.5200000', '2009-02-17 22:03:23.9420000', 'Kory Burton', 'LHJOX', 'TOSHIP')
INSERT dbo.history(id, order_id, created_date, updated_date, created_by, note, status) VALUES (2, 15, '1972-03-03 19:37:07.7290000', '1975-11-05 15:15:55.1270000', 'Nedra Lewis', 'YNIYU', 'TORECEIVE')
INSERT dbo.history(id, order_id, created_date, updated_date, created_by, note, status) VALUES (3, 34, '2018-02-18 20:51:52.9400000', '1986-12-06 23:42:38.3330000', 'Sade Tapia', 'OWBKM', 'PAID')
INSERT dbo.history(id, order_id, created_date, updated_date, created_by, note, status) VALUES (4, 1, '1972-07-12 02:25:35.1330000', '1976-04-06 13:01:29.9470000', 'Addie Ferguson', 'TDZCH', 'PENDING')
INSERT dbo.history(id, order_id, created_date, updated_date, created_by, note, status) VALUES (5, 28, '1985-06-17 18:43:01.7220000', '2022-06-19 21:53:51.0090000', 'Christel Abney', 'RMUMN', 'CANCELED')
INSERT dbo.history(id, order_id, created_date, updated_date, created_by, note, status) VALUES (6, 25, '2017-05-20 19:38:27.6300000', '1975-01-22 14:58:20.0310000', 'Barry Golden', 'KWRIV', 'TORECEIVE')
INSERT dbo.history(id, order_id, created_date, updated_date, created_by, note, status) VALUES (7, 49, '1992-04-08 22:22:53.5690000', '1990-11-11 11:00:04.4820000', 'Alethea Ma', 'WLJAG', 'TORECEIVE')
INSERT dbo.history(id, order_id, created_date, updated_date, created_by, note, status) VALUES (8, 32, '1977-02-20 10:03:07.7500000', '2013-09-26 03:04:40.0350000', 'Paul Summers', 'SGABQ', 'PENDING')
INSERT dbo.history(id, order_id, created_date, updated_date, created_by, note, status) VALUES (9, 35, '2002-03-01 19:45:59.7240000', '1976-02-10 23:18:57.5490000', 'Lesley Durden', 'GQBCV', 'RETURNED')
INSERT dbo.history(id, order_id, created_date, updated_date, created_by, note, status) VALUES (10, 23, '1974-07-28 06:44:06.2320000', '1985-04-23 15:31:43.0060000', 'Ashlyn Palma', 'PBCYQ', 'DELIVERED')
INSERT dbo.history(id, order_id, created_date, updated_date, created_by, note, status) VALUES (11, 27, '2004-04-21 00:31:55.8780000', '1986-01-25 18:02:21.1110000', 'Deon Castle', 'WWLUQ', 'RETURNED')
INSERT dbo.history(id, order_id, created_date, updated_date, created_by, note, status) VALUES (12, 14, '1974-11-01 10:16:17.9420000', '1995-12-18 00:43:52.4040000', 'Abel Eddy', 'BFZWY', 'TOSHIP')
INSERT dbo.history(id, order_id, created_date, updated_date, created_by, note, status) VALUES (13, 31, '2019-05-06 07:19:29.8310000', '1975-09-29 10:41:01.6000000', 'Manie Wahl', 'QUOVD', 'UNPAID')
INSERT dbo.history(id, order_id, created_date, updated_date, created_by, note, status) VALUES (14, 48, '1979-12-15 04:31:08.9080000', '1978-11-13 17:19:07.5520000', 'Kristel Duncan', 'TTPTI', 'TORECEIVE')
INSERT dbo.history(id, order_id, created_date, updated_date, created_by, note, status) VALUES (15, 10, '1989-05-21 19:11:47.3300000', '2016-05-13 11:14:55.3620000', 'Bernardine Edmonds', 'IOSST', 'TORECEIVE')
INSERT dbo.history(id, order_id, created_date, updated_date, created_by, note, status) VALUES (16, 6, '2020-10-15 17:07:27.0040000', '2012-10-03 13:33:32.0030000', 'Abram Waller', 'DKTCE', 'PENDING')
INSERT dbo.history(id, order_id, created_date, updated_date, created_by, note, status) VALUES (17, 22, '2024-03-02 21:49:28.0500000', '2024-01-24 19:01:14.8920000', 'Aubrey Abernathy', 'BEQAH', 'PAID')
INSERT dbo.history(id, order_id, created_date, updated_date, created_by, note, status) VALUES (18, 14, '2020-06-26 22:57:56.5870000', '1972-12-22 17:57:30.3740000', 'Ian Link', 'HJMRL', 'TOSHIP')
INSERT dbo.history(id, order_id, created_date, updated_date, created_by, note, status) VALUES (19, 26, '2021-11-08 03:00:32.0050000', '2001-07-09 00:17:08.7360000', 'Danille Willey', 'QJHTE', 'TOSHIP')
INSERT dbo.history(id, order_id, created_date, updated_date, created_by, note, status) VALUES (20, 13, '2016-10-04 04:54:06.8640000', '1979-10-16 17:56:16.6400000', 'Hugh Rubio', 'HVHZU', 'PAID')
INSERT dbo.history(id, order_id, created_date, updated_date, created_by, note, status) VALUES (21, 43, '2008-10-11 04:01:59.5040000', '2000-08-21 09:15:39.0190000', 'Amanda Hawk', 'QKABT', 'CANCELED')
INSERT dbo.history(id, order_id, created_date, updated_date, created_by, note, status) VALUES (22, 16, '2008-12-05 03:03:52.4960000', '2004-02-10 00:29:01.0760000', 'Dave Alston', 'ABMAV', 'RETURNED')
INSERT dbo.history(id, order_id, created_date, updated_date, created_by, note, status) VALUES (23, 29, '1970-10-30 05:14:54.0020000', '1989-08-12 01:25:29.6980000', 'Junko Godwin', 'ENKCC', 'DELIVERED')
INSERT dbo.history(id, order_id, created_date, updated_date, created_by, note, status) VALUES (24, 26, '1995-12-11 18:30:53.0200000', '1992-10-05 23:22:05.7930000', 'Shantelle Abel', 'EMLBD', 'PENDING')
INSERT dbo.history(id, order_id, created_date, updated_date, created_by, note, status) VALUES (25, 32, '1985-07-13 10:38:07.3540000', '1993-12-13 07:58:38.0740000', 'Janette Turner', 'HSOCU', 'TOSHIP')
INSERT dbo.history(id, order_id, created_date, updated_date, created_by, note, status) VALUES (26, 12, '2009-04-21 17:24:10.3490000', '1992-07-27 18:50:12.0330000', 'Samuel Anders', 'YHJXP', 'RETURNED')
INSERT dbo.history(id, order_id, created_date, updated_date, created_by, note, status) VALUES (27, 44, '1984-04-25 09:54:51.1620000', '2001-06-01 06:25:08.1990000', 'Narcisa Guillory', 'HDHMD', 'CANCELED')
INSERT dbo.history(id, order_id, created_date, updated_date, created_by, note, status) VALUES (28, 7, '2003-03-16 10:55:33.6510000', '2005-12-25 17:31:24.5760000', 'Neal Burris', 'PBPGO', 'CANCELED')
INSERT dbo.history(id, order_id, created_date, updated_date, created_by, note, status) VALUES (29, 46, '2009-03-10 15:55:09.0520000', '2014-07-01 07:58:00.2350000', 'Edwina Bellamy', 'QVRHF', 'TOSHIP')
INSERT dbo.history(id, order_id, created_date, updated_date, created_by, note, status) VALUES (30, 16, '2022-11-09 03:50:05.0060000', '2004-01-06 23:10:50.6960000', 'Florence Ackerman', 'EJNGZ', 'PAID')
INSERT dbo.history(id, order_id, created_date, updated_date, created_by, note, status) VALUES (31, 17, '2003-10-09 01:56:56.0360000', '1974-12-02 08:53:19.0100000', 'Alphonso Wyatt', 'ETZWU', 'UNPAID')
INSERT dbo.history(id, order_id, created_date, updated_date, created_by, note, status) VALUES (32, 42, '2024-05-20 11:40:12.9270000', '1984-07-18 08:14:14.4550000', 'Adam Cohen', 'JOCPV', 'UNPAID')
INSERT dbo.history(id, order_id, created_date, updated_date, created_by, note, status) VALUES (33, 40, '2022-08-13 14:29:15.0010000', '2024-03-20 04:12:58.0020000', 'Harland Furr', 'LEHDS', 'PAID')
INSERT dbo.history(id, order_id, created_date, updated_date, created_by, note, status) VALUES (34, 37, '2015-06-04 00:22:21.3650000', '1971-08-21 04:29:26.1180000', 'Corey Jolley', 'HCSNA', 'TORECEIVE')
INSERT dbo.history(id, order_id, created_date, updated_date, created_by, note, status) VALUES (35, 27, '2022-11-13 07:25:52.3760000', '2015-02-18 19:49:59.6910000', 'Lelia Valencia', 'GKVSW', 'RETURNED')
INSERT dbo.history(id, order_id, created_date, updated_date, created_by, note, status) VALUES (36, 13, '1993-10-01 22:09:27.0040000', '1990-07-07 22:43:26.1290000', 'Seymour Addison', 'UWRXZ', 'TOSHIP')
INSERT dbo.history(id, order_id, created_date, updated_date, created_by, note, status) VALUES (37, 45, '1973-09-27 10:23:46.5990000', '1980-06-20 09:06:17.7960000', 'Kelsi Freitas', 'KZKZR', 'RETURNED')
INSERT dbo.history(id, order_id, created_date, updated_date, created_by, note, status) VALUES (38, 45, '2008-04-13 01:34:20.4050000', '2000-06-06 18:57:21.9680000', 'Alejandro Rawls', 'LBDPE', 'TORECEIVE')
INSERT dbo.history(id, order_id, created_date, updated_date, created_by, note, status) VALUES (39, 39, '2023-09-20 11:22:00.0710000', '2004-03-28 09:18:29.4360000', 'Bernie Chun', 'ORSXC', 'RETURNED')
INSERT dbo.history(id, order_id, created_date, updated_date, created_by, note, status) VALUES (40, 13, '2006-08-01 17:57:29.0510000', '1994-05-03 11:31:39.0090000', 'Issac Beers', 'DVPLC', 'TORECEIVE')
INSERT dbo.history(id, order_id, created_date, updated_date, created_by, note, status) VALUES (41, 50, '1971-01-27 23:38:36.6000000', '1971-05-12 22:46:06.0090000', 'Antone Maclean', 'CFHPO', 'TOSHIP')
INSERT dbo.history(id, order_id, created_date, updated_date, created_by, note, status) VALUES (42, 34, '1972-12-19 09:24:49.3250000', '2024-03-26 15:09:40.1930000', 'Karyl Adame', 'PBDOW', 'UNPAID')
INSERT dbo.history(id, order_id, created_date, updated_date, created_by, note, status) VALUES (43, 16, '2017-11-20 13:16:40.2470000', '1981-10-26 02:10:52.3580000', 'Doug Pollard', 'YXYHD', 'TORECEIVE')
INSERT dbo.history(id, order_id, created_date, updated_date, created_by, note, status) VALUES (44, 22, '2022-09-10 15:11:08.2250000', '1981-10-19 20:04:59.0980000', 'Garry Mahan', 'ROIVF', 'PAID')
INSERT dbo.history(id, order_id, created_date, updated_date, created_by, note, status) VALUES (45, 9, '2001-03-06 04:21:05.9620000', '1993-02-26 08:14:48.7190000', 'Beula Creech', 'RGTQZ', 'DELIVERED')
INSERT dbo.history(id, order_id, created_date, updated_date, created_by, note, status) VALUES (46, 19, '1982-06-23 02:34:11.0050000', '1994-07-26 09:27:37.8380000', 'Kimberely Wilde', 'VKQJK', 'CANCELED')
INSERT dbo.history(id, order_id, created_date, updated_date, created_by, note, status) VALUES (47, 14, '2017-10-30 19:29:39.7280000', '1987-08-14 13:43:39.3220000', 'Betsy Abney', 'WSPAQ', 'DELIVERED')
INSERT dbo.history(id, order_id, created_date, updated_date, created_by, note, status) VALUES (48, 5, '2023-12-18 23:42:44.8600000', '2012-03-23 14:40:52.0690000', 'Aida Batson', 'DXUIM', 'UNPAID')
INSERT dbo.history(id, order_id, created_date, updated_date, created_by, note, status) VALUES (49, 37, '2000-02-08 20:06:29.0680000', '2011-07-21 11:21:18.5970000', 'Leandro Amato', 'PRHNP', 'UNPAID')
INSERT dbo.history(id, order_id, created_date, updated_date, created_by, note, status) VALUES (50, 38, '1974-01-14 22:35:52.3340000', '2009-12-28 12:56:52.6860000', 'Taisha Brower', 'FMWIQ', 'TORECEIVE')
GO
SET IDENTITY_INSERT dbo.history OFF
GO

--
-- Inserting data into table [final].[dbo].[order_detail]
--
SET IDENTITY_INSERT dbo.order_detail ON
GO
INSERT dbo.order_detail(id, deleted, order_id, product_detail_id, quantity, created_date, updated_date) VALUES (1, 1, 16, 49, 37, '1994-08-19 22:44:58.0300000', '2016-02-12 10:34:19.0400000')
INSERT dbo.order_detail(id, deleted, order_id, product_detail_id, quantity, created_date, updated_date) VALUES (2, 0, 21, 5, 1, '1978-10-23 14:57:19.4000000', '2011-05-14 03:20:27.9950000')
INSERT dbo.order_detail(id, deleted, order_id, product_detail_id, quantity, created_date, updated_date) VALUES (3, 0, 20, 40, 70, '1986-07-17 03:04:36.3040000', '1992-01-06 19:22:15.4180000')
INSERT dbo.order_detail(id, deleted, order_id, product_detail_id, quantity, created_date, updated_date) VALUES (4, 0, 14, 13, 88, '1994-09-07 03:10:26.4030000', '2020-11-14 11:59:40.5250000')
INSERT dbo.order_detail(id, deleted, order_id, product_detail_id, quantity, created_date, updated_date) VALUES (5, 1, 2, 49, 41, '1999-08-24 11:19:35.5560000', '1996-07-24 08:15:49.2650000')
INSERT dbo.order_detail(id, deleted, order_id, product_detail_id, quantity, created_date, updated_date) VALUES (6, 0, 23, 35, 37, '1995-10-19 13:35:35.0080000', '1981-05-29 00:10:12.6530000')
INSERT dbo.order_detail(id, deleted, order_id, product_detail_id, quantity, created_date, updated_date) VALUES (7, 0, 6, 9, 60, '2014-08-29 13:44:27.1210000', '1972-02-17 10:02:39.0560000')
INSERT dbo.order_detail(id, deleted, order_id, product_detail_id, quantity, created_date, updated_date) VALUES (8, 1, 38, 11, 84, '1992-11-01 00:32:03.3190000', '2002-01-16 01:37:03.4780000')
INSERT dbo.order_detail(id, deleted, order_id, product_detail_id, quantity, created_date, updated_date) VALUES (9, 0, 7, 28, 46, '1995-03-13 00:32:04.0030000', '1999-08-14 14:20:44.0120000')
INSERT dbo.order_detail(id, deleted, order_id, product_detail_id, quantity, created_date, updated_date) VALUES (10, 1, 20, 22, 2, '2017-01-18 01:34:36.5720000', '1982-05-26 12:40:26.2780000')
INSERT dbo.order_detail(id, deleted, order_id, product_detail_id, quantity, created_date, updated_date) VALUES (11, 0, 1, 24, 52, '1993-09-14 07:19:08.3240000', '2004-01-18 17:40:53.3050000')
INSERT dbo.order_detail(id, deleted, order_id, product_detail_id, quantity, created_date, updated_date) VALUES (12, 1, 17, 28, 46, '1990-09-25 16:23:29.0970000', '1992-08-23 07:56:12.1250000')
INSERT dbo.order_detail(id, deleted, order_id, product_detail_id, quantity, created_date, updated_date) VALUES (13, 1, 30, 41, 58, '1995-12-01 23:15:49.2530000', '2002-03-01 12:56:35.7540000')
INSERT dbo.order_detail(id, deleted, order_id, product_detail_id, quantity, created_date, updated_date) VALUES (14, 0, 28, 8, 91, '1987-08-18 01:04:00.4060000', '1996-10-26 09:21:43.6250000')
INSERT dbo.order_detail(id, deleted, order_id, product_detail_id, quantity, created_date, updated_date) VALUES (15, 0, 15, 12, 87, '1979-11-12 17:06:22.4850000', '2008-06-21 08:54:40.0690000')
INSERT dbo.order_detail(id, deleted, order_id, product_detail_id, quantity, created_date, updated_date) VALUES (16, 1, 40, 44, 7, '1984-06-11 23:13:37.0070000', '1997-12-02 20:14:05.9330000')
INSERT dbo.order_detail(id, deleted, order_id, product_detail_id, quantity, created_date, updated_date) VALUES (17, 0, 12, 8, 37, '1986-09-07 19:37:42.0810000', '2022-01-21 14:27:48.8020000')
INSERT dbo.order_detail(id, deleted, order_id, product_detail_id, quantity, created_date, updated_date) VALUES (18, 0, 48, 30, 10, '1983-07-11 09:54:58.0800000', '2013-12-12 16:43:24.6860000')
INSERT dbo.order_detail(id, deleted, order_id, product_detail_id, quantity, created_date, updated_date) VALUES (19, 1, 2, 3, 65, '2007-05-10 20:48:03.0210000', '1994-06-11 03:28:02.0530000')
INSERT dbo.order_detail(id, deleted, order_id, product_detail_id, quantity, created_date, updated_date) VALUES (20, 0, 2, 5, 63, '1974-02-04 22:04:11.9440000', '2007-11-30 07:37:31.7400000')
INSERT dbo.order_detail(id, deleted, order_id, product_detail_id, quantity, created_date, updated_date) VALUES (21, 1, 28, 39, 5, '2002-12-28 21:53:57.5880000', '1983-10-21 04:33:01.2690000')
INSERT dbo.order_detail(id, deleted, order_id, product_detail_id, quantity, created_date, updated_date) VALUES (22, 0, 8, 36, 38, '2005-07-22 08:46:10.6580000', '2010-12-31 20:30:17.3400000')
INSERT dbo.order_detail(id, deleted, order_id, product_detail_id, quantity, created_date, updated_date) VALUES (23, 1, 6, 45, 15, '1988-10-30 07:14:27.5540000', '2024-03-30 23:26:13.8440000')
INSERT dbo.order_detail(id, deleted, order_id, product_detail_id, quantity, created_date, updated_date) VALUES (24, 1, 27, 34, 97, '1975-04-07 06:17:23.3480000', '1975-05-26 08:08:06.2140000')
INSERT dbo.order_detail(id, deleted, order_id, product_detail_id, quantity, created_date, updated_date) VALUES (25, 1, 41, 29, 81, '1989-12-24 04:21:50.7900000', '2007-08-23 19:17:26.4050000')
INSERT dbo.order_detail(id, deleted, order_id, product_detail_id, quantity, created_date, updated_date) VALUES (26, 0, 36, 18, 48, '2022-01-21 06:16:25.0900000', '2021-04-06 06:34:39.0650000')
INSERT dbo.order_detail(id, deleted, order_id, product_detail_id, quantity, created_date, updated_date) VALUES (27, 0, 18, 1, 6, '2014-09-21 14:36:57.6150000', '1999-05-10 07:04:58.7580000')
INSERT dbo.order_detail(id, deleted, order_id, product_detail_id, quantity, created_date, updated_date) VALUES (28, 0, 7, 16, 22, '1982-07-24 02:19:18.0090000', '2019-05-16 22:07:41.7110000')
INSERT dbo.order_detail(id, deleted, order_id, product_detail_id, quantity, created_date, updated_date) VALUES (29, 1, 28, 25, 53, '2014-09-21 18:35:43.9560000', '1979-02-24 21:12:33.9440000')
INSERT dbo.order_detail(id, deleted, order_id, product_detail_id, quantity, created_date, updated_date) VALUES (30, 1, 41, 17, 88, '2014-05-07 09:31:51.0980000', '1993-09-04 15:05:10.6480000')
INSERT dbo.order_detail(id, deleted, order_id, product_detail_id, quantity, created_date, updated_date) VALUES (31, 1, 4, 24, 65, '1984-07-28 15:32:59.4180000', '2009-10-17 08:13:35.7990000')
INSERT dbo.order_detail(id, deleted, order_id, product_detail_id, quantity, created_date, updated_date) VALUES (32, 0, 21, 17, 38, '2005-03-12 18:10:28.0830000', '1982-09-03 19:30:00.5990000')
INSERT dbo.order_detail(id, deleted, order_id, product_detail_id, quantity, created_date, updated_date) VALUES (33, 0, 6, 39, 80, '2019-04-06 00:10:40.2940000', '2005-08-06 11:47:09.0080000')
INSERT dbo.order_detail(id, deleted, order_id, product_detail_id, quantity, created_date, updated_date) VALUES (34, 0, 31, 6, 1, '2015-03-24 20:46:26.4590000', '1979-08-16 05:40:48.0160000')
INSERT dbo.order_detail(id, deleted, order_id, product_detail_id, quantity, created_date, updated_date) VALUES (35, 1, 10, 40, 38, '1987-10-20 00:05:31.3950000', '1978-02-14 14:53:35.0980000')
INSERT dbo.order_detail(id, deleted, order_id, product_detail_id, quantity, created_date, updated_date) VALUES (36, 0, 14, 25, 5, '2010-01-03 07:52:39.0780000', '1987-02-12 22:58:40.6460000')
INSERT dbo.order_detail(id, deleted, order_id, product_detail_id, quantity, created_date, updated_date) VALUES (37, 0, 16, 47, 9, '1971-03-18 00:26:09.3180000', '2019-02-02 04:17:22.3390000')
INSERT dbo.order_detail(id, deleted, order_id, product_detail_id, quantity, created_date, updated_date) VALUES (38, 0, 7, 23, 4, '1989-11-11 08:07:51.4330000', '1993-02-28 15:48:54.0870000')
INSERT dbo.order_detail(id, deleted, order_id, product_detail_id, quantity, created_date, updated_date) VALUES (39, 1, 9, 8, 7, '2014-10-21 11:45:44.0520000', '2014-12-16 18:16:45.1550000')
INSERT dbo.order_detail(id, deleted, order_id, product_detail_id, quantity, created_date, updated_date) VALUES (40, 0, 30, 8, 78, '1985-06-16 17:09:11.0800000', '1996-06-13 04:38:31.6950000')
INSERT dbo.order_detail(id, deleted, order_id, product_detail_id, quantity, created_date, updated_date) VALUES (41, 0, 49, 28, 7, '2020-02-28 17:08:50.0080000', '2019-10-28 08:59:52.4600000')
INSERT dbo.order_detail(id, deleted, order_id, product_detail_id, quantity, created_date, updated_date) VALUES (42, 1, 27, 46, 1, '1994-08-03 18:30:53.0500000', '1988-07-29 18:29:15.2930000')
INSERT dbo.order_detail(id, deleted, order_id, product_detail_id, quantity, created_date, updated_date) VALUES (43, 0, 10, 15, 91, '2000-04-04 11:17:30.3020000', '1980-03-27 15:45:38.4960000')
INSERT dbo.order_detail(id, deleted, order_id, product_detail_id, quantity, created_date, updated_date) VALUES (44, 0, 30, 19, 51, '2016-02-28 08:31:39.7690000', '2012-06-17 01:40:38.9210000')
INSERT dbo.order_detail(id, deleted, order_id, product_detail_id, quantity, created_date, updated_date) VALUES (45, 0, 50, 8, 99, '2022-09-27 04:38:20.3360000', '2002-05-23 22:16:51.7630000')
INSERT dbo.order_detail(id, deleted, order_id, product_detail_id, quantity, created_date, updated_date) VALUES (46, 0, 9, 9, 8, '2018-05-16 15:10:37.4580000', '1999-05-05 17:18:37.3250000')
INSERT dbo.order_detail(id, deleted, order_id, product_detail_id, quantity, created_date, updated_date) VALUES (47, 0, 45, 27, 69, '1972-06-15 16:29:30.8310000', '1979-11-01 19:40:42.2790000')
INSERT dbo.order_detail(id, deleted, order_id, product_detail_id, quantity, created_date, updated_date) VALUES (48, 0, 47, 8, 8, '2001-03-15 02:34:52.7370000', '2013-03-10 16:23:54.9260000')
INSERT dbo.order_detail(id, deleted, order_id, product_detail_id, quantity, created_date, updated_date) VALUES (49, 1, 45, 7, 75, '1979-12-07 04:53:01.0030000', '2012-03-27 03:55:40.1950000')
INSERT dbo.order_detail(id, deleted, order_id, product_detail_id, quantity, created_date, updated_date) VALUES (50, 1, 9, 17, 46, '2006-11-01 13:55:59.0020000', '1997-05-05 03:24:00.0860000')
GO
SET IDENTITY_INSERT dbo.order_detail OFF
GO

--
-- Inserting data into table [final].[dbo].[voucher_customer]
--
INSERT dbo.voucher_customer(customer_id, voucher_id) VALUES (37, 41)
INSERT dbo.voucher_customer(customer_id, voucher_id) VALUES (32, 41)
INSERT dbo.voucher_customer(customer_id, voucher_id) VALUES (14, 5)
INSERT dbo.voucher_customer(customer_id, voucher_id) VALUES (15, 50)
INSERT dbo.voucher_customer(customer_id, voucher_id) VALUES (28, 14)
INSERT dbo.voucher_customer(customer_id, voucher_id) VALUES (37, 23)
INSERT dbo.voucher_customer(customer_id, voucher_id) VALUES (25, 44)
INSERT dbo.voucher_customer(customer_id, voucher_id) VALUES (19, 20)
INSERT dbo.voucher_customer(customer_id, voucher_id) VALUES (22, 3)
INSERT dbo.voucher_customer(customer_id, voucher_id) VALUES (31, 36)
INSERT dbo.voucher_customer(customer_id, voucher_id) VALUES (37, 32)
INSERT dbo.voucher_customer(customer_id, voucher_id) VALUES (47, 37)
INSERT dbo.voucher_customer(customer_id, voucher_id) VALUES (25, 34)
INSERT dbo.voucher_customer(customer_id, voucher_id) VALUES (50, 1)
INSERT dbo.voucher_customer(customer_id, voucher_id) VALUES (50, 28)
INSERT dbo.voucher_customer(customer_id, voucher_id) VALUES (41, 41)
INSERT dbo.voucher_customer(customer_id, voucher_id) VALUES (4, 27)
INSERT dbo.voucher_customer(customer_id, voucher_id) VALUES (18, 16)
INSERT dbo.voucher_customer(customer_id, voucher_id) VALUES (4, 5)
INSERT dbo.voucher_customer(customer_id, voucher_id) VALUES (19, 20)
INSERT dbo.voucher_customer(customer_id, voucher_id) VALUES (39, 7)
INSERT dbo.voucher_customer(customer_id, voucher_id) VALUES (49, 20)
INSERT dbo.voucher_customer(customer_id, voucher_id) VALUES (9, 33)
INSERT dbo.voucher_customer(customer_id, voucher_id) VALUES (44, 41)
INSERT dbo.voucher_customer(customer_id, voucher_id) VALUES (11, 9)
INSERT dbo.voucher_customer(customer_id, voucher_id) VALUES (34, 2)
INSERT dbo.voucher_customer(customer_id, voucher_id) VALUES (47, 12)
INSERT dbo.voucher_customer(customer_id, voucher_id) VALUES (17, 46)
INSERT dbo.voucher_customer(customer_id, voucher_id) VALUES (49, 28)
INSERT dbo.voucher_customer(customer_id, voucher_id) VALUES (31, 29)
INSERT dbo.voucher_customer(customer_id, voucher_id) VALUES (44, 36)
INSERT dbo.voucher_customer(customer_id, voucher_id) VALUES (29, 5)
INSERT dbo.voucher_customer(customer_id, voucher_id) VALUES (43, 26)
INSERT dbo.voucher_customer(customer_id, voucher_id) VALUES (3, 30)
INSERT dbo.voucher_customer(customer_id, voucher_id) VALUES (42, 12)
INSERT dbo.voucher_customer(customer_id, voucher_id) VALUES (25, 42)
INSERT dbo.voucher_customer(customer_id, voucher_id) VALUES (24, 50)
INSERT dbo.voucher_customer(customer_id, voucher_id) VALUES (42, 20)
INSERT dbo.voucher_customer(customer_id, voucher_id) VALUES (18, 13)
INSERT dbo.voucher_customer(customer_id, voucher_id) VALUES (21, 24)
INSERT dbo.voucher_customer(customer_id, voucher_id) VALUES (26, 15)
INSERT dbo.voucher_customer(customer_id, voucher_id) VALUES (25, 19)
INSERT dbo.voucher_customer(customer_id, voucher_id) VALUES (1, 35)
INSERT dbo.voucher_customer(customer_id, voucher_id) VALUES (17, 16)
INSERT dbo.voucher_customer(customer_id, voucher_id) VALUES (41, 21)
INSERT dbo.voucher_customer(customer_id, voucher_id) VALUES (29, 49)
INSERT dbo.voucher_customer(customer_id, voucher_id) VALUES (33, 3)
INSERT dbo.voucher_customer(customer_id, voucher_id) VALUES (38, 31)
INSERT dbo.voucher_customer(customer_id, voucher_id) VALUES (4, 19)
INSERT dbo.voucher_customer(customer_id, voucher_id) VALUES (42, 15)
GO

--
-- Set NOEXEC to off
--
SET NOEXEC OFF
GO