--
-- Script was generated by Devart dbForge Studio 2019 for SQL Server, Version 5.8.107.0
-- Product Home Page: http://www.devart.com/dbforge/sql/studio
-- Script date 12/16/2024 6:05:58 PM
-- Target server version: 14.00.1000
-- Target connection string: Encrypt=False;Integrated Security=False;User ID=sa
-- Please backup your target database before running this script
--



SET LANGUAGE 'English'
SET DATEFORMAT ymd
SET ARITHABORT, ANSI_PADDING, ANSI_WARNINGS, CONCAT_NULL_YIELDS_NULL, QUOTED_IDENTIFIER, ANSI_NULLS, NOCOUNT ON
SET NUMERIC_ROUNDABORT, IMPLICIT_TRANSACTIONS, XACT_ABORT OFF
GO

USE final
GO

IF DB_NAME() <> N'final' SET NOEXEC ON
GO
--
-- Delete data from the table 'dbo.voucher_customer'
--
TRUNCATE TABLE dbo.voucher_customer
GO
--
-- Delete data from the table 'dbo.tokens'
--
TRUNCATE TABLE dbo.tokens
GO
--
-- Delete data from the table 'dbo.product_detail_image'
--
TRUNCATE TABLE dbo.product_detail_image
GO
--
-- Delete data from the table 'dbo.order_detail'
--
TRUNCATE TABLE dbo.order_detail
GO
--
-- Delete data from the table 'dbo.history'
--
TRUNCATE TABLE dbo.history
GO
--
-- Delete data from the table 'dbo.event_product'
--
TRUNCATE TABLE dbo.event_product
GO
--
-- Delete data from the table 'dbo.cart_detail'
--
TRUNCATE TABLE dbo.cart_detail
GO
--
-- Delete data from the table 'dbo.address'
--
TRUNCATE TABLE dbo.address
GO
--
-- Delete data from the table 'dbo.orders'
--
DELETE dbo.orders
GO
--
-- Delete data from the table 'dbo.cart'
--
DELETE dbo.cart
GO
--
-- Delete data from the table 'dbo.staff'
--
DELETE dbo.staff
GO
--
-- Delete data from the table 'dbo.customer'
--
DELETE dbo.customer
GO
--
-- Delete data from the table 'dbo.product_detail'
--
DELETE dbo.product_detail
GO
--
-- Delete data from the table 'dbo.account'
--
DELETE dbo.account
GO
--
-- Delete data from the table 'dbo.voucher'
--
DELETE dbo.voucher
GO
--
-- Delete data from the table 'dbo.thickness'
--
DELETE dbo.thickness
GO
--
-- Delete data from the table 'dbo.texture'
--
DELETE dbo.texture
GO
--
-- Delete data from the table 'dbo.style'
--
DELETE dbo.style
GO
--
-- Delete data from the table 'dbo.sleeve'
--
DELETE dbo.sleeve
GO
--
-- Delete data from the table 'dbo.size'
--
DELETE dbo.size
GO
--
-- Delete data from the table 'dbo.role'
--
DELETE dbo.role
GO
--
-- Delete data from the table 'dbo.product'
--
DELETE dbo.product
GO
--
-- Delete data from the table 'dbo.origin'
--
DELETE dbo.origin
GO
--
-- Delete data from the table 'dbo.material'
--
DELETE dbo.material
GO
--
-- Delete data from the table 'dbo.image'
--
DELETE dbo.image
GO
--
-- Delete data from the table 'dbo.event'
--
DELETE dbo.event
GO
--
-- Delete data from the table 'dbo.elasticity'
--
DELETE dbo.elasticity
GO
--
-- Delete data from the table 'dbo.color'
--
DELETE dbo.color
GO
--
-- Delete data from the table 'dbo.collar'
--
DELETE dbo.collar
GO
--
-- Delete data from the table 'dbo.brand'
--
DELETE dbo.brand
GO

--
-- Inserting data into table dbo.brand
--
SET IDENTITY_INSERT dbo.brand ON
GO
INSERT dbo.brand(id, deleted, created_date, updated_date, code, name) VALUES (1, 0, '1985-07-21 06:04:52.0050000', '2001-02-23 10:17:40.4610000', 'JWAVX', N'Diesel')
INSERT dbo.brand(id, deleted, created_date, updated_date, code, name) VALUES (2, 0, '1996-10-12 08:00:59.4300000', '1993-09-07 17:29:42.1060000', 'QOSFU', N'BananaRepublic')
INSERT dbo.brand(id, deleted, created_date, updated_date, code, name) VALUES (3, 0, '1982-10-03 16:26:49.2190000', '1997-09-07 14:15:19.0070000', 'TFWIC', N'Armani')
INSERT dbo.brand(id, deleted, created_date, updated_date, code, name) VALUES (4, 0, '2007-02-12 00:39:21.3030000', '1978-06-12 09:42:43.9420000', 'IUHRO', N'CalvinKlein')
INSERT dbo.brand(id, deleted, created_date, updated_date, code, name) VALUES (5, 0, '2015-12-14 02:03:04.5320000', '1998-05-15 02:08:08.5120000', 'BKRBN', N'Express')
GO
SET IDENTITY_INSERT dbo.brand OFF
GO

--
-- Inserting data into table dbo.collar
--
SET IDENTITY_INSERT dbo.collar ON
GO
INSERT dbo.collar(id, deleted, created_date, updated_date, code, name) VALUES (1, 0, '1994-09-05 04:41:32.2740000', '2014-01-07 06:25:09.4000000', 'XFIEM', N'Cổ V')
INSERT dbo.collar(id, deleted, created_date, updated_date, code, name) VALUES (2, 0, '1978-04-28 20:31:53.9830000', '1976-07-31 15:40:00.7880000', 'VWSXI', N'Cổ bẻ')
INSERT dbo.collar(id, deleted, created_date, updated_date, code, name) VALUES (3, 0, '1970-12-30 18:20:05.2820000', '2021-04-08 05:39:19.0020000', 'BXNDG', N'Cổ áo sơ mi')
INSERT dbo.collar(id, deleted, created_date, updated_date, code, name) VALUES (4, 0, '2023-08-01 12:15:06.8280000', '2016-03-03 06:54:12.4050000', 'ECFIH', N'Cổ đổ')
INSERT dbo.collar(id, deleted, created_date, updated_date, code, name) VALUES (5, 0, '1985-05-16 00:11:39.1500000', '1989-08-14 14:40:33.7390000', 'XCMXH', N'Cổ lapel')
GO
SET IDENTITY_INSERT dbo.collar OFF
GO

--
-- Inserting data into table dbo.color
--
SET IDENTITY_INSERT dbo.color ON
GO
INSERT dbo.color(id, deleted, created_date, updated_date, code, name) VALUES (1, 0, '1980-08-31 21:43:06.4100000', '1994-02-13 15:50:10.0030000', 'QKBUJ', N'Đen')
INSERT dbo.color(id, deleted, created_date, updated_date, code, name) VALUES (2, 0, '2015-02-03 08:11:04.1120000', '1992-11-17 20:34:14.2590000', 'IDADM', N'Cam')
INSERT dbo.color(id, deleted, created_date, updated_date, code, name) VALUES (3, 0, '1984-05-27 05:27:39.0920000', '1983-12-28 14:08:45.5380000', 'ORTAN', N'Trắng')
INSERT dbo.color(id, deleted, created_date, updated_date, code, name) VALUES (4, 0, '1978-10-15 03:04:31.1810000', '2023-02-14 11:01:29.2640000', 'RFOHD', N'Xám')
INSERT dbo.color(id, deleted, created_date, updated_date, code, name) VALUES (5, 0, '2002-11-18 09:22:17.2990000', '1985-11-24 05:40:20.3500000', 'NWWEL', N'Vàng')
GO
SET IDENTITY_INSERT dbo.color OFF
GO

--
-- Inserting data into table dbo.elasticity
--
SET IDENTITY_INSERT dbo.elasticity ON
GO
INSERT dbo.elasticity(id, deleted, created_date, updated_date, code, name) VALUES (1, 0, '2001-08-29 17:12:28.9050000', '2023-01-28 08:30:25.4980000', 'YHLYV', N'Co giãn cao')
INSERT dbo.elasticity(id, deleted, created_date, updated_date, code, name) VALUES (2, 0, '1985-06-07 22:57:56.4370000', '2017-12-27 11:21:05.4700000', 'NAFBF', N'Co giãn siêu thấp')
INSERT dbo.elasticity(id, deleted, created_date, updated_date, code, name) VALUES (3, 0, '1984-06-04 00:08:31.8360000', '1988-01-05 07:29:00.0610000', 'DVXBI', N'Không co giãn')
INSERT dbo.elasticity(id, deleted, created_date, updated_date, code, name) VALUES (4, 0, '2001-07-13 12:31:11.0260000', '1999-02-17 04:05:41.2020000', 'IHYAL', N'Co giãn thấp')
INSERT dbo.elasticity(id, deleted, created_date, updated_date, code, name) VALUES (5, 0, '2000-04-15 14:57:54.0500000', '1979-08-25 19:33:22.0070000', 'GMFXG', N'Co giãn cực cao')
GO
SET IDENTITY_INSERT dbo.elasticity OFF
GO

--
-- Inserting data into table dbo.event
--
SET IDENTITY_INSERT dbo.event ON
GO
INSERT dbo.event(id, discount_percent, quantity_discount, created_date, end_date, start_date, updated_date, discount_code, name, status) VALUES (1, 8, 5, '2023-03-04 01:02:35.5200000', '2025-10-31 18:18:11.9420000', '1978-12-23 11:44:51.8880000', '1990-08-31 22:23:08.9420000', 'LHJOX', N'Tết Nguyên Đán', 'ECQDA')
GO
SET IDENTITY_INSERT dbo.event OFF
GO

--
-- Inserting data into table dbo.image
--
SET IDENTITY_INSERT dbo.image ON
GO
INSERT dbo.image(id, deleted, created_date, updated_date, code, url) VALUES (1, 1, '1973-09-15 23:47:00.8880000', '1989-03-27 07:28:24.9930000', 'XTWPI', 'https://int.bape.com/cdn/shop/files/0ZXTEMX10002LBKX-pdp-1.jpg?v=1730442539&width=700')
INSERT dbo.image(id, deleted, created_date, updated_date, code, url) VALUES (2, 0, '2008-05-26 03:39:03.0750000', '1986-04-04 12:33:36.6700000', 'LHEGH', 'https://int.bape.com/cdn/shop/files/0ZXTEMX09001LBKX-pdp-1.jpg?v=1730442538&width=1200')
INSERT dbo.image(id, deleted, created_date, updated_date, code, url) VALUES (3, 0, '1986-07-09 08:23:44.7790000', '1986-03-05 13:36:14.7370000', 'LUQBK', 'https://int.bape.com/cdn/shop/files/0ZXTEMS00014KBKX-pdp-1.jpg?v=1730442530&width=1200')
INSERT dbo.image(id, deleted, created_date, updated_date, code, url) VALUES (4, 0, '1971-09-21 04:35:00.0300000', '2016-01-21 12:31:59.5610000', 'JZNXZ', 'https://bizweb.dktcdn.net/100/415/697/products/img-7825-1.jpg?v=1721183882410')
INSERT dbo.image(id, deleted, created_date, updated_date, code, url) VALUES (5, 1, '1999-08-06 10:35:21.0260000', '1982-08-12 06:53:24.2840000', 'HWPDI', 'https://int.bape.com/cdn/shop/files/0ZXTEM110049NBKX-pdp-1.jpg?v=1725871608&width=1200')
INSERT dbo.image(id, deleted, created_date, updated_date, code, url) VALUES (6, 1, '2007-09-24 13:29:34.0020000', '2014-11-13 10:45:49.0080000', 'QGJVN', 'https://int.bape.com/cdn/shop/files/AAPTEM1556XANWH2-pdp-1.jpg?v=1730695693&width=1200')
INSERT dbo.image(id, deleted, created_date, updated_date, code, url) VALUES (7, 0, '2013-12-23 19:57:57.7770000', '1991-10-18 23:56:14.6780000', 'QLTBG', 'https://bizweb.dktcdn.net/100/415/697/products/img-1345-1.jpg?v=1723274197627')
INSERT dbo.image(id, deleted, created_date, updated_date, code, url) VALUES (8, 1, '1976-11-17 19:17:02.6910000', '1975-12-25 09:39:06.8360000', 'BJPJP', 'https://static.zara.net/assets/public/147f/47b0/347244b7adc5/315fb9ae5644/01887460401-e1/01887460401-e1.jpg?ts=1727185906508&w=750')
INSERT dbo.image(id, deleted, created_date, updated_date, code, url) VALUES (9, 1, '1991-01-01 17:20:54.4470000', '1999-07-11 22:25:27.2360000', 'DLNHM', 'https://bizweb.dktcdn.net/100/415/697/products/img-2069-1.jpg?v=1724056536197')
GO
SET IDENTITY_INSERT dbo.image OFF
GO

--
-- Inserting data into table dbo.material
--
SET IDENTITY_INSERT dbo.material ON
GO
INSERT dbo.material(id, deleted, created_date, updated_date, code, name) VALUES (1, 0, '2008-07-29 09:12:01.4910000', '1975-04-17 21:01:22.0040000', 'JUDMB', N'Vải Satin')
INSERT dbo.material(id, deleted, created_date, updated_date, code, name) VALUES (2, 0, '2020-12-14 11:02:29.8560000', '2001-07-23 19:24:00.7850000', 'WMOHG', N'Linen')
INSERT dbo.material(id, deleted, created_date, updated_date, code, name) VALUES (3, 0, '2017-04-07 01:56:02.3220000', '1999-11-23 08:00:13.5560000', 'BHZHI', N'Rayon')
INSERT dbo.material(id, deleted, created_date, updated_date, code, name) VALUES (4, 0, '2007-05-16 04:00:16.0120000', '2009-02-23 19:05:02.0260000', 'FLMET', N'Wool')
INSERT dbo.material(id, deleted, created_date, updated_date, code, name) VALUES (5, 0, '1991-04-23 11:06:44.1340000', '1997-08-26 20:55:06.6950000', 'AXEQF', N'Cotton')
GO
SET IDENTITY_INSERT dbo.material OFF
GO

--
-- Inserting data into table dbo.origin
--
SET IDENTITY_INSERT dbo.origin ON
GO
INSERT dbo.origin(id, deleted, created_date, updated_date, code, name) VALUES (1, 0, '1982-04-11 09:32:18.1080000', '2003-10-04 21:21:39.4810000', 'ZOFBD', N'Trung')
INSERT dbo.origin(id, deleted, created_date, updated_date, code, name) VALUES (2, 0, '1977-03-20 00:18:22.8620000', '2014-05-01 03:01:51.7800000', 'CZKOL', N'Hàn Quốc')
INSERT dbo.origin(id, deleted, created_date, updated_date, code, name) VALUES (3, 0, '2012-03-16 00:08:50.3630000', '1991-08-16 22:44:14.4770000', 'KQCXT', N'Mỹ')
INSERT dbo.origin(id, deleted, created_date, updated_date, code, name) VALUES (4, 0, '2023-08-17 16:30:50.4030000', '2004-07-07 02:07:23.2940000', 'GPJBX', N'Ấn độ')
INSERT dbo.origin(id, deleted, created_date, updated_date, code, name) VALUES (5, 0, '1971-05-07 03:29:19.3830000', '2011-02-26 00:16:33.2690000', 'WLTRB', N'Việt Nam')
GO
SET IDENTITY_INSERT dbo.origin OFF
GO

--
-- Inserting data into table dbo.product
--
SET IDENTITY_INSERT dbo.product ON
GO
INSERT dbo.product(id, deleted, created_date, updated_date, code, description, name) VALUES (1, 0, '2009-02-01 16:06:49.5180000', '1975-10-22 03:56:11.0010000', 'JNXCP', N'Áo phông tay lỡ nam - Phong cách đường phố, phù hợp giới trẻ', N'Áo phông tay lỡ nam')
INSERT dbo.product(id, deleted, created_date, updated_date, code, description, name) VALUES (2, 0, '2004-09-27 19:19:50.4700000', '2012-06-28 07:41:48.0270000', 'HQUJC', N'Áo phông cổ bẻ nữ - Kiểu dáng thanh lịch, phù hợp môi trường công sở', N'Áo phông dáng croptop nữ')
INSERT dbo.product(id, deleted, created_date, updated_date, code, description, name) VALUES (3, 0, '1994-03-14 18:49:44.3270000', '2000-09-26 15:49:43.7150000', 'GXKLH', N'Áo phông cổ tròn nam - Thiết kế đơn giản, phù hợp mọi phong cách', N'Áo phông basic trơn')
INSERT dbo.product(id, deleted, created_date, updated_date, code, description, name) VALUES (4, 0, '1982-12-29 00:08:29.4790000', '1996-12-23 06:50:34.0710000', 'HBFEP', N'Áo phông thể thao nam - Chất liệu thoáng mát, phù hợp tập luyện', N'Áo phông cổ bẻ nữ')
INSERT dbo.product(id, deleted, created_date, updated_date, code, description, name) VALUES (5, 0, '2003-02-16 01:26:11.7150000', '2014-07-14 06:20:13.2110000', 'DLTUL', N'Áo phông unisex - Thiết kế phù hợp cho cả nam và nữ', N'Áo phông in hình họa tiết')
INSERT dbo.product(id, deleted, created_date, updated_date, code, description, name) VALUES (6, 0, '1973-01-23 21:01:11.0120000', '2019-04-07 14:03:13.0870000', 'SZTQV', N'Áo phông oversize - Phong cách năng động, thoải mái khi mặc', N'Áo phông cổ tròn nam')
INSERT dbo.product(id, deleted, created_date, updated_date, code, description, name) VALUES (7, 0, '1978-11-04 08:43:56.9480000', '2006-10-27 23:05:04.3110000', 'MJMZE', N'Áo phông in hình họa tiết - Nổi bật với hình in độc đáo, trẻ trung', N'Áo phông cổ tim nữ')
INSERT dbo.product(id, deleted, created_date, updated_date, code, description, name) VALUES (8, 0, '1976-10-18 13:14:13.1230000', '2016-12-10 15:12:11.0090000', 'HJGCE', N'Áo phông cổ tim nữ - Kiểu dáng nữ tính, chất liệu mềm mại', N'Áo phông thể thao nam')
INSERT dbo.product(id, deleted, created_date, updated_date, code, description, name) VALUES (9, 0, '2019-08-14 12:46:56.3560000', '1980-01-13 21:19:54.4380000', 'ZZGAG', N'Áo phông basic trơn - Mẫu áo cơ bản, dễ phối đồ', N'Áo phông unisex')
INSERT dbo.product(id, deleted, created_date, updated_date, code, description, name) VALUES (10, 0, '1987-11-03 04:39:51.2870000', '2005-05-23 22:02:21.6380000', 'DXPWM', N'Áo phông dáng croptop nữ - Thời trang hiện đại, khoe vòng eo thon gọn', N'Áo phông oversize')
GO
SET IDENTITY_INSERT dbo.product OFF
GO

--
-- Inserting data into table dbo.role
--
SET IDENTITY_INSERT dbo.role ON
GO
INSERT dbo.role(id, created_date, updated_date, code, name) VALUES (1, '1977-11-26 08:05:21.9410000', '1997-03-05 13:17:33.0500000', 'ROLE_ADMIN', N'ROLE_ADMIN')
INSERT dbo.role(id, created_date, updated_date, code, name) VALUES (2, '1981-12-29 11:41:24.1980000', '1997-04-24 14:23:44.8440000', 'ROLE_STAFF', N'ROLE_STAFF')
INSERT dbo.role(id, created_date, updated_date, code, name) VALUES (3, '2012-03-12 15:02:38.7350000', '1998-07-02 21:13:19.7740000', 'ROLE_USER
', N'ROLE_USER')
GO
SET IDENTITY_INSERT dbo.role OFF
GO

--
-- Inserting data into table dbo.size
--
SET IDENTITY_INSERT dbo.size ON
GO
INSERT dbo.size(id, deleted, created_date, updated_date, code, name) VALUES (1, 0, '2018-08-29 01:06:54.0050000', '1983-03-27 02:50:31.1410000', 'XMUPK', N'M')
INSERT dbo.size(id, deleted, created_date, updated_date, code, name) VALUES (2, 0, '1994-04-19 22:15:43.7180000', '2009-11-12 21:47:10.5860000', 'UWLIR', N'3XL')
INSERT dbo.size(id, deleted, created_date, updated_date, code, name) VALUES (3, 0, '1983-04-10 14:16:10.7550000', '1995-07-15 04:29:47.0130000', 'DPXFJ', N'5XL')
INSERT dbo.size(id, deleted, created_date, updated_date, code, name) VALUES (4, 0, '1992-05-14 20:40:31.1600000', '2000-02-07 15:53:14.0910000', 'VEYLO', N'XL')
INSERT dbo.size(id, deleted, created_date, updated_date, code, name) VALUES (5, 0, '2009-08-20 04:54:17.0470000', '1983-04-28 08:03:24.2210000', 'DBLKB', N'2XL')
INSERT dbo.size(id, deleted, created_date, updated_date, code, name) VALUES (6, 0, '1985-11-23 08:04:58.8510000', '2012-08-11 02:28:16.9470000', 'EJAIT', N'S')
INSERT dbo.size(id, deleted, created_date, updated_date, code, name) VALUES (7, 0, '2019-05-21 06:40:16.5940000', '2022-10-30 15:12:19.7040000', 'UPPPU', N'4XL')
GO
SET IDENTITY_INSERT dbo.size OFF
GO

--
-- Inserting data into table dbo.sleeve
--
SET IDENTITY_INSERT dbo.sleeve ON
GO
INSERT dbo.sleeve(id, deleted, created_date, updated_date, code, name) VALUES (1, 0, '2004-09-18 14:39:52.0870000', '2018-03-03 08:46:55.0840000', 'QUIAH', N'Tay loe nhún')
INSERT dbo.sleeve(id, deleted, created_date, updated_date, code, name) VALUES (2, 0, '1987-09-22 06:41:43.0070000', '2011-05-20 11:28:17.7920000', 'NSGQD', N'Tay lỡ')
INSERT dbo.sleeve(id, deleted, created_date, updated_date, code, name) VALUES (3, 0, '2011-04-29 20:06:48.0010000', '1981-01-09 20:28:11.4190000', 'TAGPI', N'Tay ngắn')
INSERT dbo.sleeve(id, deleted, created_date, updated_date, code, name) VALUES (4, 0, '1987-02-25 04:57:16.9040000', '1993-10-24 19:13:15.2060000', 'VZTTA', N'Tay lệch vai')
INSERT dbo.sleeve(id, deleted, created_date, updated_date, code, name) VALUES (5, 0, '1991-12-19 04:58:14.0290000', '2018-04-13 07:37:41.7550000', 'WUATL', N'Tay bồng')
INSERT dbo.sleeve(id, deleted, created_date, updated_date, code, name) VALUES (6, 0, '1988-10-15 07:41:17.5950000', '2022-04-12 00:19:28.9130000', 'TONFR', N'Tay loe')
INSERT dbo.sleeve(id, deleted, created_date, updated_date, code, name) VALUES (7, 0, '2020-05-21 16:07:50.0060000', '2003-03-28 18:47:26.1880000', 'UEVXF', N'Tay tôm')
INSERT dbo.sleeve(id, deleted, created_date, updated_date, code, name) VALUES (8, 0, '2006-03-09 07:10:09.8890000', '1991-11-24 20:44:27.7200000', 'TGDJF', N'Tay xòe')
INSERT dbo.sleeve(id, deleted, created_date, updated_date, code, name) VALUES (9, 0, '2022-12-15 23:15:01.0770000', '2005-06-09 18:51:48.2460000', 'MIHPA', N'Tay dài')
INSERT dbo.sleeve(id, deleted, created_date, updated_date, code, name) VALUES (10, 0, '1982-04-15 20:54:59.7810000', '2005-09-07 18:37:17.5690000', 'XJRBO', N'Tay lỡ Kimono')
GO
SET IDENTITY_INSERT dbo.sleeve OFF
GO

--
-- Inserting data into table dbo.style
--
SET IDENTITY_INSERT dbo.style ON
GO
INSERT dbo.style(id, deleted, created_date, updated_date, code, name) VALUES (1, 0, '1978-05-07 18:28:46.1310000', '1991-10-20 12:35:49.6290000', 'EBXMC', N'Kiểu dáng thể thao')
INSERT dbo.style(id, deleted, created_date, updated_date, code, name) VALUES (2, 0, '2003-03-30 13:46:32.4820000', '1981-01-12 02:09:42.1440000', 'MXJFS', N'Kiểu dáng tối giản')
INSERT dbo.style(id, deleted, created_date, updated_date, code, name) VALUES (3, 0, '2013-01-14 22:52:08.8940000', '2003-03-12 20:14:55.9400000', 'YHTLZ', N'Kiểu dáng cổ điển')
INSERT dbo.style(id, deleted, created_date, updated_date, code, name) VALUES (4, 0, '2023-03-29 15:31:24.9630000', '1997-03-06 12:46:45.9720000', 'JSHGW', N'Kiểu dáng sang trọng')
INSERT dbo.style(id, deleted, created_date, updated_date, code, name) VALUES (5, 0, '2010-06-25 12:24:31.5480000', '1977-03-19 12:32:43.0990000', 'BRRZY', N'Kiểu dáng Vintage')
INSERT dbo.style(id, deleted, created_date, updated_date, code, name) VALUES (6, 0, '1980-01-02 23:05:54.0540000', '2010-06-19 15:00:01.5670000', 'RTCBN', N'Kiểu dáng dạo phố')
INSERT dbo.style(id, deleted, created_date, updated_date, code, name) VALUES (7, 0, '2008-08-23 00:42:05.0720000', '1971-07-29 02:29:39.7520000', 'DJWGF', N'Kiểu dáng hiện đại')
GO
SET IDENTITY_INSERT dbo.style OFF
GO

--
-- Inserting data into table dbo.texture
--
SET IDENTITY_INSERT dbo.texture ON
GO
INSERT dbo.texture(id, deleted, created_date, updated_date, code, name) VALUES (1, 0, '2013-04-14 00:25:10.0000000', '1977-11-10 02:08:47.6800000', 'JRFTS', N'Mịn')
INSERT dbo.texture(id, deleted, created_date, updated_date, code, name) VALUES (2, 0, '2005-03-25 10:33:31.0340000', '1993-08-27 06:04:31.2390000', 'TYTHP', N'Hạt')
INSERT dbo.texture(id, deleted, created_date, updated_date, code, name) VALUES (3, 0, '1991-08-05 13:26:59.0060000', '2000-03-24 03:31:23.3440000', 'LKEKN', N'Nhám')
INSERT dbo.texture(id, deleted, created_date, updated_date, code, name) VALUES (4, 0, '2014-03-22 16:25:15.3410000', '1982-04-10 08:48:40.5860000', 'ASJDA', N'Mềm mại')
INSERT dbo.texture(id, deleted, created_date, updated_date, code, name) VALUES (5, 0, '2004-02-12 15:57:29.0750000', '1992-01-22 01:00:51.7400000', 'LMWZM', N'Sọc')
INSERT dbo.texture(id, deleted, created_date, updated_date, code, name) VALUES (6, 0, '2024-05-09 03:37:27.6420000', '1988-06-25 14:28:28.9920000', 'VVOXF', N'Mịn màng')
INSERT dbo.texture(id, deleted, created_date, updated_date, code, name) VALUES (7, 0, '2004-11-29 19:23:40.0560000', '1976-03-21 17:25:05.9490000', 'KJIFR', N'Lì')
GO
SET IDENTITY_INSERT dbo.texture OFF
GO

--
-- Inserting data into table dbo.thickness
--
SET IDENTITY_INSERT dbo.thickness ON
GO
INSERT dbo.thickness(id, deleted, created_date, updated_date, code, name) VALUES (1, 0, '1999-04-10 17:26:44.1780000', '2018-08-12 19:10:20.0430000', 'CXCTZ', N'Mỏng')
INSERT dbo.thickness(id, deleted, created_date, updated_date, code, name) VALUES (2, 0, '1971-06-11 18:27:40.1870000', '2024-07-10 06:23:13.5360000', 'IIKLH', N'Dày')
INSERT dbo.thickness(id, deleted, created_date, updated_date, code, name) VALUES (3, 0, '2005-10-08 16:20:25.2380000', '1994-09-24 13:29:05.0440000', 'IRSPH', N'Trung bình')
INSERT dbo.thickness(id, deleted, created_date, updated_date, code, name) VALUES (4, 0, '1977-09-24 00:22:11.1170000', '1998-05-31 00:06:36.5080000', 'UQSQB', N'Rất dày')
INSERT dbo.thickness(id, deleted, created_date, updated_date, code, name) VALUES (5, 0, '2023-12-14 13:42:20.6280000', '2009-05-15 13:06:34.2970000', 'NRSCK', N'Vừa phải')
INSERT dbo.thickness(id, deleted, created_date, updated_date, code, name) VALUES (6, 0, '2021-08-11 01:48:40.4930000', '1986-05-14 06:44:36.1380000', 'UPLBE', N'Siêu mỏng')
INSERT dbo.thickness(id, deleted, created_date, updated_date, code, name) VALUES (7, 0, '2014-04-20 04:38:54.4900000', '2004-12-12 02:26:17.6410000', 'HBQAW', N'Siêu dày')
INSERT dbo.thickness(id, deleted, created_date, updated_date, code, name) VALUES (8, 0, '1979-01-09 05:46:40.3890000', '1972-07-29 11:24:43.2980000', 'GKFVQ', N'Rất mỏng')
GO
SET IDENTITY_INSERT dbo.thickness OFF
GO

--
-- Inserting data into table dbo.voucher
--
SET IDENTITY_INSERT dbo.voucher ON
GO
INSERT dbo.voucher(id, deleted, max_percent, min_amount, quantity, created_date, end_date, start_date, updated_date, code, name, status, type_ticket) VALUES (1, 0, 10, 50000, 49, '1985-05-01 06:59:41.0700000', '2025-10-20 19:22:40.7750000', '2012-09-04 22:28:32.6190000', '2004-09-02 08:43:18.1750000', 'VSSHK', N'Giảm giá 10% đơn tối thiểu 100k', 'In progress', 'Individual')
INSERT dbo.voucher(id, deleted, max_percent, min_amount, quantity, created_date, end_date, start_date, updated_date, code, name, status, type_ticket) VALUES (2, 0, 5, 100000, 44, '1983-12-31 01:51:06.0700000', '2025-04-21 05:04:00.8730000', '2016-05-23 00:32:04.1070000', '2018-10-05 20:51:22.9170000', 'YLWQC', N'Giảm giá 5% đơn tối thiểu 50k', 'In progress', 'Everybody')
GO
SET IDENTITY_INSERT dbo.voucher OFF
GO

--
-- Inserting data into table dbo.account
--
SET IDENTITY_INSERT dbo.account ON
GO
INSERT dbo.account(id, enabled, role_id, created_date, updated_date, password, provider, social_id, status, username) VALUES (1, 1, 3, '1983-11-06 17:27:49.3190000', '2011-04-19 10:37:03.9120000', 'RMJelfmTrQMhVGTTUaUW5A==', '80460', '94630', '00A848KWUQ74', 'Letha241')
GO
SET IDENTITY_INSERT dbo.account OFF
GO

--
-- Inserting data into table dbo.product_detail
--
SET IDENTITY_INSERT dbo.product_detail ON
GO
INSERT dbo.product_detail(id, brand_id, collar_id, color_id, deleted, elasticity_id, mass, material_id, origin_id, price, product_id, quantity, size_id, sleeve_id, style_id, texture_id, thickness_id, created_date, updated_date, code) VALUES (1, 5, 5, 4, 0, 4, 920, 2, 2, 50000, 9, 22, 5, 6, 3, 5, 8, '1995-01-29 09:08:23.4740000', '2016-07-23 20:57:44.0670000', 'CSNOM')
INSERT dbo.product_detail(id, brand_id, collar_id, color_id, deleted, elasticity_id, mass, material_id, origin_id, price, product_id, quantity, size_id, sleeve_id, style_id, texture_id, thickness_id, created_date, updated_date, code) VALUES (2, 2, 1, 3, 0, 3, 311, 3, 3, 70000, 4, 22, 1, 2, 7, 2, 5, '2017-04-18 02:43:16.0130000', '1995-02-25 11:37:48.6480000', 'NPCBU')
INSERT dbo.product_detail(id, brand_id, collar_id, color_id, deleted, elasticity_id, mass, material_id, origin_id, price, product_id, quantity, size_id, sleeve_id, style_id, texture_id, thickness_id, created_date, updated_date, code) VALUES (3, 5, 1, 4, 0, 3, 6, 5, 1, 90000, 4, 30, 6, 4, 3, 6, 4, '1989-03-09 08:59:03.0020000', '1990-10-27 10:47:19.2720000', 'XHDID')
INSERT dbo.product_detail(id, brand_id, collar_id, color_id, deleted, elasticity_id, mass, material_id, origin_id, price, product_id, quantity, size_id, sleeve_id, style_id, texture_id, thickness_id, created_date, updated_date, code) VALUES (4, 2, 4, 1, 0, 3, 785, 3, 1, 110000, 5, 7, 2, 3, 2, 7, 3, '1982-10-13 19:29:42.9710000', '2012-06-03 04:07:21.1760000', 'INVRN')
INSERT dbo.product_detail(id, brand_id, collar_id, color_id, deleted, elasticity_id, mass, material_id, origin_id, price, product_id, quantity, size_id, sleeve_id, style_id, texture_id, thickness_id, created_date, updated_date, code) VALUES (5, 3, 4, 2, 0, 2, 470, 3, 2, 130000, 2, 49, 2, 8, 7, 4, 1, '2015-01-22 05:03:27.0020000', '1993-01-09 13:01:28.1610000', 'VENLB')
INSERT dbo.product_detail(id, brand_id, collar_id, color_id, deleted, elasticity_id, mass, material_id, origin_id, price, product_id, quantity, size_id, sleeve_id, style_id, texture_id, thickness_id, created_date, updated_date, code) VALUES (6, 1, 2, 2, 0, 1, 738, 2, 1, 150000, 7, 31, 2, 9, 6, 4, 8, '2017-10-30 19:42:29.1460000', '2013-12-07 09:31:00.9870000', 'EXKWV')
INSERT dbo.product_detail(id, brand_id, collar_id, color_id, deleted, elasticity_id, mass, material_id, origin_id, price, product_id, quantity, size_id, sleeve_id, style_id, texture_id, thickness_id, created_date, updated_date, code) VALUES (7, 3, 1, 4, 0, 1, 761, 5, 3, 170000, 6, 87, 2, 8, 7, 6, 3, '2011-08-16 16:32:53.6160000', '1982-10-05 19:18:45.0350000', 'HFXRG')
INSERT dbo.product_detail(id, brand_id, collar_id, color_id, deleted, elasticity_id, mass, material_id, origin_id, price, product_id, quantity, size_id, sleeve_id, style_id, texture_id, thickness_id, created_date, updated_date, code) VALUES (8, 4, 2, 4, 0, 4, 516, 3, 2, 190000, 5, 38, 4, 9, 6, 4, 6, '1973-03-14 05:57:30.0000000', '2012-06-26 15:30:36.9790000', 'GXLGO')
INSERT dbo.product_detail(id, brand_id, collar_id, color_id, deleted, elasticity_id, mass, material_id, origin_id, price, product_id, quantity, size_id, sleeve_id, style_id, texture_id, thickness_id, created_date, updated_date, code) VALUES (9, 1, 1, 4, 0, 2, 752, 2, 4, 210000, 3, 2, 6, 6, 1, 6, 5, '1988-12-08 10:54:23.4660000', '1999-10-13 02:29:08.7830000', 'YHQBX')
INSERT dbo.product_detail(id, brand_id, collar_id, color_id, deleted, elasticity_id, mass, material_id, origin_id, price, product_id, quantity, size_id, sleeve_id, style_id, texture_id, thickness_id, created_date, updated_date, code) VALUES (10, 1, 1, 2, 0, 3, 294, 2, 1, 230000, 8, 93, 3, 3, 2, 7, 2, '1992-10-20 20:29:46.4470000', '1977-05-16 20:07:54.8680000', 'BTVUA')
INSERT dbo.product_detail(id, brand_id, collar_id, color_id, deleted, elasticity_id, mass, material_id, origin_id, price, product_id, quantity, size_id, sleeve_id, style_id, texture_id, thickness_id, created_date, updated_date, code) VALUES (11, 2, 1, 3, 0, 4, 316, 4, 3, 250000, 10, 1, 2, 9, 3, 1, 5, '1990-10-25 17:49:40.9550000', '2006-01-23 21:34:06.0760000', 'AGECA')
INSERT dbo.product_detail(id, brand_id, collar_id, color_id, deleted, elasticity_id, mass, material_id, origin_id, price, product_id, quantity, size_id, sleeve_id, style_id, texture_id, thickness_id, created_date, updated_date, code) VALUES (12, 4, 3, 1, 0, 4, 68, 1, 2, 270000, 4, 37, 1, 7, 3, 2, 5, '1983-09-05 22:29:15.3850000', '2021-06-16 14:08:51.2390000', 'MYOJN')
INSERT dbo.product_detail(id, brand_id, collar_id, color_id, deleted, elasticity_id, mass, material_id, origin_id, price, product_id, quantity, size_id, sleeve_id, style_id, texture_id, thickness_id, created_date, updated_date, code) VALUES (13, 4, 5, 2, 0, 2, 652, 2, 2, 290000, 5, 13, 5, 2, 6, 5, 5, '2002-11-03 07:49:20.3620000', '1984-09-07 17:07:27.1060000', 'GTNYI')
INSERT dbo.product_detail(id, brand_id, collar_id, color_id, deleted, elasticity_id, mass, material_id, origin_id, price, product_id, quantity, size_id, sleeve_id, style_id, texture_id, thickness_id, created_date, updated_date, code) VALUES (14, 3, 3, 4, 0, 2, 161, 3, 1, 310000, 6, 24, 2, 8, 6, 7, 3, '2012-10-10 01:41:40.0040000', '1983-05-20 03:34:16.1260000', 'ODJMN')
INSERT dbo.product_detail(id, brand_id, collar_id, color_id, deleted, elasticity_id, mass, material_id, origin_id, price, product_id, quantity, size_id, sleeve_id, style_id, texture_id, thickness_id, created_date, updated_date, code) VALUES (15, 2, 5, 4, 0, 1, 698, 2, 4, 330000, 4, 49, 3, 7, 4, 4, 4, '1978-02-13 20:14:55.2360000', '1997-04-15 08:18:57.0550000', 'LYBNU')
INSERT dbo.product_detail(id, brand_id, collar_id, color_id, deleted, elasticity_id, mass, material_id, origin_id, price, product_id, quantity, size_id, sleeve_id, style_id, texture_id, thickness_id, created_date, updated_date, code) VALUES (16, 1, 2, 3, 0, 1, 250, 5, 2, 350000, 3, 82, 6, 2, 5, 6, 6, '1991-05-01 11:44:11.8460000', '1979-10-01 12:55:48.3940000', 'WKYLT')
INSERT dbo.product_detail(id, brand_id, collar_id, color_id, deleted, elasticity_id, mass, material_id, origin_id, price, product_id, quantity, size_id, sleeve_id, style_id, texture_id, thickness_id, created_date, updated_date, code) VALUES (17, 5, 3, 3, 0, 2, 4, 4, 5, 370000, 10, 43, 1, 7, 5, 5, 1, '2003-07-03 00:43:44.0740000', '1990-08-11 20:18:55.0050000', 'EJGBQ')
INSERT dbo.product_detail(id, brand_id, collar_id, color_id, deleted, elasticity_id, mass, material_id, origin_id, price, product_id, quantity, size_id, sleeve_id, style_id, texture_id, thickness_id, created_date, updated_date, code) VALUES (18, 2, 5, 1, 0, 1, 72, 2, 2, 390000, 6, 3, 3, 8, 1, 5, 6, '1983-01-15 12:11:00.0810000', '2004-05-21 12:25:30.4390000', 'YZIHI')
INSERT dbo.product_detail(id, brand_id, collar_id, color_id, deleted, elasticity_id, mass, material_id, origin_id, price, product_id, quantity, size_id, sleeve_id, style_id, texture_id, thickness_id, created_date, updated_date, code) VALUES (19, 2, 5, 1, 0, 1, 349, 5, 1, 410000, 9, 72, 5, 2, 1, 2, 7, '2006-11-06 13:08:41.6550000', '1971-10-08 18:20:52.9390000', 'ZURHP')
INSERT dbo.product_detail(id, brand_id, collar_id, color_id, deleted, elasticity_id, mass, material_id, origin_id, price, product_id, quantity, size_id, sleeve_id, style_id, texture_id, thickness_id, created_date, updated_date, code) VALUES (20, 5, 5, 2, 0, 1, 867, 1, 2, 430000, 2, 41, 7, 3, 5, 7, 4, '1994-06-23 12:39:32.0610000', '2015-06-18 01:50:54.7200000', 'AEJXE')
INSERT dbo.product_detail(id, brand_id, collar_id, color_id, deleted, elasticity_id, mass, material_id, origin_id, price, product_id, quantity, size_id, sleeve_id, style_id, texture_id, thickness_id, created_date, updated_date, code) VALUES (21, 3, 4, 4, 0, 4, 452, 3, 2, 450000, 2, 81, 7, 6, 4, 2, 5, '2005-09-08 21:39:30.0530000', '1973-03-22 21:56:32.9450000', 'BRQAJ')
INSERT dbo.product_detail(id, brand_id, collar_id, color_id, deleted, elasticity_id, mass, material_id, origin_id, price, product_id, quantity, size_id, sleeve_id, style_id, texture_id, thickness_id, created_date, updated_date, code) VALUES (22, 3, 3, 1, 0, 5, 3, 4, 3, 470000, 7, 38, 6, 5, 4, 1, 7, '1984-04-16 16:11:03.0030000', '2004-08-02 19:07:22.3950000', 'IZYXH')
INSERT dbo.product_detail(id, brand_id, collar_id, color_id, deleted, elasticity_id, mass, material_id, origin_id, price, product_id, quantity, size_id, sleeve_id, style_id, texture_id, thickness_id, created_date, updated_date, code) VALUES (23, 2, 2, 5, 0, 5, 101, 1, 1, 490000, 5, 72, 6, 9, 6, 3, 8, '1992-04-25 21:34:24.0500000', '2006-01-31 04:08:54.0230000', 'STUXL')
INSERT dbo.product_detail(id, brand_id, collar_id, color_id, deleted, elasticity_id, mass, material_id, origin_id, price, product_id, quantity, size_id, sleeve_id, style_id, texture_id, thickness_id, created_date, updated_date, code) VALUES (24, 4, 1, 5, 0, 3, 147, 1, 3, 510000, 7, 16, 2, 5, 5, 3, 2, '1993-10-18 08:55:28.1560000', '1985-05-10 09:48:25.9130000', 'SSAXF')
INSERT dbo.product_detail(id, brand_id, collar_id, color_id, deleted, elasticity_id, mass, material_id, origin_id, price, product_id, quantity, size_id, sleeve_id, style_id, texture_id, thickness_id, created_date, updated_date, code) VALUES (25, 1, 5, 5, 0, 2, 374, 5, 2, 530000, 5, 7, 2, 9, 5, 7, 3, '1975-04-15 09:30:50.4120000', '1987-05-27 12:16:10.2030000', 'AJIPK')
INSERT dbo.product_detail(id, brand_id, collar_id, color_id, deleted, elasticity_id, mass, material_id, origin_id, price, product_id, quantity, size_id, sleeve_id, style_id, texture_id, thickness_id, created_date, updated_date, code) VALUES (26, 3, 1, 1, 0, 5, 813, 3, 4, 550000, 3, 40, 7, 4, 4, 5, 3, '1983-02-24 23:34:11.4560000', '2011-04-26 18:32:32.0610000', 'BLVEF')
INSERT dbo.product_detail(id, brand_id, collar_id, color_id, deleted, elasticity_id, mass, material_id, origin_id, price, product_id, quantity, size_id, sleeve_id, style_id, texture_id, thickness_id, created_date, updated_date, code) VALUES (27, 2, 2, 2, 0, 5, 445, 2, 5, 570000, 9, 84, 2, 9, 2, 5, 1, '2007-10-29 18:36:46.3250000', '2017-04-23 20:37:11.6500000', 'AOVPO')
INSERT dbo.product_detail(id, brand_id, collar_id, color_id, deleted, elasticity_id, mass, material_id, origin_id, price, product_id, quantity, size_id, sleeve_id, style_id, texture_id, thickness_id, created_date, updated_date, code) VALUES (28, 3, 5, 4, 0, 4, 447, 4, 3, 590000, 2, 17, 3, 5, 6, 6, 3, '1973-03-23 08:44:44.1920000', '1977-12-05 09:08:17.6610000', 'LGLCE')
INSERT dbo.product_detail(id, brand_id, collar_id, color_id, deleted, elasticity_id, mass, material_id, origin_id, price, product_id, quantity, size_id, sleeve_id, style_id, texture_id, thickness_id, created_date, updated_date, code) VALUES (29, 5, 5, 5, 0, 4, 173, 5, 4, 610000, 4, 7, 2, 4, 3, 1, 1, '2005-04-25 06:25:23.5800000', '2001-11-08 17:00:17.5700000', 'ARWHB')
INSERT dbo.product_detail(id, brand_id, collar_id, color_id, deleted, elasticity_id, mass, material_id, origin_id, price, product_id, quantity, size_id, sleeve_id, style_id, texture_id, thickness_id, created_date, updated_date, code) VALUES (30, 1, 5, 1, 0, 1, 351, 5, 5, 630000, 2, 1, 6, 5, 7, 3, 4, '2009-03-10 18:37:13.0050000', '2017-12-27 01:40:01.9320000', 'MZJPJ')
INSERT dbo.product_detail(id, brand_id, collar_id, color_id, deleted, elasticity_id, mass, material_id, origin_id, price, product_id, quantity, size_id, sleeve_id, style_id, texture_id, thickness_id, created_date, updated_date, code) VALUES (31, 5, 1, 3, 0, 2, 853, 3, 1, 650000, 4, 31, 5, 8, 5, 3, 4, '1997-10-21 02:45:53.0050000', '1980-10-15 16:58:39.4420000', 'XOUHK')
INSERT dbo.product_detail(id, brand_id, collar_id, color_id, deleted, elasticity_id, mass, material_id, origin_id, price, product_id, quantity, size_id, sleeve_id, style_id, texture_id, thickness_id, created_date, updated_date, code) VALUES (32, 1, 2, 4, 0, 4, 71, 3, 3, 670000, 7, 52, 5, 5, 4, 6, 5, '1981-07-04 07:29:42.0390000', '1975-12-28 22:29:48.9790000', 'WNRXD')
INSERT dbo.product_detail(id, brand_id, collar_id, color_id, deleted, elasticity_id, mass, material_id, origin_id, price, product_id, quantity, size_id, sleeve_id, style_id, texture_id, thickness_id, created_date, updated_date, code) VALUES (33, 4, 5, 5, 0, 3, 46, 3, 2, 690000, 8, 53, 3, 3, 4, 1, 5, '1974-10-30 16:26:25.8100000', '1977-06-30 20:11:41.0770000', 'UNUUL')
INSERT dbo.product_detail(id, brand_id, collar_id, color_id, deleted, elasticity_id, mass, material_id, origin_id, price, product_id, quantity, size_id, sleeve_id, style_id, texture_id, thickness_id, created_date, updated_date, code) VALUES (34, 3, 1, 4, 0, 4, 405, 3, 1, 710000, 2, 4, 5, 5, 1, 2, 5, '2021-09-15 17:39:24.5050000', '1980-04-20 05:31:08.0440000', 'JHMCD')
INSERT dbo.product_detail(id, brand_id, collar_id, color_id, deleted, elasticity_id, mass, material_id, origin_id, price, product_id, quantity, size_id, sleeve_id, style_id, texture_id, thickness_id, created_date, updated_date, code) VALUES (35, 1, 3, 3, 0, 4, 262, 5, 5, 730000, 4, 84, 3, 5, 2, 7, 7, '2013-10-24 21:24:45.4790000', '1973-09-25 22:50:10.8850000', 'JNYHB')
INSERT dbo.product_detail(id, brand_id, collar_id, color_id, deleted, elasticity_id, mass, material_id, origin_id, price, product_id, quantity, size_id, sleeve_id, style_id, texture_id, thickness_id, created_date, updated_date, code) VALUES (36, 1, 4, 4, 0, 4, 1, 5, 3, 750000, 8, 99, 3, 7, 1, 3, 1, '2019-04-25 06:21:35.0500000', '1993-10-03 22:14:43.3290000', 'CVWAH')
INSERT dbo.product_detail(id, brand_id, collar_id, color_id, deleted, elasticity_id, mass, material_id, origin_id, price, product_id, quantity, size_id, sleeve_id, style_id, texture_id, thickness_id, created_date, updated_date, code) VALUES (37, 1, 1, 2, 0, 4, 102, 5, 4, 770000, 4, 95, 4, 10, 3, 5, 1, '2014-06-15 10:53:02.6880000', '1984-10-25 21:07:59.0650000', 'MQPHA')
INSERT dbo.product_detail(id, brand_id, collar_id, color_id, deleted, elasticity_id, mass, material_id, origin_id, price, product_id, quantity, size_id, sleeve_id, style_id, texture_id, thickness_id, created_date, updated_date, code) VALUES (38, 5, 4, 3, 0, 3, 2, 2, 2, 790000, 2, 57, 2, 4, 6, 1, 8, '2001-01-30 13:27:28.0080000', '1970-09-15 06:57:21.4900000', 'AVPGW')
INSERT dbo.product_detail(id, brand_id, collar_id, color_id, deleted, elasticity_id, mass, material_id, origin_id, price, product_id, quantity, size_id, sleeve_id, style_id, texture_id, thickness_id, created_date, updated_date, code) VALUES (39, 2, 2, 3, 0, 1, 966, 5, 2, 810000, 10, 89, 7, 8, 4, 2, 8, '2012-07-23 00:26:02.5930000', '2021-02-09 03:29:21.4370000', 'AZCLD')
INSERT dbo.product_detail(id, brand_id, collar_id, color_id, deleted, elasticity_id, mass, material_id, origin_id, price, product_id, quantity, size_id, sleeve_id, style_id, texture_id, thickness_id, created_date, updated_date, code) VALUES (40, 2, 5, 1, 0, 4, 146, 5, 3, 830000, 2, 56, 6, 9, 5, 4, 6, '1979-04-15 14:32:09.8610000', '1976-05-16 13:49:57.9830000', 'NKUUV')
INSERT dbo.product_detail(id, brand_id, collar_id, color_id, deleted, elasticity_id, mass, material_id, origin_id, price, product_id, quantity, size_id, sleeve_id, style_id, texture_id, thickness_id, created_date, updated_date, code) VALUES (41, 2, 1, 3, 0, 1, 116, 3, 3, 850000, 1, 36, 3, 5, 2, 5, 6, '1982-07-08 22:21:30.2270000', '1971-04-19 02:58:17.1820000', 'DLJYM')
INSERT dbo.product_detail(id, brand_id, collar_id, color_id, deleted, elasticity_id, mass, material_id, origin_id, price, product_id, quantity, size_id, sleeve_id, style_id, texture_id, thickness_id, created_date, updated_date, code) VALUES (42, 2, 1, 4, 0, 3, 688, 5, 4, 870000, 1, 14, 3, 8, 4, 7, 7, '1989-12-27 11:53:48.1760000', '1977-04-23 13:30:39.1750000', 'LTZQD')
INSERT dbo.product_detail(id, brand_id, collar_id, color_id, deleted, elasticity_id, mass, material_id, origin_id, price, product_id, quantity, size_id, sleeve_id, style_id, texture_id, thickness_id, created_date, updated_date, code) VALUES (43, 2, 5, 2, 0, 2, 879, 1, 4, 890000, 1, 20, 1, 8, 7, 7, 2, '2021-06-26 20:47:12.7010000', '1998-09-08 04:05:52.6910000', 'YDOVD')
INSERT dbo.product_detail(id, brand_id, collar_id, color_id, deleted, elasticity_id, mass, material_id, origin_id, price, product_id, quantity, size_id, sleeve_id, style_id, texture_id, thickness_id, created_date, updated_date, code) VALUES (44, 4, 2, 1, 0, 1, 474, 3, 4, 910000, 2, 21, 5, 3, 2, 5, 7, '2015-05-23 12:59:38.0020000', '1985-02-19 10:07:37.3060000', 'HEUTB')
INSERT dbo.product_detail(id, brand_id, collar_id, color_id, deleted, elasticity_id, mass, material_id, origin_id, price, product_id, quantity, size_id, sleeve_id, style_id, texture_id, thickness_id, created_date, updated_date, code) VALUES (45, 5, 2, 2, 0, 4, 2, 3, 5, 930000, 10, 20, 4, 6, 2, 5, 7, '1986-09-11 12:51:46.3560000', '2005-08-26 06:51:23.4430000', 'IBJYZ')
INSERT dbo.product_detail(id, brand_id, collar_id, color_id, deleted, elasticity_id, mass, material_id, origin_id, price, product_id, quantity, size_id, sleeve_id, style_id, texture_id, thickness_id, created_date, updated_date, code) VALUES (46, 4, 4, 3, 0, 1, 339, 3, 4, 950000, 10, 34, 1, 10, 3, 3, 7, '2020-01-10 12:24:49.9600000', '1971-11-10 12:30:10.7880000', 'ILQAK')
INSERT dbo.product_detail(id, brand_id, collar_id, color_id, deleted, elasticity_id, mass, material_id, origin_id, price, product_id, quantity, size_id, sleeve_id, style_id, texture_id, thickness_id, created_date, updated_date, code) VALUES (47, 1, 5, 4, 0, 5, 63, 3, 2, 970000, 7, 21, 5, 4, 2, 2, 4, '1979-04-10 12:07:51.4150000', '2014-05-19 15:45:25.0370000', 'WVDKE')
INSERT dbo.product_detail(id, brand_id, collar_id, color_id, deleted, elasticity_id, mass, material_id, origin_id, price, product_id, quantity, size_id, sleeve_id, style_id, texture_id, thickness_id, created_date, updated_date, code) VALUES (48, 3, 4, 5, 0, 3, 756, 1, 4, 990000, 1, 7, 4, 5, 3, 6, 3, '2008-06-07 05:41:22.0710000', '2009-07-17 10:56:00.9840000', 'WOOVM')
INSERT dbo.product_detail(id, brand_id, collar_id, color_id, deleted, elasticity_id, mass, material_id, origin_id, price, product_id, quantity, size_id, sleeve_id, style_id, texture_id, thickness_id, created_date, updated_date, code) VALUES (49, 4, 4, 3, 0, 1, 577, 2, 3, 50000, 2, 3, 1, 3, 6, 4, 6, '1985-09-10 07:14:03.8100000', '2012-07-02 07:39:44.7370000', 'WAVOG')
INSERT dbo.product_detail(id, brand_id, collar_id, color_id, deleted, elasticity_id, mass, material_id, origin_id, price, product_id, quantity, size_id, sleeve_id, style_id, texture_id, thickness_id, created_date, updated_date, code) VALUES (50, 2, 5, 2, 0, 4, 693, 2, 4, 70000, 8, 92, 4, 5, 7, 6, 6, '2018-04-21 01:03:26.9170000', '1972-04-02 02:28:35.2790000', 'JMLUP')
GO
SET IDENTITY_INSERT dbo.product_detail OFF
GO

--
-- Inserting data into table dbo.customer
--
SET IDENTITY_INSERT dbo.customer ON
GO
INSERT dbo.customer(id, account_id, birth_date, deleted, created_date, updated_date, code, email, gender, name, phone, status) VALUES (1, 1, '1982-10-26', 1, '2015-08-09 03:39:31.9490000', '1982-04-27 15:28:52.0170000', 'VGFND', N'KoryBurton@nowhere.com', N'Nữ', N'Phan Nhật Minh', '(232) 985-2186', 'Active')
GO
SET IDENTITY_INSERT dbo.customer OFF
GO

--
-- Inserting data into table dbo.staff
--
SET IDENTITY_INSERT dbo.staff ON
GO
INSERT dbo.staff(id, account_id, birth_day, deleted, gender, created_date, updated_date, address, citizen_id, code, district, email, name, note, phone, province, status, ward) VALUES (1, 1, '2019-03-17', 0, 1, '1984-10-26 00:04:53.0430000', '2004-02-28 01:48:29.6360000', N'50 Trường Chinh, Tân Bình, TP. Hồ Chí Minh', '93282', 'VZMKE', N'DE-JF', 'LienGilman55@nowhere.com', N'Bùi Bảo Long', N'QPZCX', '(956) 070-9551', N'XFDVE', 'JXNJA', N'JGQEP')
GO
SET IDENTITY_INSERT dbo.staff OFF
GO

--
-- Inserting data into table dbo.cart
--
SET IDENTITY_INSERT dbo.cart ON
GO
INSERT dbo.cart(id, customer_id, deleted, delivery_fee, discount, district_id, province_id, sub_total, total, voucher_id, created_date, updated_date, address, code, district_name, email, payment, phone, province_name, recipient_name, status, type, ward_id, ward_name) VALUES (1, 1, 0, 0, 0, 1, 1, 0, 0, 1, '2022-08-18 22:07:01.9590000', '1987-02-20 03:19:14.0930000', N'1512 Red Woodland Parkway, Keith Building, Pierre, SD, 33570', 'NLBXQ', N'SD-RQ', N'rmfz953@example.com', 'TRANSFER', N'(274) 372-0995', N'Tomas2029', N'Trent226', 'SUCCESS', 'INSTORE', '31170', N'Gale949')
GO
SET IDENTITY_INSERT dbo.cart OFF
GO

--
-- Inserting data into table dbo.orders
--
SET IDENTITY_INSERT dbo.orders ON
GO
INSERT dbo.orders(id, customer_id, deleted, delivery_fee, discount, discount_voucher_percent, district_id, in_store, is_payment, province_id, staff_id, sub_total, total, total_paid, voucher_id, voucher_minimum_subtotal_required, created_date, updated_date, address, code, district_name, email, payment, phone, province_name, recipient_name, status, type, ward_id, ward_name) VALUES (1, 1, 0, 58493.1, 90, 0, 2046, 1, 1, N'78062', 1, 699830.26, 225562.16, 460426.13, 1, 0, '2024-11-06 13:18:38.0760000', '2002-02-08 03:35:53.9320000', N'Thôn 5', 'SVHVE', N'DE-DR', 'haanhhy01f@gmail.com', 'TRANSFER', '(263) 224-0877', N'Hưng Yên', N'Aretha165', 'TOSHIP', 'ONLINE', '220909', N'Xã Tân Quang')
GO
SET IDENTITY_INSERT dbo.orders OFF
GO

--
-- Inserting data into table dbo.address
--
SET IDENTITY_INSERT dbo.address ON
GO
INSERT dbo.address(id, customer_id, is_default, created_date, updated_date, detail, district, district_id, name, phone, province, province_id, ward, ward_id) VALUES (1, 1, 1, '1980-03-22 11:19:42.3190000', '1999-07-25 13:03:18.9120000', N'456 Lê Lợi, Quận 1, TP. Hồ Chí Minh', N'Huyện Phù Cừ', '2194', N'Conrad1997', '(459) 613-9467', N'Hưng Yên', '268', N'Xã Tống Phan', '220713')
GO
SET IDENTITY_INSERT dbo.address OFF
GO

--
-- Inserting data into table dbo.cart_detail
--
SET IDENTITY_INSERT dbo.cart_detail ON
GO
INSERT dbo.cart_detail(id, cart_id, product_detail_id, quantity, created_date, updated_date, code) VALUES (1, 1, 33, 62, '2008-08-14 15:08:35.3630000', '1973-03-12 16:52:12.5080000', 'EXONZ')
GO
SET IDENTITY_INSERT dbo.cart_detail OFF
GO

--
-- Inserting data into table dbo.event_product
--
INSERT dbo.event_product(event_id, product_id) VALUES (1, 1)
INSERT dbo.event_product(event_id, product_id) VALUES (1, 2)
INSERT dbo.event_product(event_id, product_id) VALUES (1, 3)
INSERT dbo.event_product(event_id, product_id) VALUES (1, 4)
INSERT dbo.event_product(event_id, product_id) VALUES (1, 5)
INSERT dbo.event_product(event_id, product_id) VALUES (1, 6)
INSERT dbo.event_product(event_id, product_id) VALUES (1, 7)
INSERT dbo.event_product(event_id, product_id) VALUES (1, 8)
INSERT dbo.event_product(event_id, product_id) VALUES (1, 9)
INSERT dbo.event_product(event_id, product_id) VALUES (1, 10)
INSERT dbo.event_product(event_id, product_id) VALUES (1, 1)
INSERT dbo.event_product(event_id, product_id) VALUES (1, 2)
INSERT dbo.event_product(event_id, product_id) VALUES (1, 3)
INSERT dbo.event_product(event_id, product_id) VALUES (1, 4)
INSERT dbo.event_product(event_id, product_id) VALUES (1, 5)
INSERT dbo.event_product(event_id, product_id) VALUES (1, 6)
INSERT dbo.event_product(event_id, product_id) VALUES (1, 7)
INSERT dbo.event_product(event_id, product_id) VALUES (1, 8)
INSERT dbo.event_product(event_id, product_id) VALUES (1, 9)
INSERT dbo.event_product(event_id, product_id) VALUES (1, 10)
INSERT dbo.event_product(event_id, product_id) VALUES (1, 1)
INSERT dbo.event_product(event_id, product_id) VALUES (1, 2)
INSERT dbo.event_product(event_id, product_id) VALUES (1, 3)
INSERT dbo.event_product(event_id, product_id) VALUES (1, 4)
INSERT dbo.event_product(event_id, product_id) VALUES (1, 5)
INSERT dbo.event_product(event_id, product_id) VALUES (1, 6)
INSERT dbo.event_product(event_id, product_id) VALUES (1, 7)
INSERT dbo.event_product(event_id, product_id) VALUES (1, 8)
INSERT dbo.event_product(event_id, product_id) VALUES (1, 9)
INSERT dbo.event_product(event_id, product_id) VALUES (1, 10)
INSERT dbo.event_product(event_id, product_id) VALUES (1, 1)
INSERT dbo.event_product(event_id, product_id) VALUES (1, 2)
INSERT dbo.event_product(event_id, product_id) VALUES (1, 3)
INSERT dbo.event_product(event_id, product_id) VALUES (1, 4)
INSERT dbo.event_product(event_id, product_id) VALUES (1, 5)
INSERT dbo.event_product(event_id, product_id) VALUES (1, 6)
INSERT dbo.event_product(event_id, product_id) VALUES (1, 7)
INSERT dbo.event_product(event_id, product_id) VALUES (1, 8)
INSERT dbo.event_product(event_id, product_id) VALUES (1, 9)
INSERT dbo.event_product(event_id, product_id) VALUES (1, 10)
INSERT dbo.event_product(event_id, product_id) VALUES (1, 1)
INSERT dbo.event_product(event_id, product_id) VALUES (1, 2)
INSERT dbo.event_product(event_id, product_id) VALUES (1, 3)
INSERT dbo.event_product(event_id, product_id) VALUES (1, 4)
INSERT dbo.event_product(event_id, product_id) VALUES (1, 5)
INSERT dbo.event_product(event_id, product_id) VALUES (1, 6)
INSERT dbo.event_product(event_id, product_id) VALUES (1, 7)
INSERT dbo.event_product(event_id, product_id) VALUES (1, 8)
INSERT dbo.event_product(event_id, product_id) VALUES (1, 9)
INSERT dbo.event_product(event_id, product_id) VALUES (1, 10)
GO

--
-- Inserting data into table dbo.history
--
SET IDENTITY_INSERT dbo.history ON
GO
INSERT dbo.history(id, account_id, order_id, created_date, updated_date, note, status) VALUES (1, 1, 1, '1987-08-26 10:14:02.5200000', '2009-02-17 22:03:23.9420000', N'XH77Q336372WS9B7EEBEBT9182416', 'PENDING')
GO
SET IDENTITY_INSERT dbo.history OFF
GO

--
-- Inserting data into table dbo.order_detail
--
SET IDENTITY_INSERT dbo.order_detail ON
GO
INSERT dbo.order_detail(id, average_discount_event, deleted, order_id, product_detail_id, quantity, created_date, updated_date) VALUES (1, 3.64, 1, 1, 49, 37, '1994-08-19 22:44:58.0300000', '2016-02-12 10:34:19.0400000')
GO
SET IDENTITY_INSERT dbo.order_detail OFF
GO

--
-- Inserting data into table dbo.product_detail_image
--
INSERT dbo.product_detail_image(image_id, product_detail_id) VALUES (4, 4)
INSERT dbo.product_detail_image(image_id, product_detail_id) VALUES (8, 7)
INSERT dbo.product_detail_image(image_id, product_detail_id) VALUES (7, 46)
INSERT dbo.product_detail_image(image_id, product_detail_id) VALUES (4, 33)
INSERT dbo.product_detail_image(image_id, product_detail_id) VALUES (7, 37)
INSERT dbo.product_detail_image(image_id, product_detail_id) VALUES (3, 32)
INSERT dbo.product_detail_image(image_id, product_detail_id) VALUES (9, 31)
INSERT dbo.product_detail_image(image_id, product_detail_id) VALUES (2, 16)
INSERT dbo.product_detail_image(image_id, product_detail_id) VALUES (2, 13)
INSERT dbo.product_detail_image(image_id, product_detail_id) VALUES (8, 46)
INSERT dbo.product_detail_image(image_id, product_detail_id) VALUES (2, 49)
INSERT dbo.product_detail_image(image_id, product_detail_id) VALUES (5, 21)
INSERT dbo.product_detail_image(image_id, product_detail_id) VALUES (5, 21)
INSERT dbo.product_detail_image(image_id, product_detail_id) VALUES (7, 1)
INSERT dbo.product_detail_image(image_id, product_detail_id) VALUES (1, 22)
INSERT dbo.product_detail_image(image_id, product_detail_id) VALUES (3, 24)
INSERT dbo.product_detail_image(image_id, product_detail_id) VALUES (9, 5)
INSERT dbo.product_detail_image(image_id, product_detail_id) VALUES (6, 38)
INSERT dbo.product_detail_image(image_id, product_detail_id) VALUES (6, 47)
INSERT dbo.product_detail_image(image_id, product_detail_id) VALUES (8, 38)
INSERT dbo.product_detail_image(image_id, product_detail_id) VALUES (5, 47)
INSERT dbo.product_detail_image(image_id, product_detail_id) VALUES (9, 41)
INSERT dbo.product_detail_image(image_id, product_detail_id) VALUES (4, 48)
INSERT dbo.product_detail_image(image_id, product_detail_id) VALUES (6, 20)
INSERT dbo.product_detail_image(image_id, product_detail_id) VALUES (2, 9)
INSERT dbo.product_detail_image(image_id, product_detail_id) VALUES (9, 41)
INSERT dbo.product_detail_image(image_id, product_detail_id) VALUES (1, 37)
INSERT dbo.product_detail_image(image_id, product_detail_id) VALUES (3, 11)
INSERT dbo.product_detail_image(image_id, product_detail_id) VALUES (9, 45)
INSERT dbo.product_detail_image(image_id, product_detail_id) VALUES (3, 34)
INSERT dbo.product_detail_image(image_id, product_detail_id) VALUES (2, 24)
INSERT dbo.product_detail_image(image_id, product_detail_id) VALUES (4, 49)
INSERT dbo.product_detail_image(image_id, product_detail_id) VALUES (1, 23)
INSERT dbo.product_detail_image(image_id, product_detail_id) VALUES (9, 43)
INSERT dbo.product_detail_image(image_id, product_detail_id) VALUES (8, 43)
INSERT dbo.product_detail_image(image_id, product_detail_id) VALUES (1, 21)
INSERT dbo.product_detail_image(image_id, product_detail_id) VALUES (6, 9)
INSERT dbo.product_detail_image(image_id, product_detail_id) VALUES (1, 8)
INSERT dbo.product_detail_image(image_id, product_detail_id) VALUES (6, 34)
INSERT dbo.product_detail_image(image_id, product_detail_id) VALUES (6, 26)
INSERT dbo.product_detail_image(image_id, product_detail_id) VALUES (8, 20)
INSERT dbo.product_detail_image(image_id, product_detail_id) VALUES (3, 23)
INSERT dbo.product_detail_image(image_id, product_detail_id) VALUES (2, 20)
INSERT dbo.product_detail_image(image_id, product_detail_id) VALUES (5, 37)
INSERT dbo.product_detail_image(image_id, product_detail_id) VALUES (4, 7)
INSERT dbo.product_detail_image(image_id, product_detail_id) VALUES (1, 17)
INSERT dbo.product_detail_image(image_id, product_detail_id) VALUES (9, 46)
INSERT dbo.product_detail_image(image_id, product_detail_id) VALUES (1, 41)
INSERT dbo.product_detail_image(image_id, product_detail_id) VALUES (7, 28)
INSERT dbo.product_detail_image(image_id, product_detail_id) VALUES (7, 22)
GO

--
-- Inserting data into table dbo.tokens
--
SET IDENTITY_INSERT dbo.tokens ON
GO
INSERT dbo.tokens(id, account_id, expired, is_mobile, revoked, created_date, expiration_date, refresh_expiration_date, updated_date, token_type, refresh_token, token) VALUES (1, 1, 0, 1, 0, '2007-05-17 16:16:26.6120000', '1999-12-06 14:23:55.2050000', '1973-03-05 05:01:10.0200000', '2000-03-14 04:17:32.1610000', 'JGQE', 'CLUM', 'CCUJ')
GO
SET IDENTITY_INSERT dbo.tokens OFF
GO

--
-- Inserting data into table dbo.voucher_customer
--
INSERT dbo.voucher_customer(customer_id, voucher_id) VALUES (1, 1)
INSERT dbo.voucher_customer(customer_id, voucher_id) VALUES (1, 1)
INSERT dbo.voucher_customer(customer_id, voucher_id) VALUES (1, 1)
INSERT dbo.voucher_customer(customer_id, voucher_id) VALUES (1, 2)
INSERT dbo.voucher_customer(customer_id, voucher_id) VALUES (1, 2)
INSERT dbo.voucher_customer(customer_id, voucher_id) VALUES (1, 1)
INSERT dbo.voucher_customer(customer_id, voucher_id) VALUES (1, 2)
INSERT dbo.voucher_customer(customer_id, voucher_id) VALUES (1, 2)
INSERT dbo.voucher_customer(customer_id, voucher_id) VALUES (1, 1)
INSERT dbo.voucher_customer(customer_id, voucher_id) VALUES (1, 2)
INSERT dbo.voucher_customer(customer_id, voucher_id) VALUES (1, 2)
INSERT dbo.voucher_customer(customer_id, voucher_id) VALUES (1, 1)
INSERT dbo.voucher_customer(customer_id, voucher_id) VALUES (1, 2)
INSERT dbo.voucher_customer(customer_id, voucher_id) VALUES (1, 1)
INSERT dbo.voucher_customer(customer_id, voucher_id) VALUES (1, 2)
INSERT dbo.voucher_customer(customer_id, voucher_id) VALUES (1, 1)
INSERT dbo.voucher_customer(customer_id, voucher_id) VALUES (1, 1)
INSERT dbo.voucher_customer(customer_id, voucher_id) VALUES (1, 2)
INSERT dbo.voucher_customer(customer_id, voucher_id) VALUES (1, 1)
INSERT dbo.voucher_customer(customer_id, voucher_id) VALUES (1, 2)
INSERT dbo.voucher_customer(customer_id, voucher_id) VALUES (1, 1)
INSERT dbo.voucher_customer(customer_id, voucher_id) VALUES (1, 2)
INSERT dbo.voucher_customer(customer_id, voucher_id) VALUES (1, 1)
INSERT dbo.voucher_customer(customer_id, voucher_id) VALUES (1, 1)
INSERT dbo.voucher_customer(customer_id, voucher_id) VALUES (1, 1)
INSERT dbo.voucher_customer(customer_id, voucher_id) VALUES (1, 2)
INSERT dbo.voucher_customer(customer_id, voucher_id) VALUES (1, 2)
INSERT dbo.voucher_customer(customer_id, voucher_id) VALUES (1, 2)
INSERT dbo.voucher_customer(customer_id, voucher_id) VALUES (1, 2)
INSERT dbo.voucher_customer(customer_id, voucher_id) VALUES (1, 1)
INSERT dbo.voucher_customer(customer_id, voucher_id) VALUES (1, 2)
INSERT dbo.voucher_customer(customer_id, voucher_id) VALUES (1, 1)
INSERT dbo.voucher_customer(customer_id, voucher_id) VALUES (1, 2)
INSERT dbo.voucher_customer(customer_id, voucher_id) VALUES (1, 2)
INSERT dbo.voucher_customer(customer_id, voucher_id) VALUES (1, 2)
INSERT dbo.voucher_customer(customer_id, voucher_id) VALUES (1, 2)
INSERT dbo.voucher_customer(customer_id, voucher_id) VALUES (1, 2)
INSERT dbo.voucher_customer(customer_id, voucher_id) VALUES (1, 2)
INSERT dbo.voucher_customer(customer_id, voucher_id) VALUES (1, 1)
INSERT dbo.voucher_customer(customer_id, voucher_id) VALUES (1, 2)
INSERT dbo.voucher_customer(customer_id, voucher_id) VALUES (1, 1)
INSERT dbo.voucher_customer(customer_id, voucher_id) VALUES (1, 1)
INSERT dbo.voucher_customer(customer_id, voucher_id) VALUES (1, 1)
INSERT dbo.voucher_customer(customer_id, voucher_id) VALUES (1, 2)
INSERT dbo.voucher_customer(customer_id, voucher_id) VALUES (1, 1)
INSERT dbo.voucher_customer(customer_id, voucher_id) VALUES (1, 1)
INSERT dbo.voucher_customer(customer_id, voucher_id) VALUES (1, 1)
INSERT dbo.voucher_customer(customer_id, voucher_id) VALUES (1, 1)
INSERT dbo.voucher_customer(customer_id, voucher_id) VALUES (1, 1)
INSERT dbo.voucher_customer(customer_id, voucher_id) VALUES (1, 1)
GO

--
-- Set NOEXEC to off
--

SET NOEXEC OFF
GO