--
-- Script was generated by Devart dbForge Studio 2019 for SQL Server, Version 5.8.107.0
-- Product Home Page: http://www.devart.com/dbforge/sql/studio
-- Script date 9/30/2024 5:16:01 PM
-- Target server version: 14.00.1000
-- Target connection string: Encrypt=False;Integrated Security=False;User ID=sa
-- Please backup your target database before running this script
--



SET LANGUAGE 'English'
SET DATEFORMAT ymd
SET ARITHABORT, ANSI_PADDING, ANSI_WARNINGS, CONCAT_NULL_YIELDS_NULL, QUOTED_IDENTIFIER, ANSI_NULLS, NOCOUNT ON
SET NUMERIC_ROUNDABORT, IMPLICIT_TRANSACTIONS, XACT_ABORT OFF
GO

USE final
GO

IF DB_NAME() <> N'final' SET NOEXEC ON
GO
--
-- Delete data from the table 'dbo.voucher_customer'
--
TRUNCATE TABLE dbo.voucher_customer
GO
--
-- Delete data from the table 'dbo.order_detail'
--
TRUNCATE TABLE dbo.order_detail
GO
--
-- Delete data from the table 'dbo.history'
--
TRUNCATE TABLE dbo.history
GO
--
-- Delete data from the table 'dbo.cart_detail'
--
TRUNCATE TABLE dbo.cart_detail
GO
--
-- Delete data from the table 'dbo.address'
--
TRUNCATE TABLE dbo.address
GO
--
-- Delete data from the table 'dbo.orders'
--
DELETE dbo.orders
GO
--
-- Delete data from the table 'dbo.cart'
--
DELETE dbo.cart
GO
--
-- Delete data from the table 'dbo.staff'
--
DELETE dbo.staff
GO
--
-- Delete data from the table 'dbo.product_detail'
--
DELETE dbo.product_detail
GO
--
-- Delete data from the table 'dbo.voucher'
--
DELETE dbo.voucher
GO
--
-- Delete data from the table 'dbo.thickness'
--
DELETE dbo.thickness
GO
--
-- Delete data from the table 'dbo.texture'
--
DELETE dbo.texture
GO
--
-- Delete data from the table 'dbo.style'
--
DELETE dbo.style
GO
--
-- Delete data from the table 'dbo.sleeve'
--
DELETE dbo.sleeve
GO
--
-- Delete data from the table 'dbo.size'
--
DELETE dbo.size
GO
--
-- Delete data from the table 'dbo.role'
--
DELETE dbo.role
GO
--
-- Delete data from the table 'dbo.product'
--
DELETE dbo.product
GO
--
-- Delete data from the table 'dbo.payment'
--
TRUNCATE TABLE dbo.payment
GO
--
-- Delete data from the table 'dbo.origin'
--
DELETE dbo.origin
GO
--
-- Delete data from the table 'dbo.material'
--
DELETE dbo.material
GO
--
-- Delete data from the table 'dbo.image'
--
DELETE dbo.image
GO
--
-- Delete data from the table 'dbo.elasticity'
--
DELETE dbo.elasticity
GO
--
-- Delete data from the table 'dbo.customer'
--
DELETE dbo.customer
GO
--
-- Delete data from the table 'dbo.color'
--
DELETE dbo.color
GO
--
-- Delete data from the table 'dbo.collar'
--
DELETE dbo.collar
GO
--
-- Delete data from the table 'dbo.brand'
--
DELETE dbo.brand
GO

--
-- Inserting data into table dbo.brand
--
SET IDENTITY_INSERT dbo.brand ON
GO
INSERT dbo.brand(id, created_date, deleted, updated_date, code, name) VALUES (1, '1984-04-06', 1, '1980-08-26', 'K2X8BTQ', 'Ligon568')
INSERT dbo.brand(id, created_date, deleted, updated_date, code, name) VALUES (2, '2009-12-18', 0, '2008-06-11', 'KZ1BD1Q', 'Goetz1965')
INSERT dbo.brand(id, created_date, deleted, updated_date, code, name) VALUES (3, '2007-01-15', 0, '1981-04-15', '77399A7', 'Lonna33')
INSERT dbo.brand(id, created_date, deleted, updated_date, code, name) VALUES (4, '1993-07-11', 1, '1970-03-09', 'AM6C5X7', 'Florentina2022')
INSERT dbo.brand(id, created_date, deleted, updated_date, code, name) VALUES (5, '2024-02-08', 1, '1993-03-21', 'G388E78', 'Overton2023')
INSERT dbo.brand(id, created_date, deleted, updated_date, code, name) VALUES (6, '2003-01-19', 0, '1980-01-12', 'U99VVJG', 'Alonso823')
INSERT dbo.brand(id, created_date, deleted, updated_date, code, name) VALUES (7, '1971-07-21', 1, '1994-12-08', 'N63ZVIY', 'Blake1987')
INSERT dbo.brand(id, created_date, deleted, updated_date, code, name) VALUES (8, '1972-07-03', 0, '1988-03-09', 'D239Q7L', 'Eugenie1979')
INSERT dbo.brand(id, created_date, deleted, updated_date, code, name) VALUES (9, '1970-02-10', 0, '2002-07-08', 'H4AEY79', 'Crouse646')
INSERT dbo.brand(id, created_date, deleted, updated_date, code, name) VALUES (10, '2020-07-04', 0, '2021-10-03', 'EDCU6NA', 'Sachiko27')
INSERT dbo.brand(id, created_date, deleted, updated_date, code, name) VALUES (11, '2005-11-02', 1, '1975-11-12', '3LAT993', 'Wilbanks49')
INSERT dbo.brand(id, created_date, deleted, updated_date, code, name) VALUES (12, '1970-01-31', 0, '1971-09-05', 'JH2ZL48', 'Winstead2015')
INSERT dbo.brand(id, created_date, deleted, updated_date, code, name) VALUES (13, '1991-05-23', 1, '2006-02-06', 'NO86NZ1', 'Albertson9')
INSERT dbo.brand(id, created_date, deleted, updated_date, code, name) VALUES (14, '2008-05-11', 1, '1973-06-18', 'Y60901O', 'Adah769')
INSERT dbo.brand(id, created_date, deleted, updated_date, code, name) VALUES (15, '1970-01-14', 0, '2000-03-12', '72KDDH3', 'Moises294')
INSERT dbo.brand(id, created_date, deleted, updated_date, code, name) VALUES (16, '2003-09-01', 1, '1970-01-01', '7Y690DX', 'Effie769')
INSERT dbo.brand(id, created_date, deleted, updated_date, code, name) VALUES (17, '2015-09-11', 0, '1998-03-29', 'TVJF656', 'Melonie3')
INSERT dbo.brand(id, created_date, deleted, updated_date, code, name) VALUES (18, '1989-01-21', 1, '1976-08-31', '5PKI3BG', 'Abbie2007')
INSERT dbo.brand(id, created_date, deleted, updated_date, code, name) VALUES (19, '1970-01-06', 0, '2022-04-22', 'AL1CT25', 'Frederick2022')
INSERT dbo.brand(id, created_date, deleted, updated_date, code, name) VALUES (20, '1973-04-03', 1, '1987-02-12', 'B985AER', 'Alfaro542')
INSERT dbo.brand(id, created_date, deleted, updated_date, code, name) VALUES (21, '1992-05-20', 0, '2022-07-09', 'U5YJSM2', 'Stephen2028')
INSERT dbo.brand(id, created_date, deleted, updated_date, code, name) VALUES (22, '1979-05-27', 0, '1977-04-23', 'EJ49497', 'Joe92')
INSERT dbo.brand(id, created_date, deleted, updated_date, code, name) VALUES (23, '1977-08-03', 1, '1970-01-09', 'C5I85QY', 'Almeida2000')
INSERT dbo.brand(id, created_date, deleted, updated_date, code, name) VALUES (24, '1971-10-09', 1, '1982-10-25', 'U4AV12R', 'Argentina111')
INSERT dbo.brand(id, created_date, deleted, updated_date, code, name) VALUES (25, '1992-03-10', 1, '1981-02-15', '8T7O7A2', 'Abernathy1993')
INSERT dbo.brand(id, created_date, deleted, updated_date, code, name) VALUES (26, '1976-01-08', 1, '2009-11-26', '82000B3', 'Blake1978')
INSERT dbo.brand(id, created_date, deleted, updated_date, code, name) VALUES (27, '2016-07-21', 0, '1970-03-06', '3RG9ZX2', 'Byrne2010')
INSERT dbo.brand(id, created_date, deleted, updated_date, code, name) VALUES (28, '1981-03-10', 1, '1970-01-03', 'HEJBB94', 'Benson1956')
INSERT dbo.brand(id, created_date, deleted, updated_date, code, name) VALUES (29, '2001-02-08', 1, '1987-04-11', 'X76S2W1', 'Augustina1975')
INSERT dbo.brand(id, created_date, deleted, updated_date, code, name) VALUES (30, '2014-10-01', 0, '2020-10-04', '35C611H', 'Dunning284')
INSERT dbo.brand(id, created_date, deleted, updated_date, code, name) VALUES (31, '2000-02-15', 0, '1970-04-08', 'P95EJFM', 'Ray261')
INSERT dbo.brand(id, created_date, deleted, updated_date, code, name) VALUES (32, '1971-09-15', 1, '1997-10-09', '2KN4AUU', 'Lawson344')
INSERT dbo.brand(id, created_date, deleted, updated_date, code, name) VALUES (33, '2012-01-26', 1, '2006-08-20', '9BRZ06K', 'Hanlon859')
INSERT dbo.brand(id, created_date, deleted, updated_date, code, name) VALUES (34, '1999-08-09', 1, '1990-09-10', '56261SP', 'Joe2002')
INSERT dbo.brand(id, created_date, deleted, updated_date, code, name) VALUES (35, '2002-11-15', 1, '1975-01-05', '9W0D1DR', 'Atwell2028')
INSERT dbo.brand(id, created_date, deleted, updated_date, code, name) VALUES (36, '1970-01-05', 1, '1993-06-10', '2Z8HW8Z', 'Salerno2018')
INSERT dbo.brand(id, created_date, deleted, updated_date, code, name) VALUES (37, '2002-06-13', 0, '2011-03-15', 'R218VQ3', 'Barker7')
INSERT dbo.brand(id, created_date, deleted, updated_date, code, name) VALUES (38, '1970-04-08', 1, '1989-03-25', '1J76416', 'Janita2009')
INSERT dbo.brand(id, created_date, deleted, updated_date, code, name) VALUES (39, '1994-04-19', 0, '2008-02-06', 'JUK1D9P', 'Aguilera335')
INSERT dbo.brand(id, created_date, deleted, updated_date, code, name) VALUES (40, '1989-03-10', 0, '1976-01-13', '13S26W9', 'Kenna511')
INSERT dbo.brand(id, created_date, deleted, updated_date, code, name) VALUES (41, '1970-02-27', 0, '1999-10-01', '0N2JP33', 'Lucie2024')
INSERT dbo.brand(id, created_date, deleted, updated_date, code, name) VALUES (42, '1978-06-15', 0, '1970-01-07', 'BKXLR08', 'Marlin2013')
INSERT dbo.brand(id, created_date, deleted, updated_date, code, name) VALUES (43, '1970-02-23', 1, '1988-06-06', 'U5FXJKM', 'Atkinson8')
INSERT dbo.brand(id, created_date, deleted, updated_date, code, name) VALUES (44, '1971-01-18', 1, '1971-07-29', '3YPYFF9', 'Becker2004')
INSERT dbo.brand(id, created_date, deleted, updated_date, code, name) VALUES (45, '1970-09-01', 0, '1970-01-05', '9P8M1A8', 'Adena734')
INSERT dbo.brand(id, created_date, deleted, updated_date, code, name) VALUES (46, '1990-12-18', 0, '1970-02-10', 'V88QSK6', 'Sharp5')
INSERT dbo.brand(id, created_date, deleted, updated_date, code, name) VALUES (47, '2000-08-24', 0, '1992-06-07', 'H8I5F3N', 'Lazaro1990')
INSERT dbo.brand(id, created_date, deleted, updated_date, code, name) VALUES (48, '1979-09-05', 0, '2012-10-29', 'AB0SX5Z', 'Petrie21')
INSERT dbo.brand(id, created_date, deleted, updated_date, code, name) VALUES (49, '2015-02-14', 0, '2000-04-20', 'FNIVNN0', 'Wen186')
INSERT dbo.brand(id, created_date, deleted, updated_date, code, name) VALUES (50, '2020-06-06', 1, '2017-06-27', '3R04878', 'Aguiar177')
GO
SET IDENTITY_INSERT dbo.brand OFF
GO

--
-- Inserting data into table dbo.collar
--
SET IDENTITY_INSERT dbo.collar ON
GO
INSERT dbo.collar(id, created_date, deleted, updated_date, code, name) VALUES (1, '2019-05-21', 0, '1989-10-29', '7D4FAHD', 'Arthur154')
INSERT dbo.collar(id, created_date, deleted, updated_date, code, name) VALUES (2, '1971-07-24', 0, '1973-06-30', '86F19BK', 'Alyce59')
INSERT dbo.collar(id, created_date, deleted, updated_date, code, name) VALUES (3, '2021-10-13', 0, '1995-04-06', 'UB4K9K3', 'Bordelon1966')
INSERT dbo.collar(id, created_date, deleted, updated_date, code, name) VALUES (4, '1984-05-17', 1, '2013-02-24', 'ZPW4GW6', 'Gleason2015')
INSERT dbo.collar(id, created_date, deleted, updated_date, code, name) VALUES (5, '1984-05-14', 1, '2019-02-26', 'X48QLM3', 'Britteny278')
INSERT dbo.collar(id, created_date, deleted, updated_date, code, name) VALUES (6, '1970-01-06', 0, '1976-12-03', 'BH1ZQI6', 'Socorro4')
INSERT dbo.collar(id, created_date, deleted, updated_date, code, name) VALUES (7, '1977-01-02', 0, '1992-11-19', '9M27IB5', 'Olen1980')
INSERT dbo.collar(id, created_date, deleted, updated_date, code, name) VALUES (8, '1985-10-27', 0, '2003-07-04', '58H5866', 'Malik143')
INSERT dbo.collar(id, created_date, deleted, updated_date, code, name) VALUES (9, '2024-04-11', 0, '1986-10-26', '0B32156', 'Takisha2019')
INSERT dbo.collar(id, created_date, deleted, updated_date, code, name) VALUES (10, '1970-01-01', 1, '1993-03-23', 'V1F3LMB', 'Gerry1977')
INSERT dbo.collar(id, created_date, deleted, updated_date, code, name) VALUES (11, '1992-12-16', 0, '1970-01-05', 'X8CEQV6', 'Randa14')
INSERT dbo.collar(id, created_date, deleted, updated_date, code, name) VALUES (12, '1973-11-21', 0, '2010-12-16', '72GHT26', 'Novella6')
INSERT dbo.collar(id, created_date, deleted, updated_date, code, name) VALUES (13, '2007-02-05', 0, '2013-01-07', 'NAWYC0K', 'Byrnes7')
INSERT dbo.collar(id, created_date, deleted, updated_date, code, name) VALUES (14, '1984-03-09', 1, '2003-06-23', 'ZKK87L5', 'Audrey671')
INSERT dbo.collar(id, created_date, deleted, updated_date, code, name) VALUES (15, '1974-07-03', 1, '1970-07-02', 'QEE6552', 'Adela2')
INSERT dbo.collar(id, created_date, deleted, updated_date, code, name) VALUES (16, '1975-07-02', 1, '1979-01-10', '624369L', 'Genesis2025')
INSERT dbo.collar(id, created_date, deleted, updated_date, code, name) VALUES (17, '2018-07-08', 1, '1971-07-20', '7OV7D0G', 'Agustin3')
INSERT dbo.collar(id, created_date, deleted, updated_date, code, name) VALUES (18, '1986-05-24', 1, '1985-09-30', '8NGF226', 'Daniell417')
INSERT dbo.collar(id, created_date, deleted, updated_date, code, name) VALUES (19, '1994-03-24', 1, '1975-08-16', 'FQJ0Y75', 'Gayle2014')
INSERT dbo.collar(id, created_date, deleted, updated_date, code, name) VALUES (20, '1991-05-19', 1, '1978-01-28', '7I69357', 'Grace12')
INSERT dbo.collar(id, created_date, deleted, updated_date, code, name) VALUES (21, '1971-09-01', 0, '2006-10-20', 'Z2UTHC0', 'Colby523')
INSERT dbo.collar(id, created_date, deleted, updated_date, code, name) VALUES (22, '2018-01-24', 1, '1970-01-10', 'N5LVA93', 'Whipple2007')
INSERT dbo.collar(id, created_date, deleted, updated_date, code, name) VALUES (23, '1977-11-22', 1, '1970-01-24', '76O2HZJ', 'Delmar634')
INSERT dbo.collar(id, created_date, deleted, updated_date, code, name) VALUES (24, '1970-03-20', 0, '1999-05-15', 'C5QVZIB', 'Milford4')
INSERT dbo.collar(id, created_date, deleted, updated_date, code, name) VALUES (25, '2001-02-03', 0, '1995-03-18', 'T2E5876', 'Dino9')
INSERT dbo.collar(id, created_date, deleted, updated_date, code, name) VALUES (26, '1973-03-04', 0, '2001-04-20', 'C0P8412', 'Eddie378')
INSERT dbo.collar(id, created_date, deleted, updated_date, code, name) VALUES (27, '1983-02-26', 1, '2001-01-31', '3CNZJSL', 'Vince45')
INSERT dbo.collar(id, created_date, deleted, updated_date, code, name) VALUES (28, '1972-04-22', 0, '1985-12-15', '36EK1Q0', 'Enda128')
INSERT dbo.collar(id, created_date, deleted, updated_date, code, name) VALUES (29, '2020-09-29', 1, '2012-09-01', '238W65J', 'Isbell299')
INSERT dbo.collar(id, created_date, deleted, updated_date, code, name) VALUES (30, '1991-06-21', 0, '1970-03-23', '320QYOM', 'Rosie1977')
INSERT dbo.collar(id, created_date, deleted, updated_date, code, name) VALUES (31, '1972-04-16', 0, '2002-05-10', '9O66RV3', 'Trice993')
INSERT dbo.collar(id, created_date, deleted, updated_date, code, name) VALUES (32, '1996-05-15', 0, '1971-09-20', 'EX7L4WV', 'Bratton73')
INSERT dbo.collar(id, created_date, deleted, updated_date, code, name) VALUES (33, '2013-03-28', 0, '1997-05-29', 'P7JM2CH', 'Kinsey63')
INSERT dbo.collar(id, created_date, deleted, updated_date, code, name) VALUES (34, '1985-11-30', 1, '1987-11-08', 'KT12VYH', 'Alayna2020')
INSERT dbo.collar(id, created_date, deleted, updated_date, code, name) VALUES (35, '2014-12-06', 1, '2010-02-15', '08451J2', 'Andrew782')
INSERT dbo.collar(id, created_date, deleted, updated_date, code, name) VALUES (36, '2019-05-11', 1, '1992-10-18', 'I01V1V8', 'Naranjo926')
INSERT dbo.collar(id, created_date, deleted, updated_date, code, name) VALUES (37, '2023-08-10', 0, '2004-12-29', 'XO1151Q', 'Jeanmarie29')
INSERT dbo.collar(id, created_date, deleted, updated_date, code, name) VALUES (38, '1982-03-16', 1, '2022-12-20', 'M81AH69', 'Dugas2011')
INSERT dbo.collar(id, created_date, deleted, updated_date, code, name) VALUES (39, '1977-12-27', 0, '1992-03-04', '6FE5FA3', 'Chase1995')
INSERT dbo.collar(id, created_date, deleted, updated_date, code, name) VALUES (40, '2010-07-26', 1, '1984-12-21', 'AIP0AV8', 'Cleo9')
INSERT dbo.collar(id, created_date, deleted, updated_date, code, name) VALUES (41, '1970-03-31', 1, '1972-02-08', '0Q1M9U8', 'Abbott1970')
INSERT dbo.collar(id, created_date, deleted, updated_date, code, name) VALUES (42, '1990-08-02', 1, '1973-12-24', '453RU26', 'Neely39')
INSERT dbo.collar(id, created_date, deleted, updated_date, code, name) VALUES (43, '1985-01-13', 0, '1997-04-19', 'OM6D3Y1', 'Jospeh1994')
INSERT dbo.collar(id, created_date, deleted, updated_date, code, name) VALUES (44, '2006-11-10', 0, '2008-06-10', '0L8313M', 'Adelina62')
INSERT dbo.collar(id, created_date, deleted, updated_date, code, name) VALUES (45, '1995-09-18', 0, '1971-05-13', '65M0O7F', 'Rosario19')
INSERT dbo.collar(id, created_date, deleted, updated_date, code, name) VALUES (46, '1977-07-20', 1, '1998-11-30', '6ULC5C7', 'Adams2016')
INSERT dbo.collar(id, created_date, deleted, updated_date, code, name) VALUES (47, '1970-03-06', 0, '1970-04-04', 'TJB3F61', 'Travis1969')
INSERT dbo.collar(id, created_date, deleted, updated_date, code, name) VALUES (48, '1995-07-02', 0, '1981-03-06', 'J0S9U41', 'Kelley2011')
INSERT dbo.collar(id, created_date, deleted, updated_date, code, name) VALUES (49, '1973-03-07', 1, '1991-09-15', '78346CJ', 'Odis534')
INSERT dbo.collar(id, created_date, deleted, updated_date, code, name) VALUES (50, '1999-06-30', 0, '1996-09-26', 'B23634Z', 'Chance1959')
GO
SET IDENTITY_INSERT dbo.collar OFF
GO

--
-- Inserting data into table dbo.color
--
SET IDENTITY_INSERT dbo.color ON
GO
INSERT dbo.color(id, created_date, deleted, updated_date, code, name) VALUES (1, '1988-04-09', 0, '1970-02-24', '09P06UZ', 'Marlon2026')
INSERT dbo.color(id, created_date, deleted, updated_date, code, name) VALUES (2, '1970-01-18', 1, '1985-02-21', 'GO3C6K7', 'Oliver2000')
INSERT dbo.color(id, created_date, deleted, updated_date, code, name) VALUES (3, '2016-02-10', 1, '2009-04-28', 'ZY23H41', 'Denny59')
INSERT dbo.color(id, created_date, deleted, updated_date, code, name) VALUES (4, '2014-03-11', 0, '1978-04-01', 'KG4HUHZ', 'Villarreal371')
INSERT dbo.color(id, created_date, deleted, updated_date, code, name) VALUES (5, '2008-04-28', 0, '1990-08-25', '57T4937', 'Gentile2028')
INSERT dbo.color(id, created_date, deleted, updated_date, code, name) VALUES (6, '1992-07-01', 0, '1982-12-18', 'D6M290C', 'Abel2006')
INSERT dbo.color(id, created_date, deleted, updated_date, code, name) VALUES (7, '1970-02-13', 0, '2011-01-16', '14N99HU', 'Thomas1957')
INSERT dbo.color(id, created_date, deleted, updated_date, code, name) VALUES (8, '1978-06-23', 0, '1970-01-08', 'WUCO0C5', 'Lyndon1990')
INSERT dbo.color(id, created_date, deleted, updated_date, code, name) VALUES (9, '2005-08-03', 0, '1978-03-11', 'K877N32', 'Carey354')
INSERT dbo.color(id, created_date, deleted, updated_date, code, name) VALUES (10, '2016-08-30', 0, '1995-07-25', '90XY83O', 'Shandi2016')
INSERT dbo.color(id, created_date, deleted, updated_date, code, name) VALUES (11, '1971-01-19', 1, '2022-04-23', '41KNSJ8', 'Meeks2007')
INSERT dbo.color(id, created_date, deleted, updated_date, code, name) VALUES (12, '1971-04-03', 1, '1994-03-22', '2CYLL51', 'Noe1998')
INSERT dbo.color(id, created_date, deleted, updated_date, code, name) VALUES (13, '1987-04-28', 0, '2008-05-06', 'CL03G7M', 'Youngblood1996')
INSERT dbo.color(id, created_date, deleted, updated_date, code, name) VALUES (14, '1971-04-21', 1, '1985-01-08', 'XZ8Z7ZE', 'Honeycutt2001')
INSERT dbo.color(id, created_date, deleted, updated_date, code, name) VALUES (15, '2003-07-05', 1, '1971-06-23', '33X0TML', 'Augustus2018')
INSERT dbo.color(id, created_date, deleted, updated_date, code, name) VALUES (16, '1986-02-23', 1, '1970-01-02', 'VE85GNV', 'Dewitt9')
INSERT dbo.color(id, created_date, deleted, updated_date, code, name) VALUES (17, '1994-06-03', 1, '2020-02-16', '7KEK06Q', 'Tawana1976')
INSERT dbo.color(id, created_date, deleted, updated_date, code, name) VALUES (18, '2020-03-22', 1, '1972-10-31', '5653X8P', 'Lyle2017')
INSERT dbo.color(id, created_date, deleted, updated_date, code, name) VALUES (19, '1986-08-23', 1, '1970-12-28', '5F5KC5R', 'Criselda1963')
INSERT dbo.color(id, created_date, deleted, updated_date, code, name) VALUES (20, '1990-04-14', 1, '1997-11-29', '42NNQ2B', 'Abbott1987')
INSERT dbo.color(id, created_date, deleted, updated_date, code, name) VALUES (21, '1970-01-05', 0, '2019-09-30', '2B28A0D', 'Matt2017')
INSERT dbo.color(id, created_date, deleted, updated_date, code, name) VALUES (22, '1971-08-09', 0, '1970-03-24', 'B579UC4', 'Andrew393')
INSERT dbo.color(id, created_date, deleted, updated_date, code, name) VALUES (23, '1970-01-09', 0, '1970-01-10', '72M2V4I', 'Sherman2003')
INSERT dbo.color(id, created_date, deleted, updated_date, code, name) VALUES (24, '2024-01-04', 1, '1976-08-21', '9B518P1', 'Holmes423')
INSERT dbo.color(id, created_date, deleted, updated_date, code, name) VALUES (25, '1972-08-08', 1, '2007-05-27', '3PEI32I', 'Angel1996')
INSERT dbo.color(id, created_date, deleted, updated_date, code, name) VALUES (26, '1985-04-17', 1, '2005-12-17', 'N9H3O00', 'Dirk1977')
INSERT dbo.color(id, created_date, deleted, updated_date, code, name) VALUES (27, '2005-01-02', 0, '1970-11-29', '3069S3G', 'Redd2010')
INSERT dbo.color(id, created_date, deleted, updated_date, code, name) VALUES (28, '2018-03-17', 0, '1975-11-11', '4UM8GI2', 'Hong2012')
INSERT dbo.color(id, created_date, deleted, updated_date, code, name) VALUES (29, '1970-01-09', 0, '1986-02-10', 'F1W5ANI', 'Kanisha1974')
INSERT dbo.color(id, created_date, deleted, updated_date, code, name) VALUES (30, '2010-11-10', 1, '1978-11-05', '6H88PS5', 'Walter767')
INSERT dbo.color(id, created_date, deleted, updated_date, code, name) VALUES (31, '1997-08-27', 0, '1970-01-24', '15949NW', 'Crenshaw1965')
INSERT dbo.color(id, created_date, deleted, updated_date, code, name) VALUES (32, '1970-04-03', 1, '1970-04-04', 'O7BXK73', 'Scales299')
INSERT dbo.color(id, created_date, deleted, updated_date, code, name) VALUES (33, '1973-10-16', 1, '1970-01-04', 'L819Y31', 'Gatewood8')
INSERT dbo.color(id, created_date, deleted, updated_date, code, name) VALUES (34, '2001-06-30', 1, '1971-10-31', '5MPVIB7', 'Molina393')
INSERT dbo.color(id, created_date, deleted, updated_date, code, name) VALUES (35, '2002-05-16', 0, '1997-04-11', 'Q77BWNE', 'Castleberry2010')
INSERT dbo.color(id, created_date, deleted, updated_date, code, name) VALUES (36, '1970-04-06', 1, '1970-09-19', '7L6N4CE', 'Acevedo2009')
INSERT dbo.color(id, created_date, deleted, updated_date, code, name) VALUES (37, '2022-09-10', 1, '1977-02-22', 'Q53B44R', 'Kendrick68')
INSERT dbo.color(id, created_date, deleted, updated_date, code, name) VALUES (38, '1999-12-11', 0, '1970-01-02', '4I12NQ2', 'Jerry1966')
INSERT dbo.color(id, created_date, deleted, updated_date, code, name) VALUES (39, '1970-03-08', 0, '1980-04-24', '2OTQYP5', 'Macklin1950')
INSERT dbo.color(id, created_date, deleted, updated_date, code, name) VALUES (40, '1973-07-29', 1, '2023-12-16', '1QYM5J4', 'Belinda21')
INSERT dbo.color(id, created_date, deleted, updated_date, code, name) VALUES (41, '1970-01-19', 1, '1974-01-05', '2R4V7UM', 'Mose1996')
INSERT dbo.color(id, created_date, deleted, updated_date, code, name) VALUES (42, '1971-04-05', 0, '2001-07-14', 'DU81YK7', 'Griggs1998')
INSERT dbo.color(id, created_date, deleted, updated_date, code, name) VALUES (43, '1971-08-30', 0, '2008-01-22', '6O1HV7Z', 'Lavern1995')
INSERT dbo.color(id, created_date, deleted, updated_date, code, name) VALUES (44, '1995-10-25', 0, '2021-06-22', '9WX051Q', 'Gleason624')
INSERT dbo.color(id, created_date, deleted, updated_date, code, name) VALUES (45, '2004-03-03', 0, '1988-03-17', '6Q163P9', 'Fellows1951')
INSERT dbo.color(id, created_date, deleted, updated_date, code, name) VALUES (46, '2008-08-29', 1, '2018-12-02', 'P4JT2N5', 'Adela299')
INSERT dbo.color(id, created_date, deleted, updated_date, code, name) VALUES (47, '1996-08-23', 1, '1977-08-08', '923XM6Y', 'Bobbie898')
INSERT dbo.color(id, created_date, deleted, updated_date, code, name) VALUES (48, '2008-11-17', 0, '1970-01-03', '171FYK9', 'Foust87')
INSERT dbo.color(id, created_date, deleted, updated_date, code, name) VALUES (49, '1972-09-12', 0, '1980-06-13', 'LN707LA', 'Alina2029')
INSERT dbo.color(id, created_date, deleted, updated_date, code, name) VALUES (50, '1974-11-13', 1, '2001-05-09', 'GM4F6FA', 'Alfonso1968')
GO
SET IDENTITY_INSERT dbo.color OFF
GO

--
-- Inserting data into table dbo.customer
--
SET IDENTITY_INSERT dbo.customer ON
GO
INSERT dbo.customer(id, birth_day, created_date, deleted, updated_date, code, email, name, password, phone) VALUES (1, '1976-09-01', '1996-09-05', 0, '2021-10-23', 'NDH225B', 'Rodrigues@example.com', 'Ayanna518', 'n2cl9nn1VcC/W8Hou1aHRw==', '(715) 677-8668')
INSERT dbo.customer(id, birth_day, created_date, deleted, updated_date, code, email, name, password, phone) VALUES (2, '1970-11-16', '1984-05-28', 0, '1994-10-03', '00ZWO5Q', 'Rubin78@example.com', 'Karima847', '1kOwmq+6of12T1MG7flbzg==', '(428) 668-4543')
INSERT dbo.customer(id, birth_day, created_date, deleted, updated_date, code, email, name, password, phone) VALUES (3, '1974-11-17', '1986-03-10', 0, '1970-01-07', 'HK3RR15', 'Carlson@nowhere.com', 'Santos2004', 'XiF/Z1oFexcvQc5DMop+Ug==', '(291) 371-6811')
INSERT dbo.customer(id, birth_day, created_date, deleted, updated_date, code, email, name, password, phone) VALUES (4, '1970-02-16', '1972-05-09', 1, '1977-03-29', 'GSKUZ10', 'JerroldRyder@nowhere.com', 'Erwin1951', '7zhX1XzU1vyxym8PN473+w==', '(638) 837-2161')
INSERT dbo.customer(id, birth_day, created_date, deleted, updated_date, code, email, name, password, phone) VALUES (5, '1970-04-04', '2024-08-27', 0, '1980-03-13', 'B68027B', 'AdellaAmos7@example.com', 'Lekisha247', 'cJoM1JtYGd/lTQxZI++tYQ==', '(332) 879-4789')
INSERT dbo.customer(id, birth_day, created_date, deleted, updated_date, code, email, name, password, phone) VALUES (6, '1978-12-14', '1987-06-12', 1, '1986-06-04', 'I4752RJ', 'EasleyY@example.com', 'Miguel82', 'D9dHlFLZPA+iE3YMDUCTOg==', '(796) 239-0866')
INSERT dbo.customer(id, birth_day, created_date, deleted, updated_date, code, email, name, password, phone) VALUES (7, '1970-01-09', '1986-11-26', 0, '1972-03-12', '8F4BZG6', 'AlbertoFong1@example.com', 'Talbott2017', 'Ax9D5R2j9OE3u84bT/E90w==', '(344) 509-0175')
INSERT dbo.customer(id, birth_day, created_date, deleted, updated_date, code, email, name, password, phone) VALUES (8, '1970-02-08', '1970-01-08', 0, '2007-04-19', '12RKH05', 'Abreu@example.com', 'Neal434', '38txQ1dbU2bphdBJi9oosw==', '(437) 422-1089')
INSERT dbo.customer(id, birth_day, created_date, deleted, updated_date, code, email, name, password, phone) VALUES (9, '2005-12-12', '1970-01-09', 1, '1989-08-26', 'YSGV1V9', 'VirginaPulliam578@example.com', 'Darrin7', '+C+Rnnl1V7bX1H40mnAd7Q==', '(676) 408-2458')
INSERT dbo.customer(id, birth_day, created_date, deleted, updated_date, code, email, name, password, phone) VALUES (10, '1994-08-01', '2016-09-04', 0, '1991-12-24', '6GASSBZ', 'Cameron.Yang@example.com', 'Christal1', 'eNiDQM1OLz6XZkat9xFGfQ==', '(448) 360-2062')
INSERT dbo.customer(id, birth_day, created_date, deleted, updated_date, code, email, name, password, phone) VALUES (11, '1970-02-23', '1972-09-13', 0, '1987-03-11', 'XI42EGR', 'ShereeAbernathy1@nowhere.com', 'Austin1959', 'a+Qem9loKBwLV8MVh5GRJw==', '(796) 836-0895')
INSERT dbo.customer(id, birth_day, created_date, deleted, updated_date, code, email, name, password, phone) VALUES (12, '1972-11-12', '1992-05-22', 0, '1970-01-10', '56Y8FE2', 'Aguirre@example.com', 'Devon82', 'dxfT5NRceqQos71PdITd3g==', '(460) 545-2818')
INSERT dbo.customer(id, birth_day, created_date, deleted, updated_date, code, email, name, password, phone) VALUES (13, '1970-03-19', '1970-01-01', 1, '1970-10-26', 'M1UZ7LR', 'Cyril.Christian559@example.com', 'Vannesa1999', 'pkpFSaqjcuMZmX1yZPaicQ==', '(554) 883-3553')
INSERT dbo.customer(id, birth_day, created_date, deleted, updated_date, code, email, name, password, phone) VALUES (14, '1974-04-28', '2004-04-30', 1, '2006-09-18', 'G8995XZ', 'mlorpelv_xmfganzv@nowhere.com', 'Roger1983', 'zJMRcGDwhk8p450S5ogZqA==', '(724) 615-3662')
INSERT dbo.customer(id, birth_day, created_date, deleted, updated_date, code, email, name, password, phone) VALUES (15, '1970-03-13', '1976-05-04', 0, '1975-05-07', 'U34D2Y4', 'wduks8170@example.com', 'Addie5', 'osYU73F29ZEl4hQ9mwfd4Q==', '(686) 207-1885')
INSERT dbo.customer(id, birth_day, created_date, deleted, updated_date, code, email, name, password, phone) VALUES (16, '1974-04-03', '1977-05-17', 0, '2022-04-10', '0GC8F67', 'Glenn273@example.com', 'Milan2022', 'S+bthVPst/EJe/tkm2RYHg==', '(367) 705-7350')
INSERT dbo.customer(id, birth_day, created_date, deleted, updated_date, code, email, name, password, phone) VALUES (17, '1998-08-24', '1980-07-23', 1, '1994-03-08', '386699L', 'Lynsey_Bean@nowhere.com', 'Abernathy1950', '/38hPMtQN/mAnqkuuzZ3Yg==', '(770) 734-1465')
INSERT dbo.customer(id, birth_day, created_date, deleted, updated_date, code, email, name, password, phone) VALUES (18, '2004-07-07', '2019-08-03', 0, '2013-12-20', '137I101', 'FaustoAgnew@example.com', 'Rosalyn98', '1kEbDvnwBpQaNEbcTruHTg==', '(835) 455-9921')
INSERT dbo.customer(id, birth_day, created_date, deleted, updated_date, code, email, name, password, phone) VALUES (19, '2012-02-17', '1985-05-06', 1, '1970-01-07', '963CCPA', 'Lerner69@example.com', 'Kurt2016', 'rfJwOzKhDJXNeD8MGOkGFA==', '(440) 293-5380')
INSERT dbo.customer(id, birth_day, created_date, deleted, updated_date, code, email, name, password, phone) VALUES (20, '1970-01-10', '1987-03-31', 0, '1971-12-03', '6BA0130', 'Ackerman36@example.com', 'Herb83', 'kuTS2j0VKLyfZmi7wm1jPg==', '(837) 524-8846')
INSERT dbo.customer(id, birth_day, created_date, deleted, updated_date, code, email, name, password, phone) VALUES (21, '1991-02-25', '1971-11-17', 1, '1976-11-07', 'RG2658R', 'Treadwell952@example.com', 'Anthony31', 'aAoGfxuGOuqqbJjFrAieUA==', '(560) 984-5655')
INSERT dbo.customer(id, birth_day, created_date, deleted, updated_date, code, email, name, password, phone) VALUES (22, '1990-05-11', '1970-01-04', 1, '1977-02-28', 'Q4U4Z71', 'Culver754@example.com', 'Adam933', 'Ur019lwpLV/gaOw4URSm7g==', '(584) 321-1391')
INSERT dbo.customer(id, birth_day, created_date, deleted, updated_date, code, email, name, password, phone) VALUES (23, '1971-01-01', '1984-09-15', 0, '1994-04-19', '94E7955', 'Mcintyre@example.com', 'Abby9', 'TH1/tgsPaMB3he9h7OG9vg==', '(403) 928-0239')
INSERT dbo.customer(id, birth_day, created_date, deleted, updated_date, code, email, name, password, phone) VALUES (24, '2000-12-13', '1988-09-23', 0, '1980-07-06', '44QF25P', 'DonteAbbott@example.com', 'Ada2015', '159DzxmTq9MNsy1fIUT0Qg==', '(363) 434-2744')
INSERT dbo.customer(id, birth_day, created_date, deleted, updated_date, code, email, name, password, phone) VALUES (25, '1978-12-13', '1980-08-01', 1, '1989-05-04', 'DN0Z4NK', 'Adolph.Putnam@example.com', 'Champion1', '2Cmh5Vmo+rrT+iKFuMKw4w==', '(136) 597-9874')
INSERT dbo.customer(id, birth_day, created_date, deleted, updated_date, code, email, name, password, phone) VALUES (26, '1975-06-29', '1980-02-28', 1, '1970-04-29', '89M6Q0I', 'Bueno485@example.com', 'Doretha2011', 'jJwua3TkxLTSAmy5pHmanA==', '(652) 259-5547')
INSERT dbo.customer(id, birth_day, created_date, deleted, updated_date, code, email, name, password, phone) VALUES (27, '1978-03-13', '1991-11-16', 0, '1991-03-24', 'BE8J573', 'Terence.SRocha@nowhere.com', 'Marlena133', 't3efIQpOoMXYy3sboSh2Xw==', '(903) 199-7541')
INSERT dbo.customer(id, birth_day, created_date, deleted, updated_date, code, email, name, password, phone) VALUES (28, '1970-03-17', '1979-06-23', 1, '2001-06-21', 'R91C9CE', 'Carmichael6@example.com', 'Nutt2014', '1bsae2YCbr5lRT7eVCcRnA==', '(535) 006-8709')
INSERT dbo.customer(id, birth_day, created_date, deleted, updated_date, code, email, name, password, phone) VALUES (29, '1970-06-18', '1970-01-08', 1, '2004-08-18', '1A62116', 'Zapata4@example.com', 'Applegate5', 'Xvb1v8vmwSTExubGwYeyGw==', '(978) 635-6401')
INSERT dbo.customer(id, birth_day, created_date, deleted, updated_date, code, email, name, password, phone) VALUES (30, '1974-07-31', '1970-03-17', 0, '1974-12-06', 'VAK27PQ', 'Jorgensen@nowhere.com', 'Arnulfo722', 'xSTL9kCnlWNEbId12gvhVw==', '(244) 103-8844')
INSERT dbo.customer(id, birth_day, created_date, deleted, updated_date, code, email, name, password, phone) VALUES (31, '1996-08-25', '1971-02-19', 1, '2006-11-30', 'X091B2G', 'AlbinaAllen@nowhere.com', 'Alford1987', '8fNumK2kvfsviIkpGkCgww==', '(441) 708-6471')
INSERT dbo.customer(id, birth_day, created_date, deleted, updated_date, code, email, name, password, phone) VALUES (32, '2011-03-11', '2016-07-30', 0, '1979-02-12', '9QR6ZH6', 'Hung_Lundberg@example.com', 'Sharilyn1961', 'UD+Cc+P3SmpzzIrSNvJbGw==', '(900) 174-2439')
INSERT dbo.customer(id, birth_day, created_date, deleted, updated_date, code, email, name, password, phone) VALUES (33, '1977-03-01', '2016-01-26', 1, '1983-10-26', '143G18K', 'Larry_Leal9@nowhere.com', 'Maurice1993', 'q5FcHT6VGWDugi79/+gp3w==', '(292) 282-3646')
INSERT dbo.customer(id, birth_day, created_date, deleted, updated_date, code, email, name, password, phone) VALUES (34, '2018-12-17', '1973-09-15', 1, '2021-06-14', 'HXN6E48', 'DelorseG.Bello111@example.com', 'Rolando1997', 'EhuN9F8Ifc51oiBBDvoRRw==', '(288) 288-2939')
INSERT dbo.customer(id, birth_day, created_date, deleted, updated_date, code, email, name, password, phone) VALUES (35, '1999-04-22', '2001-07-01', 0, '2012-03-30', '146OM24', 'Arreola@example.com', 'Gallegos6', '7ThiR8xycPqbWLAzDaCcVw==', '(702) 921-8337')
INSERT dbo.customer(id, birth_day, created_date, deleted, updated_date, code, email, name, password, phone) VALUES (36, '1985-08-11', '2015-05-16', 1, '1978-10-02', '5BTX1X2', 'Stapleton@nowhere.com', 'Newton671', 'WI5PBNGdDigBhvsayL+iUA==', '(958) 835-2013')
INSERT dbo.customer(id, birth_day, created_date, deleted, updated_date, code, email, name, password, phone) VALUES (37, '1998-02-26', '2007-04-19', 1, '2009-08-12', '8CPN5GC', 'VerdinU274@example.com', 'Tyrone4', 'sed0wtRnkQlaOufWwWe1gA==', '(677) 314-9812')
INSERT dbo.customer(id, birth_day, created_date, deleted, updated_date, code, email, name, password, phone) VALUES (38, '2024-06-06', '1970-03-05', 0, '2003-03-04', '241MW2V', 'Lafleur@nowhere.com', 'Tim2022', 'irJdxL1Vf2fDLvdZYgH3wQ==', '(590) 129-4993')
INSERT dbo.customer(id, birth_day, created_date, deleted, updated_date, code, email, name, password, phone) VALUES (39, '1970-01-09', '1973-03-10', 1, '1982-03-30', 'N5A3GDO', 'Keven.Darling@nowhere.com', 'Darrel2008', 'NPG8/GR8+ikx9bHnjYAR0g==', '(561) 865-3569')
INSERT dbo.customer(id, birth_day, created_date, deleted, updated_date, code, email, name, password, phone) VALUES (40, '1973-05-16', '2008-06-27', 0, '1999-12-18', '73ZWYSM', 'Casper@nowhere.com', 'Brandon2013', '0F69CbGtE9p0yh+jSAZJOg==', '(920) 056-4004')
INSERT dbo.customer(id, birth_day, created_date, deleted, updated_date, code, email, name, password, phone) VALUES (41, '1970-02-25', '1997-01-27', 0, '1990-02-25', 'D06W564', 'TraceyIrving@example.com', 'Krieger2011', 'i0Pg5skKOKcdz9bjHxHDEg==', '(753) 266-8969')
INSERT dbo.customer(id, birth_day, created_date, deleted, updated_date, code, email, name, password, phone) VALUES (42, '1986-03-12', '1970-03-07', 1, '1970-01-08', '8A77T63', 'Darrin_Z_Landers@nowhere.com', 'Tanisha588', 'mqYQd9JF+3wTRfL3kQAtEg==', '(499) 371-8671')
INSERT dbo.customer(id, birth_day, created_date, deleted, updated_date, code, email, name, password, phone) VALUES (43, '2011-12-04', '1970-01-01', 0, '2005-01-08', 'E89U7TD', 'Smoot671@nowhere.com', 'Mel268', 'F+Ac0P7DqdbCQ7D9Qc551Q==', '(304) 475-3648')
INSERT dbo.customer(id, birth_day, created_date, deleted, updated_date, code, email, name, password, phone) VALUES (44, '1990-08-01', '1973-07-03', 1, '2023-07-11', '4F6P5AT', 'Allard633@example.com', 'Albert253', 'NHpNqmuntxFusgMJekV4Yg==', '(273) 376-3478')
INSERT dbo.customer(id, birth_day, created_date, deleted, updated_date, code, email, name, password, phone) VALUES (45, '1994-08-04', '2022-08-26', 0, '1979-08-27', '8IZDA19', 'Alicea396@example.com', 'Dominguez527', 'e+2Y3G7M6da1dewXIZYK/Q==', '(692) 366-3220')
INSERT dbo.customer(id, birth_day, created_date, deleted, updated_date, code, email, name, password, phone) VALUES (46, '1970-01-07', '1980-09-05', 0, '1970-04-02', '1XH7908', 'Joyce@example.com', 'Taft537', 'rWyxwCj9JuvkiVBrEcsnmA==', '(455) 697-1856')
INSERT dbo.customer(id, birth_day, created_date, deleted, updated_date, code, email, name, password, phone) VALUES (47, '1971-07-17', '2012-11-21', 1, '1987-09-13', 'QKL04QM', 'AbrahamW@example.com', 'Morgan1987', 'i0Pg5skKOKcdz9bjHxHDEg==', '(875) 248-6195')
INSERT dbo.customer(id, birth_day, created_date, deleted, updated_date, code, email, name, password, phone) VALUES (48, '1990-07-10', '1993-11-24', 0, '2014-09-02', 'MU9AX4C', 'Alves695@example.com', 'Sheena2008', 'QZkidc7j0Kj3XSMEhGsELA==', '(671) 459-4786')
INSERT dbo.customer(id, birth_day, created_date, deleted, updated_date, code, email, name, password, phone) VALUES (49, '1970-01-11', '1973-08-30', 0, '1990-06-05', '9KTFFF2', 'AbeHatch385@nowhere.com', 'Nicholas954', 'pGw7VPLJhxzYHa96kySZwA==', '(562) 718-6038')
INSERT dbo.customer(id, birth_day, created_date, deleted, updated_date, code, email, name, password, phone) VALUES (50, '1979-07-22', '1970-01-10', 1, '1971-11-01', 'F86MNWH', 'Abel.I.Boyer@example.com', 'Abney4', 'NBbxq42SMzu7sfWqKUrI6w==', '(443) 178-1765')
GO
SET IDENTITY_INSERT dbo.customer OFF
GO

--
-- Inserting data into table dbo.elasticity
--
SET IDENTITY_INSERT dbo.elasticity ON
GO
INSERT dbo.elasticity(id, created_date, deleted, updated_date, code, name) VALUES (1, '1970-01-01', 1, '1995-05-23', '8C54EWH', 'Abdul551')
INSERT dbo.elasticity(id, created_date, deleted, updated_date, code, name) VALUES (2, '2006-05-20', 0, '1971-11-23', 'K9XH7I8', 'Lizzette466')
INSERT dbo.elasticity(id, created_date, deleted, updated_date, code, name) VALUES (3, '2014-10-13', 0, '1980-05-03', 'VQTGJJD', 'Alonzo2022')
INSERT dbo.elasticity(id, created_date, deleted, updated_date, code, name) VALUES (4, '2000-10-04', 0, '1995-07-15', 'NM095X3', 'Abney7')
INSERT dbo.elasticity(id, created_date, deleted, updated_date, code, name) VALUES (5, '2016-07-19', 1, '1990-04-23', '02T6P12', 'Jarrod2023')
INSERT dbo.elasticity(id, created_date, deleted, updated_date, code, name) VALUES (6, '1970-01-31', 1, '1978-09-19', 'JHMO474', 'Alisa2016')
INSERT dbo.elasticity(id, created_date, deleted, updated_date, code, name) VALUES (7, '2018-12-21', 0, '2005-02-21', '2152T57', 'Bess1981')
INSERT dbo.elasticity(id, created_date, deleted, updated_date, code, name) VALUES (8, '1970-01-06', 1, '1970-01-09', 'NRQY0YE', 'Roark982')
INSERT dbo.elasticity(id, created_date, deleted, updated_date, code, name) VALUES (9, '1970-01-09', 1, '1987-07-31', 'CU87EO0', 'Chadwick842')
INSERT dbo.elasticity(id, created_date, deleted, updated_date, code, name) VALUES (10, '1997-04-22', 0, '2011-06-30', 'H7JWGYL', 'Alphonso8')
INSERT dbo.elasticity(id, created_date, deleted, updated_date, code, name) VALUES (11, '1970-03-04', 1, '1972-01-30', '1E3258H', 'Lacresha5')
INSERT dbo.elasticity(id, created_date, deleted, updated_date, code, name) VALUES (12, '2022-01-04', 1, '1980-09-03', '53RSH4H', 'Denham1998')
INSERT dbo.elasticity(id, created_date, deleted, updated_date, code, name) VALUES (13, '2012-07-15', 1, '1998-07-04', 'RMG65ZG', 'Antonina2029')
INSERT dbo.elasticity(id, created_date, deleted, updated_date, code, name) VALUES (14, '1992-06-20', 0, '1998-12-22', 'FAWZSQ6', 'Adolph1')
INSERT dbo.elasticity(id, created_date, deleted, updated_date, code, name) VALUES (15, '2003-01-14', 0, '1971-07-27', 'AU7794Z', 'Brandon1')
INSERT dbo.elasticity(id, created_date, deleted, updated_date, code, name) VALUES (16, '1970-01-11', 0, '1972-06-22', '18K8YF9', 'Dyan121')
INSERT dbo.elasticity(id, created_date, deleted, updated_date, code, name) VALUES (17, '1991-06-27', 1, '2019-05-27', '0983150', 'Adah395')
INSERT dbo.elasticity(id, created_date, deleted, updated_date, code, name) VALUES (18, '1994-09-28', 1, '1972-03-11', 'UX9I7TP', 'Alene2017')
INSERT dbo.elasticity(id, created_date, deleted, updated_date, code, name) VALUES (19, '2002-05-22', 1, '1983-03-16', 'Q8C9089', 'Lewis543')
INSERT dbo.elasticity(id, created_date, deleted, updated_date, code, name) VALUES (20, '1970-02-12', 1, '2004-08-20', 'GEJ514X', 'Nowlin1968')
INSERT dbo.elasticity(id, created_date, deleted, updated_date, code, name) VALUES (21, '1988-03-30', 1, '2019-09-14', '4649867', 'Barkley797')
INSERT dbo.elasticity(id, created_date, deleted, updated_date, code, name) VALUES (22, '1989-05-27', 0, '2020-01-31', 'K93O40T', 'Foster1958')
INSERT dbo.elasticity(id, created_date, deleted, updated_date, code, name) VALUES (23, '1976-05-12', 1, '1977-03-06', '9J96531', 'Laverne353')
INSERT dbo.elasticity(id, created_date, deleted, updated_date, code, name) VALUES (24, '1994-04-03', 1, '1998-06-04', 'UE4XIVW', 'Andrea989')
INSERT dbo.elasticity(id, created_date, deleted, updated_date, code, name) VALUES (25, '1991-08-24', 0, '2010-06-28', 'Q7H31Z7', 'Addie62')
INSERT dbo.elasticity(id, created_date, deleted, updated_date, code, name) VALUES (26, '1996-01-31', 1, '2018-07-29', 'J1T2U2I', 'Broderick361')
INSERT dbo.elasticity(id, created_date, deleted, updated_date, code, name) VALUES (27, '1998-12-31', 1, '2017-03-16', 'MK87994', 'Albert2005')
INSERT dbo.elasticity(id, created_date, deleted, updated_date, code, name) VALUES (28, '2015-06-25', 1, '2016-05-19', '6M88X2Q', 'Debbie1989')
INSERT dbo.elasticity(id, created_date, deleted, updated_date, code, name) VALUES (29, '2018-10-02', 1, '1996-02-14', '5003H14', 'Jacques876')
INSERT dbo.elasticity(id, created_date, deleted, updated_date, code, name) VALUES (30, '1971-08-08', 1, '1989-04-08', 'IH6Q46D', 'Jon996')
INSERT dbo.elasticity(id, created_date, deleted, updated_date, code, name) VALUES (31, '1971-12-12', 0, '1971-03-12', 'FSL176H', 'Kozlowski2024')
INSERT dbo.elasticity(id, created_date, deleted, updated_date, code, name) VALUES (32, '1991-03-16', 0, '2014-12-25', 'LWUYSP9', 'Ayala471')
INSERT dbo.elasticity(id, created_date, deleted, updated_date, code, name) VALUES (33, '1995-11-04', 1, '2001-12-04', 'S86B4FV', 'Charlie843')
INSERT dbo.elasticity(id, created_date, deleted, updated_date, code, name) VALUES (34, '1974-03-10', 1, '2018-05-27', '84SE4M6', 'Boss2018')
INSERT dbo.elasticity(id, created_date, deleted, updated_date, code, name) VALUES (35, '1980-06-13', 0, '2023-11-20', '9F5X6V5', 'Cherlyn1999')
INSERT dbo.elasticity(id, created_date, deleted, updated_date, code, name) VALUES (36, '1999-10-07', 0, '2012-12-28', '04715TP', 'Crittenden22')
INSERT dbo.elasticity(id, created_date, deleted, updated_date, code, name) VALUES (37, '1970-01-09', 0, '1987-01-22', '47074C0', 'Reita1975')
INSERT dbo.elasticity(id, created_date, deleted, updated_date, code, name) VALUES (38, '1971-12-21', 1, '2011-06-08', '97V42O0', 'Isidra27')
INSERT dbo.elasticity(id, created_date, deleted, updated_date, code, name) VALUES (39, '2007-05-02', 0, '1975-01-13', '7U2YDCF', 'Hershel91')
INSERT dbo.elasticity(id, created_date, deleted, updated_date, code, name) VALUES (40, '1970-01-02', 1, '1971-01-08', '313YR0G', 'Abby2022')
INSERT dbo.elasticity(id, created_date, deleted, updated_date, code, name) VALUES (41, '1973-12-06', 0, '2009-09-13', 'WOUEA85', 'Torie2023')
INSERT dbo.elasticity(id, created_date, deleted, updated_date, code, name) VALUES (42, '1970-01-05', 1, '1998-02-08', '098B421', 'Coretta2011')
INSERT dbo.elasticity(id, created_date, deleted, updated_date, code, name) VALUES (43, '1970-02-26', 0, '1976-12-04', '09B9S4X', 'Carey1985')
INSERT dbo.elasticity(id, created_date, deleted, updated_date, code, name) VALUES (44, '1984-11-10', 0, '2007-05-29', 'BICVO81', 'Tegan1993')
INSERT dbo.elasticity(id, created_date, deleted, updated_date, code, name) VALUES (45, '1996-03-11', 1, '1970-02-07', '5ZE91W2', 'Winfred328')
INSERT dbo.elasticity(id, created_date, deleted, updated_date, code, name) VALUES (46, '2011-04-28', 1, '1998-10-14', 'MY5KO8B', 'Lamont1963')
INSERT dbo.elasticity(id, created_date, deleted, updated_date, code, name) VALUES (47, '1998-05-30', 1, '1970-02-17', '6ZY192I', 'Abby1991')
INSERT dbo.elasticity(id, created_date, deleted, updated_date, code, name) VALUES (48, '1972-06-30', 0, '1994-10-12', 'YYM25B3', 'Brandenburg2008')
INSERT dbo.elasticity(id, created_date, deleted, updated_date, code, name) VALUES (49, '1978-11-16', 1, '1989-02-14', '946XUTE', 'Abdul1951')
INSERT dbo.elasticity(id, created_date, deleted, updated_date, code, name) VALUES (50, '2013-10-20', 0, '1974-05-02', '590TJJF', 'Flora931')
GO
SET IDENTITY_INSERT dbo.elasticity OFF
GO

--
-- Inserting data into table dbo.image
--
SET IDENTITY_INSERT dbo.image ON
GO
INSERT dbo.image(id, created_date, deleted, updated_date, code, name) VALUES (1, '2005-11-08', 1, '1970-02-10', '9T9S91D', 'Abby1966')
INSERT dbo.image(id, created_date, deleted, updated_date, code, name) VALUES (2, '1970-01-02', 0, '2014-08-08', 'YH33H5S', 'Folsom261')
INSERT dbo.image(id, created_date, deleted, updated_date, code, name) VALUES (3, '1978-12-13', 0, '1988-02-14', 'H11JB71', 'Easter1964')
INSERT dbo.image(id, created_date, deleted, updated_date, code, name) VALUES (4, '2023-02-12', 0, '1970-01-07', '8X762HN', 'Carmona618')
INSERT dbo.image(id, created_date, deleted, updated_date, code, name) VALUES (5, '1972-07-10', 1, '1996-05-29', '5PF9T5T', 'Terry2007')
INSERT dbo.image(id, created_date, deleted, updated_date, code, name) VALUES (6, '1971-03-30', 0, '1970-03-04', '2ME38R4', 'Zane413')
INSERT dbo.image(id, created_date, deleted, updated_date, code, name) VALUES (7, '1985-05-09', 0, '1985-11-04', '2I9778V', 'Massey695')
INSERT dbo.image(id, created_date, deleted, updated_date, code, name) VALUES (8, '1971-03-26', 1, '1986-05-03', '3KJ50Y6', 'Alston382')
INSERT dbo.image(id, created_date, deleted, updated_date, code, name) VALUES (9, '2019-09-27', 0, '1970-03-16', 'H8A336J', 'Alia5')
INSERT dbo.image(id, created_date, deleted, updated_date, code, name) VALUES (10, '2023-12-20', 1, '2010-05-26', '89WL063', 'Montez424')
INSERT dbo.image(id, created_date, deleted, updated_date, code, name) VALUES (11, '1970-01-03', 0, '1992-07-07', 'P75EQBU', 'Ashby2002')
INSERT dbo.image(id, created_date, deleted, updated_date, code, name) VALUES (12, '2020-05-08', 1, '1973-06-13', '83P1OX6', 'Adkins1972')
INSERT dbo.image(id, created_date, deleted, updated_date, code, name) VALUES (13, '1979-04-25', 1, '1981-10-13', '4908916', 'Haley13')
INSERT dbo.image(id, created_date, deleted, updated_date, code, name) VALUES (14, '2007-10-24', 0, '2010-09-20', 'S045B6F', 'Pike2003')
INSERT dbo.image(id, created_date, deleted, updated_date, code, name) VALUES (15, '1987-11-07', 0, '2000-07-30', '29H5WY7', 'Abe1960')
INSERT dbo.image(id, created_date, deleted, updated_date, code, name) VALUES (16, '1985-02-10', 1, '1970-12-28', '7QR4Y66', 'Nicol2004')
INSERT dbo.image(id, created_date, deleted, updated_date, code, name) VALUES (17, '2015-06-03', 0, '1970-01-09', 'OK6QPQ1', 'Vesta543')
INSERT dbo.image(id, created_date, deleted, updated_date, code, name) VALUES (18, '1973-11-21', 0, '2002-09-08', 'SV16C6H', 'Barker314')
INSERT dbo.image(id, created_date, deleted, updated_date, code, name) VALUES (19, '1970-01-11', 1, '1971-12-26', 'C38ISAG', 'Rheba271')
INSERT dbo.image(id, created_date, deleted, updated_date, code, name) VALUES (20, '1985-08-18', 0, '1998-02-13', 'B6L9SC5', 'Billye7')
INSERT dbo.image(id, created_date, deleted, updated_date, code, name) VALUES (21, '2002-01-07', 1, '2006-11-26', '5LL40PN', 'Brooks2018')
INSERT dbo.image(id, created_date, deleted, updated_date, code, name) VALUES (22, '1970-01-06', 0, '2012-09-29', 'WG15SR5', 'Shaunna1994')
INSERT dbo.image(id, created_date, deleted, updated_date, code, name) VALUES (23, '1972-09-14', 1, '1970-02-22', 'H0O627O', 'Lorrie1956')
INSERT dbo.image(id, created_date, deleted, updated_date, code, name) VALUES (24, '2015-07-13', 1, '1998-12-15', '9L3BYQ6', 'Tequila5')
INSERT dbo.image(id, created_date, deleted, updated_date, code, name) VALUES (25, '1971-12-06', 1, '2019-05-27', '21RY3RV', 'Davies2016')
INSERT dbo.image(id, created_date, deleted, updated_date, code, name) VALUES (26, '1978-07-02', 0, '1977-03-01', '28DG83G', 'Galen356')
INSERT dbo.image(id, created_date, deleted, updated_date, code, name) VALUES (27, '1971-08-09', 0, '1981-02-12', '104G7ZV', 'Carrie1')
INSERT dbo.image(id, created_date, deleted, updated_date, code, name) VALUES (28, '1973-08-23', 0, '1988-01-12', '8344MY2', 'Adam1')
INSERT dbo.image(id, created_date, deleted, updated_date, code, name) VALUES (29, '2010-06-23', 1, '2012-02-18', 'QGRJ8B7', 'Shockley769')
INSERT dbo.image(id, created_date, deleted, updated_date, code, name) VALUES (30, '1974-09-22', 1, '1970-01-07', 'TI2P9FE', 'Addie1951')
INSERT dbo.image(id, created_date, deleted, updated_date, code, name) VALUES (31, '2008-12-25', 1, '1984-11-04', '00M3A8B', 'Witt1955')
INSERT dbo.image(id, created_date, deleted, updated_date, code, name) VALUES (32, '2000-09-05', 0, '1997-02-21', '540PI33', 'Wayne184')
INSERT dbo.image(id, created_date, deleted, updated_date, code, name) VALUES (33, '2009-07-07', 0, '1993-10-13', 'JZ3K4G8', 'Dean983')
INSERT dbo.image(id, created_date, deleted, updated_date, code, name) VALUES (34, '1981-11-05', 0, '2021-03-08', '83168HB', 'Piper544')
INSERT dbo.image(id, created_date, deleted, updated_date, code, name) VALUES (35, '1970-03-22', 1, '2017-09-24', 'UNBQYP5', 'Theresia337')
INSERT dbo.image(id, created_date, deleted, updated_date, code, name) VALUES (36, '2003-07-18', 0, '1970-01-04', '32ZD7E9', 'Aguilar538')
INSERT dbo.image(id, created_date, deleted, updated_date, code, name) VALUES (37, '1988-11-14', 0, '1975-11-19', 'K0QV5S0', 'Alonso259')
INSERT dbo.image(id, created_date, deleted, updated_date, code, name) VALUES (38, '1970-01-06', 0, '1972-02-21', 'C13L7C5', 'Beauchamp721')
INSERT dbo.image(id, created_date, deleted, updated_date, code, name) VALUES (39, '1970-01-10', 1, '1990-12-31', 'I00Z260', 'Erick2017')
INSERT dbo.image(id, created_date, deleted, updated_date, code, name) VALUES (40, '1981-01-01', 0, '1993-05-30', '415AZ4U', 'Anisa2027')
INSERT dbo.image(id, created_date, deleted, updated_date, code, name) VALUES (41, '1989-06-02', 0, '2020-10-05', '1IZ1XTG', 'Rosalba1961')
INSERT dbo.image(id, created_date, deleted, updated_date, code, name) VALUES (42, '2000-03-17', 1, '2000-03-15', 'QO5Q8C4', 'Cyndi6')
INSERT dbo.image(id, created_date, deleted, updated_date, code, name) VALUES (43, '2018-10-01', 0, '1994-01-13', 'J7E2F3M', 'Alane868')
INSERT dbo.image(id, created_date, deleted, updated_date, code, name) VALUES (44, '2020-06-21', 0, '1994-05-09', '941Y9V8', 'Kathern1972')
INSERT dbo.image(id, created_date, deleted, updated_date, code, name) VALUES (45, '1978-07-12', 0, '2015-05-22', '6B83D2T', 'Rochelle2023')
INSERT dbo.image(id, created_date, deleted, updated_date, code, name) VALUES (46, '2009-09-02', 0, '1994-12-31', '8O06B13', 'Sammy2022')
INSERT dbo.image(id, created_date, deleted, updated_date, code, name) VALUES (47, '1975-06-08', 0, '1993-11-28', '3851HU5', 'Bayer2006')
INSERT dbo.image(id, created_date, deleted, updated_date, code, name) VALUES (48, '1970-01-26', 0, '1972-08-08', 'JF80578', 'Sarah1958')
INSERT dbo.image(id, created_date, deleted, updated_date, code, name) VALUES (49, '1979-02-02', 1, '1971-05-14', 'K7DLQNI', 'Garth1967')
INSERT dbo.image(id, created_date, deleted, updated_date, code, name) VALUES (50, '2023-01-07', 1, '1992-06-09', '5050RKJ', 'Abraham1962')
GO
SET IDENTITY_INSERT dbo.image OFF
GO

--
-- Inserting data into table dbo.material
--
SET IDENTITY_INSERT dbo.material ON
GO
INSERT dbo.material(id, created_date, deleted, updated_date, code, name) VALUES (1, '1972-09-07', 1, '2021-06-09', '3V9R8N4', 'Stock1993')
INSERT dbo.material(id, created_date, deleted, updated_date, code, name) VALUES (2, '1989-05-09', 1, '2016-07-29', '18194A1', 'Kimberely724')
INSERT dbo.material(id, created_date, deleted, updated_date, code, name) VALUES (3, '1977-02-11', 0, '1970-03-18', '472A970', 'Jamison1985')
INSERT dbo.material(id, created_date, deleted, updated_date, code, name) VALUES (4, '1988-05-20', 1, '2000-04-08', 'R3NR297', 'Allan63')
INSERT dbo.material(id, created_date, deleted, updated_date, code, name) VALUES (5, '1986-02-01', 0, '1977-04-23', '8541627', 'Leigh853')
INSERT dbo.material(id, created_date, deleted, updated_date, code, name) VALUES (6, '1971-04-11', 1, '1977-11-21', 'K04B6U7', 'Andrew24')
INSERT dbo.material(id, created_date, deleted, updated_date, code, name) VALUES (7, '1990-05-15', 0, '2009-01-08', '6L6AW6K', 'Hadden1999')
INSERT dbo.material(id, created_date, deleted, updated_date, code, name) VALUES (8, '2010-03-20', 1, '1971-04-23', '0W43W5P', 'Faustino29')
INSERT dbo.material(id, created_date, deleted, updated_date, code, name) VALUES (9, '1972-09-19', 1, '1970-06-12', '0DKUY60', 'Alexis176')
INSERT dbo.material(id, created_date, deleted, updated_date, code, name) VALUES (10, '1978-08-13', 0, '1991-09-25', 'A3PD696', 'Derick965')
INSERT dbo.material(id, created_date, deleted, updated_date, code, name) VALUES (11, '2003-10-20', 1, '1978-12-12', '9KNT80W', 'Daniela4')
INSERT dbo.material(id, created_date, deleted, updated_date, code, name) VALUES (12, '1975-08-01', 0, '2016-01-10', 'S37QRB7', 'Dowd356')
INSERT dbo.material(id, created_date, deleted, updated_date, code, name) VALUES (13, '2024-04-25', 0, '1983-01-01', 'A023315', 'Alisa1987')
INSERT dbo.material(id, created_date, deleted, updated_date, code, name) VALUES (14, '2004-06-16', 0, '1970-01-29', 'V587SDW', 'Shaffer1969')
INSERT dbo.material(id, created_date, deleted, updated_date, code, name) VALUES (15, '1987-02-07', 1, '1989-08-13', '8S36QI2', 'Pitts168')
INSERT dbo.material(id, created_date, deleted, updated_date, code, name) VALUES (16, '1987-10-18', 1, '2017-01-19', '5V0T73M', 'Janene2')
INSERT dbo.material(id, created_date, deleted, updated_date, code, name) VALUES (17, '1994-02-12', 0, '1970-01-02', 'LVUN6R1', 'Branda2013')
INSERT dbo.material(id, created_date, deleted, updated_date, code, name) VALUES (18, '1981-01-29', 1, '1972-04-27', 'Y6G67JJ', 'Deann1977')
INSERT dbo.material(id, created_date, deleted, updated_date, code, name) VALUES (19, '2010-02-06', 1, '2012-02-15', 'Y481G9J', 'Jon523')
INSERT dbo.material(id, created_date, deleted, updated_date, code, name) VALUES (20, '1972-04-13', 1, '1986-04-07', '2BC2F2D', 'Beau676')
INSERT dbo.material(id, created_date, deleted, updated_date, code, name) VALUES (21, '1982-11-25', 1, '1970-01-02', 'S14K2A4', 'Lakisha1993')
INSERT dbo.material(id, created_date, deleted, updated_date, code, name) VALUES (22, '1970-01-16', 1, '1987-08-31', '526H5BF', 'Moya393')
INSERT dbo.material(id, created_date, deleted, updated_date, code, name) VALUES (23, '1972-09-05', 1, '1993-01-26', 'F8ZH37Z', 'Adell2025')
INSERT dbo.material(id, created_date, deleted, updated_date, code, name) VALUES (24, '1997-11-15', 1, '2013-04-16', 'KK8433S', 'Holbrook1954')
INSERT dbo.material(id, created_date, deleted, updated_date, code, name) VALUES (25, '2024-08-13', 1, '2014-12-10', '4YBN747', 'Suzy361')
INSERT dbo.material(id, created_date, deleted, updated_date, code, name) VALUES (26, '1994-06-24', 1, '1970-01-07', 'TV4V2N9', 'Maurice2017')
INSERT dbo.material(id, created_date, deleted, updated_date, code, name) VALUES (27, '1996-10-26', 1, '1999-12-02', '597812G', 'Martin136')
INSERT dbo.material(id, created_date, deleted, updated_date, code, name) VALUES (28, '1970-01-01', 0, '2012-06-08', '5S205M4', 'Gurley966')
INSERT dbo.material(id, created_date, deleted, updated_date, code, name) VALUES (29, '1978-12-31', 0, '2004-10-22', 'F240WH8', 'Serina1963')
INSERT dbo.material(id, created_date, deleted, updated_date, code, name) VALUES (30, '1979-08-20', 1, '1999-09-27', 'RA6V183', 'Holiday1953')
INSERT dbo.material(id, created_date, deleted, updated_date, code, name) VALUES (31, '1971-11-17', 0, '2011-03-06', 'OXVU6SM', 'Davidson2021')
INSERT dbo.material(id, created_date, deleted, updated_date, code, name) VALUES (32, '1995-08-04', 1, '1977-11-09', 'U13G1NQ', 'Acker793')
INSERT dbo.material(id, created_date, deleted, updated_date, code, name) VALUES (33, '1972-09-22', 0, '2023-01-31', 'X5BAZ8O', 'Manual1961')
INSERT dbo.material(id, created_date, deleted, updated_date, code, name) VALUES (34, '2004-12-07', 0, '1970-02-02', 'X2YF8G3', 'Jody24')
INSERT dbo.material(id, created_date, deleted, updated_date, code, name) VALUES (35, '1976-01-16', 0, '1971-08-21', '697K59Q', 'Chas5')
INSERT dbo.material(id, created_date, deleted, updated_date, code, name) VALUES (36, '1970-06-22', 0, '1995-11-08', 'T67T9LX', 'Albertine2014')
INSERT dbo.material(id, created_date, deleted, updated_date, code, name) VALUES (37, '1970-01-09', 0, '1991-11-02', 'W3A4572', 'Bacon112')
INSERT dbo.material(id, created_date, deleted, updated_date, code, name) VALUES (38, '1970-12-03', 1, '1970-01-10', '0X65806', 'Lorine1962')
INSERT dbo.material(id, created_date, deleted, updated_date, code, name) VALUES (39, '2016-04-16', 0, '1980-02-05', '4099NZS', 'Gabriel1986')
INSERT dbo.material(id, created_date, deleted, updated_date, code, name) VALUES (40, '1970-01-08', 0, '1975-01-03', '6ILOI3H', 'Amos1985')
INSERT dbo.material(id, created_date, deleted, updated_date, code, name) VALUES (41, '2024-01-18', 1, '1978-12-20', 'VN065AW', 'Adrian746')
INSERT dbo.material(id, created_date, deleted, updated_date, code, name) VALUES (42, '1980-06-06', 0, '1971-10-12', '325331G', 'Rosenda299')
INSERT dbo.material(id, created_date, deleted, updated_date, code, name) VALUES (43, '2017-11-08', 0, '1975-10-28', 'B5M5Y8B', 'Marisa2010')
INSERT dbo.material(id, created_date, deleted, updated_date, code, name) VALUES (44, '1990-08-10', 1, '1973-06-18', '2MW1R71', 'Windy2')
INSERT dbo.material(id, created_date, deleted, updated_date, code, name) VALUES (45, '2018-09-25', 0, '1971-03-12', 'AM5524T', 'Marcotte8')
INSERT dbo.material(id, created_date, deleted, updated_date, code, name) VALUES (46, '1976-02-06', 0, '1970-01-17', '4617D2D', 'Lennon1954')
INSERT dbo.material(id, created_date, deleted, updated_date, code, name) VALUES (47, '2007-12-24', 1, '1994-10-14', 'U4400PB', 'Clemencia2002')
INSERT dbo.material(id, created_date, deleted, updated_date, code, name) VALUES (48, '1989-01-06', 0, '1971-11-17', '4J2R7EQ', 'Beau1957')
INSERT dbo.material(id, created_date, deleted, updated_date, code, name) VALUES (49, '1974-04-22', 0, '1986-09-18', '3I8H96M', 'Marylin1970')
INSERT dbo.material(id, created_date, deleted, updated_date, code, name) VALUES (50, '2017-05-26', 0, '2008-01-28', 'L684PU1', 'Barksdale2021')
GO
SET IDENTITY_INSERT dbo.material OFF
GO

--
-- Inserting data into table dbo.origin
--
SET IDENTITY_INSERT dbo.origin ON
GO
INSERT dbo.origin(id, created_date, deleted, updated_date, code, name) VALUES (1, '2017-10-29', 1, '1970-04-01', 'X5NX1ZZ', 'Keenan2027')
INSERT dbo.origin(id, created_date, deleted, updated_date, code, name) VALUES (2, '1970-03-30', 1, '1970-04-19', 'HB9W143', 'Lively2026')
INSERT dbo.origin(id, created_date, deleted, updated_date, code, name) VALUES (3, '1973-05-03', 1, '2020-06-23', 'AJ2H9S8', 'Vicenta6')
INSERT dbo.origin(id, created_date, deleted, updated_date, code, name) VALUES (4, '1970-02-23', 0, '1970-01-06', 'QBMAE44', 'Kendrick2018')
INSERT dbo.origin(id, created_date, deleted, updated_date, code, name) VALUES (5, '1983-08-01', 0, '1971-01-28', '2C6CTCD', 'Adam2013')
INSERT dbo.origin(id, created_date, deleted, updated_date, code, name) VALUES (6, '2008-01-22', 1, '1990-03-09', '28094WL', 'Herschel799')
INSERT dbo.origin(id, created_date, deleted, updated_date, code, name) VALUES (7, '1987-02-25', 1, '1970-07-16', '63LLFK3', 'Artie2007')
INSERT dbo.origin(id, created_date, deleted, updated_date, code, name) VALUES (8, '1987-03-26', 1, '1970-01-08', 'I05S3N0', 'Hassan1980')
INSERT dbo.origin(id, created_date, deleted, updated_date, code, name) VALUES (9, '1971-10-14', 1, '1975-06-02', '37SCN9K', 'Jefferson661')
INSERT dbo.origin(id, created_date, deleted, updated_date, code, name) VALUES (10, '1973-10-13', 0, '2006-08-24', '8401F05', 'Antonio1983')
INSERT dbo.origin(id, created_date, deleted, updated_date, code, name) VALUES (11, '2015-07-13', 0, '1970-01-09', 'OQ6J5P1', 'Maxwell12')
INSERT dbo.origin(id, created_date, deleted, updated_date, code, name) VALUES (12, '2001-10-12', 1, '1976-11-21', '11XK43A', 'Aguilar589')
INSERT dbo.origin(id, created_date, deleted, updated_date, code, name) VALUES (13, '1981-10-29', 0, '1988-07-08', 'O5144B3', 'Shaunda2000')
INSERT dbo.origin(id, created_date, deleted, updated_date, code, name) VALUES (14, '2017-01-26', 1, '1978-03-12', 'WG7C9X0', 'Demetria187')
INSERT dbo.origin(id, created_date, deleted, updated_date, code, name) VALUES (15, '2009-10-30', 0, '1982-12-28', 'X511B99', 'Detra286')
INSERT dbo.origin(id, created_date, deleted, updated_date, code, name) VALUES (16, '2013-06-07', 0, '1970-09-26', 'W1AQX2H', 'Jason2027')
INSERT dbo.origin(id, created_date, deleted, updated_date, code, name) VALUES (17, '1973-03-27', 0, '2023-05-19', 'O9Q743Z', 'Jospeh6')
INSERT dbo.origin(id, created_date, deleted, updated_date, code, name) VALUES (18, '1977-07-07', 1, '2013-11-24', '3L28ZHZ', 'Renae1990')
INSERT dbo.origin(id, created_date, deleted, updated_date, code, name) VALUES (19, '2010-06-23', 1, '1990-03-23', 'CCJ8IF3', 'Mason2022')
INSERT dbo.origin(id, created_date, deleted, updated_date, code, name) VALUES (20, '2004-09-18', 1, '1993-11-11', '6B96L28', 'Keith15')
INSERT dbo.origin(id, created_date, deleted, updated_date, code, name) VALUES (21, '1975-09-19', 0, '2011-09-22', 'H13XQGT', 'Adina9')
INSERT dbo.origin(id, created_date, deleted, updated_date, code, name) VALUES (22, '1973-08-23', 0, '1970-07-12', 'ISM5V3X', 'Kiefer96')
INSERT dbo.origin(id, created_date, deleted, updated_date, code, name) VALUES (23, '1979-08-01', 0, '2002-11-09', 'JEYQ6V5', 'Adolph2024')
INSERT dbo.origin(id, created_date, deleted, updated_date, code, name) VALUES (24, '1992-05-21', 0, '1988-04-30', 'A21A99F', 'Felicidad5')
INSERT dbo.origin(id, created_date, deleted, updated_date, code, name) VALUES (25, '1987-09-15', 1, '2008-08-04', 'TL98S93', 'Case53')
INSERT dbo.origin(id, created_date, deleted, updated_date, code, name) VALUES (26, '2009-03-26', 0, '1986-05-15', 'IEOJ7M6', 'Cherryl745')
INSERT dbo.origin(id, created_date, deleted, updated_date, code, name) VALUES (27, '1970-01-04', 1, '1981-04-02', '85G4182', 'Telma36')
INSERT dbo.origin(id, created_date, deleted, updated_date, code, name) VALUES (28, '1995-02-19', 1, '1978-07-03', '1NOQ8AQ', 'Naoma87')
INSERT dbo.origin(id, created_date, deleted, updated_date, code, name) VALUES (29, '1973-06-21', 1, '1992-08-16', 'H6240YK', 'Alanna979')
INSERT dbo.origin(id, created_date, deleted, updated_date, code, name) VALUES (30, '1973-10-03', 0, '2003-10-22', 'G638T2D', 'Dusti697')
INSERT dbo.origin(id, created_date, deleted, updated_date, code, name) VALUES (31, '1971-10-11', 0, '2006-10-18', '5IEK7K2', 'Colette273')
INSERT dbo.origin(id, created_date, deleted, updated_date, code, name) VALUES (32, '1976-04-07', 0, '1991-06-28', 'FC08M07', 'Quentin1951')
INSERT dbo.origin(id, created_date, deleted, updated_date, code, name) VALUES (33, '1970-01-07', 0, '1974-07-09', '79EA3EP', 'Eveline1977')
INSERT dbo.origin(id, created_date, deleted, updated_date, code, name) VALUES (34, '2021-01-08', 0, '2020-04-01', '9Z3R6KC', 'Khalilah2005')
INSERT dbo.origin(id, created_date, deleted, updated_date, code, name) VALUES (35, '2001-02-24', 1, '2016-05-29', 'RC61E3H', 'Corina2018')
INSERT dbo.origin(id, created_date, deleted, updated_date, code, name) VALUES (36, '1996-09-29', 0, '1970-01-02', 'M502YKK', 'Spinks1983')
INSERT dbo.origin(id, created_date, deleted, updated_date, code, name) VALUES (37, '1987-07-07', 1, '1970-01-01', 'P575TU0', 'Addie1966')
INSERT dbo.origin(id, created_date, deleted, updated_date, code, name) VALUES (38, '1971-06-17', 1, '1976-11-29', '1MXP825', 'Roma762')
INSERT dbo.origin(id, created_date, deleted, updated_date, code, name) VALUES (39, '2015-09-18', 1, '1992-09-29', '87JXOA5', 'Paige836')
INSERT dbo.origin(id, created_date, deleted, updated_date, code, name) VALUES (40, '1970-01-09', 0, '1970-01-10', '51PFG96', 'Talley972')
INSERT dbo.origin(id, created_date, deleted, updated_date, code, name) VALUES (41, '2007-06-26', 1, '2008-11-09', '4372P0S', 'Catheryn2026')
INSERT dbo.origin(id, created_date, deleted, updated_date, code, name) VALUES (42, '1998-12-07', 1, '1980-06-19', '5F9O2E0', 'Carmen1991')
INSERT dbo.origin(id, created_date, deleted, updated_date, code, name) VALUES (43, '1978-07-14', 1, '2009-05-07', 'I89IOSZ', 'Kenney3')
INSERT dbo.origin(id, created_date, deleted, updated_date, code, name) VALUES (44, '1970-06-23', 1, '2013-05-24', 'S8599SE', 'Cyril2020')
INSERT dbo.origin(id, created_date, deleted, updated_date, code, name) VALUES (45, '1983-09-09', 0, '1980-07-07', 'Z548TVO', 'Aleta495')
INSERT dbo.origin(id, created_date, deleted, updated_date, code, name) VALUES (46, '1983-05-02', 1, '1973-03-21', 'GNSO5D2', 'Acevedo845')
INSERT dbo.origin(id, created_date, deleted, updated_date, code, name) VALUES (47, '2019-11-14', 0, '1985-12-11', 'S3S576B', 'Abel2027')
INSERT dbo.origin(id, created_date, deleted, updated_date, code, name) VALUES (48, '2002-09-22', 0, '1996-06-06', '5QKONE9', 'Bauer2028')
INSERT dbo.origin(id, created_date, deleted, updated_date, code, name) VALUES (49, '1974-04-07', 0, '1973-12-26', 'WOJI94J', 'Cooke61')
INSERT dbo.origin(id, created_date, deleted, updated_date, code, name) VALUES (50, '2019-09-12', 0, '1970-01-06', '55QDRFE', 'Clair611')
GO
SET IDENTITY_INSERT dbo.origin OFF
GO

--
-- Inserting data into table dbo.payment
--
SET IDENTITY_INSERT dbo.payment ON
GO
INSERT dbo.payment(id, created_date, updated_date, code) VALUES (1, '1991-03-30', '2011-06-02', '7LB14W9')
INSERT dbo.payment(id, created_date, updated_date, code) VALUES (2, '1982-09-06', '2010-08-12', 'ORGHQ78')
INSERT dbo.payment(id, created_date, updated_date, code) VALUES (3, '1990-03-15', '2003-06-11', '24820R3')
INSERT dbo.payment(id, created_date, updated_date, code) VALUES (4, '1970-07-09', '1970-02-28', '00XU00W')
INSERT dbo.payment(id, created_date, updated_date, code) VALUES (5, '2021-07-19', '1986-05-03', 'JYI0K3J')
INSERT dbo.payment(id, created_date, updated_date, code) VALUES (6, '1970-04-10', '2011-11-27', '20J6011')
INSERT dbo.payment(id, created_date, updated_date, code) VALUES (7, '1995-10-11', '2002-04-25', '02RP7BD')
INSERT dbo.payment(id, created_date, updated_date, code) VALUES (8, '1970-01-05', '1991-10-04', '44B837J')
INSERT dbo.payment(id, created_date, updated_date, code) VALUES (9, '1984-05-10', '1970-11-14', '104GFXC')
INSERT dbo.payment(id, created_date, updated_date, code) VALUES (10, '1996-05-29', '2022-08-24', '8CY9EO0')
INSERT dbo.payment(id, created_date, updated_date, code) VALUES (11, '1970-04-25', '1983-09-13', 'G89K547')
INSERT dbo.payment(id, created_date, updated_date, code) VALUES (12, '1970-03-20', '1995-02-12', 'D9P8PSG')
INSERT dbo.payment(id, created_date, updated_date, code) VALUES (13, '2019-03-29', '1994-01-23', 'J93IQYZ')
INSERT dbo.payment(id, created_date, updated_date, code) VALUES (14, '1971-10-19', '1970-02-10', '6D329VP')
INSERT dbo.payment(id, created_date, updated_date, code) VALUES (15, '1980-02-14', '1970-01-08', 'S7ITT9S')
INSERT dbo.payment(id, created_date, updated_date, code) VALUES (16, '1970-01-04', '2003-03-07', 'J5HGD3E')
INSERT dbo.payment(id, created_date, updated_date, code) VALUES (17, '1999-01-26', '1974-04-11', '8ZZUQHM')
INSERT dbo.payment(id, created_date, updated_date, code) VALUES (18, '2006-10-10', '1970-01-01', 'Z5OGJQ4')
INSERT dbo.payment(id, created_date, updated_date, code) VALUES (19, '1970-01-05', '2003-05-14', 'T92X145')
INSERT dbo.payment(id, created_date, updated_date, code) VALUES (20, '1993-09-02', '1999-05-01', '01CMN9F')
INSERT dbo.payment(id, created_date, updated_date, code) VALUES (21, '2023-04-26', '1991-03-22', '9AHDS5Z')
INSERT dbo.payment(id, created_date, updated_date, code) VALUES (22, '2019-12-04', '2020-03-25', '424415T')
INSERT dbo.payment(id, created_date, updated_date, code) VALUES (23, '1978-12-20', '2006-05-24', 'U95IG4E')
INSERT dbo.payment(id, created_date, updated_date, code) VALUES (24, '1978-06-26', '1992-10-04', 'RXN42XT')
INSERT dbo.payment(id, created_date, updated_date, code) VALUES (25, '2018-04-08', '2000-02-21', '67O1126')
INSERT dbo.payment(id, created_date, updated_date, code) VALUES (26, '2004-02-14', '2010-08-20', 'G89VUKZ')
INSERT dbo.payment(id, created_date, updated_date, code) VALUES (27, '1970-01-08', '1993-03-16', '0RMN90P')
INSERT dbo.payment(id, created_date, updated_date, code) VALUES (28, '1970-04-09', '2013-03-18', '5629164')
INSERT dbo.payment(id, created_date, updated_date, code) VALUES (29, '1970-01-09', '1991-06-17', 'L8EPSM5')
INSERT dbo.payment(id, created_date, updated_date, code) VALUES (30, '2008-10-18', '2010-05-08', '3GOA54D')
INSERT dbo.payment(id, created_date, updated_date, code) VALUES (31, '2001-01-05', '1988-07-21', 'YC2F80T')
INSERT dbo.payment(id, created_date, updated_date, code) VALUES (32, '1992-12-01', '2017-07-16', 'G4UG3PX')
INSERT dbo.payment(id, created_date, updated_date, code) VALUES (33, '1972-07-23', '1970-01-03', '951V6ST')
INSERT dbo.payment(id, created_date, updated_date, code) VALUES (34, '1970-01-21', '1991-07-03', 'X6OH933')
INSERT dbo.payment(id, created_date, updated_date, code) VALUES (35, '1996-01-02', '2009-11-14', '0Z9N801')
INSERT dbo.payment(id, created_date, updated_date, code) VALUES (36, '2012-03-24', '1970-01-08', 'EB45131')
INSERT dbo.payment(id, created_date, updated_date, code) VALUES (37, '1970-01-02', '1971-03-27', '17CH2KW')
INSERT dbo.payment(id, created_date, updated_date, code) VALUES (38, '1974-01-24', '2015-01-12', '44CLCDJ')
INSERT dbo.payment(id, created_date, updated_date, code) VALUES (39, '1970-01-02', '1970-03-13', '5PVDR5R')
INSERT dbo.payment(id, created_date, updated_date, code) VALUES (40, '2012-11-24', '1981-10-20', 'R5VU25D')
INSERT dbo.payment(id, created_date, updated_date, code) VALUES (41, '2007-03-11', '2009-10-04', 'IG08469')
INSERT dbo.payment(id, created_date, updated_date, code) VALUES (42, '2008-03-23', '2010-07-13', '1N32T08')
INSERT dbo.payment(id, created_date, updated_date, code) VALUES (43, '2006-08-31', '1970-01-03', 'T2FVJ1J')
INSERT dbo.payment(id, created_date, updated_date, code) VALUES (44, '2007-08-24', '1970-03-05', '5EHHI02')
INSERT dbo.payment(id, created_date, updated_date, code) VALUES (45, '1970-01-02', '2006-12-22', 'LX41MDV')
INSERT dbo.payment(id, created_date, updated_date, code) VALUES (46, '2004-07-30', '1970-04-06', '8YQNT92')
INSERT dbo.payment(id, created_date, updated_date, code) VALUES (47, '1987-03-22', '2000-03-03', '740RCW2')
INSERT dbo.payment(id, created_date, updated_date, code) VALUES (48, '2002-03-08', '1999-06-14', '2KD1WPN')
INSERT dbo.payment(id, created_date, updated_date, code) VALUES (49, '1978-08-15', '1983-03-31', 'VXAM508')
INSERT dbo.payment(id, created_date, updated_date, code) VALUES (50, '2023-07-11', '1970-03-02', '09364MA')
GO
SET IDENTITY_INSERT dbo.payment OFF
GO

--
-- Inserting data into table dbo.product
--
SET IDENTITY_INSERT dbo.product ON
GO
INSERT dbo.product(id, created_date, deleted, updated_date, code, name) VALUES (1, '1981-11-10', 1, '2001-11-14', 'JOBUD', 'Comtaicer')
INSERT dbo.product(id, created_date, deleted, updated_date, code, name) VALUES (2, '1970-03-05', 1, '1981-08-17', 'QCKTP', 'Tetopentor')
INSERT dbo.product(id, created_date, deleted, updated_date, code, name) VALUES (3, '1981-02-13', 1, '2013-04-11', 'KJIME', 'Tablifiletphone')
INSERT dbo.product(id, created_date, deleted, updated_date, code, name) VALUES (4, '2017-07-22', 1, '1978-05-21', 'MFCFR', 'Stereofinder')
INSERT dbo.product(id, created_date, deleted, updated_date, code, name) VALUES (5, '2022-09-08', 0, '2011-02-05', 'VEHOJ', 'Transtaentor')
INSERT dbo.product(id, created_date, deleted, updated_date, code, name) VALUES (6, '2024-04-22', 0, '1989-01-10', 'YIJKM', 'Compickor')
INSERT dbo.product(id, created_date, deleted, updated_date, code, name) VALUES (7, '1976-02-21', 1, '1989-04-12', 'QTVIG', 'Charlictollor')
INSERT dbo.product(id, created_date, deleted, updated_date, code, name) VALUES (8, '2022-10-06', 1, '2003-03-13', 'OUVXH', 'Subplotticphone')
INSERT dbo.product(id, created_date, deleted, updated_date, code, name) VALUES (9, '1971-06-30', 0, '2007-07-24', 'SONBH', 'Readholdplry')
INSERT dbo.product(id, created_date, deleted, updated_date, code, name) VALUES (10, '1996-01-16', 1, '2008-03-09', 'DITPL', 'Suppickpllet')
INSERT dbo.product(id, created_date, deleted, updated_date, code, name) VALUES (11, '2010-10-28', 0, '1970-03-29', 'RKNPN', 'Proplottedlet')
INSERT dbo.product(id, created_date, deleted, updated_date, code, name) VALUES (12, '2012-04-03', 1, '2024-08-19', 'PMYFI', 'Translictridge')
INSERT dbo.product(id, created_date, deleted, updated_date, code, name) VALUES (13, '1970-03-04', 0, '1994-05-28', 'TETZU', 'Tablictopor')
INSERT dbo.product(id, created_date, deleted, updated_date, code, name) VALUES (14, '2006-05-01', 1, '1997-01-09', 'GRTFM', 'Tabnilet')
INSERT dbo.product(id, created_date, deleted, updated_date, code, name) VALUES (15, '1984-07-06', 1, '1975-04-07', 'TSTKL', 'Commutphone')
INSERT dbo.product(id, created_date, deleted, updated_date, code, name) VALUES (16, '1970-01-02', 1, '2002-03-17', 'NPGBX', 'Ampmutoner')
INSERT dbo.product(id, created_date, deleted, updated_date, code, name) VALUES (17, '2003-06-25', 1, '1996-11-16', 'TIPGN', 'Recordlet')
INSERT dbo.product(id, created_date, deleted, updated_date, code, name) VALUES (18, '2006-01-27', 0, '1970-04-02', 'HPGTC', 'Tabcordphone')
INSERT dbo.product(id, created_date, deleted, updated_date, code, name) VALUES (19, '1983-05-14', 0, '1997-12-12', 'IIUJX', 'Stereotinor')
INSERT dbo.product(id, created_date, deleted, updated_date, code, name) VALUES (20, '1988-09-18', 0, '2001-11-25', 'LDGGW', 'Micputfiphone')
INSERT dbo.product(id, created_date, deleted, updated_date, code, name) VALUES (21, '1970-01-10', 1, '1970-01-07', 'GCQAQ', 'Comleplon')
INSERT dbo.product(id, created_date, deleted, updated_date, code, name) VALUES (22, '1970-01-06', 0, '2009-12-07', 'RSBXZ', 'Speaklifiar')
INSERT dbo.product(id, created_date, deleted, updated_date, code, name) VALUES (23, '2022-04-23', 1, '2003-11-05', 'ZCIKP', 'Bitinimor')
INSERT dbo.product(id, created_date, deleted, updated_date, code, name) VALUES (24, '2000-01-09', 1, '1970-01-08', 'QBJAH', 'Carttellerra')
INSERT dbo.product(id, created_date, deleted, updated_date, code, name) VALUES (25, '2010-04-27', 0, '1972-01-15', 'YWZJE', 'Printjecter')
INSERT dbo.product(id, created_date, deleted, updated_date, code, name) VALUES (26, '1973-04-15', 1, '1971-05-03', 'NUKQE', 'Speakplottra')
INSERT dbo.product(id, created_date, deleted, updated_date, code, name) VALUES (27, '1980-08-16', 1, '1977-03-16', 'HHGYA', 'Transmutedgphone')
INSERT dbo.product(id, created_date, deleted, updated_date, code, name) VALUES (28, '1970-03-06', 0, '2019-04-05', 'RLVPF', 'Monputlet')
INSERT dbo.product(id, created_date, deleted, updated_date, code, name) VALUES (29, '2008-07-15', 1, '1999-03-16', 'NDMHI', 'Commutphone')
INSERT dbo.product(id, created_date, deleted, updated_date, code, name) VALUES (30, '1972-01-29', 0, '1985-08-10', 'HQYSK', 'Miclegaor')
INSERT dbo.product(id, created_date, deleted, updated_date, code, name) VALUES (31, '1995-05-27', 1, '1973-08-02', 'XPNQC', 'Sublifieder')
INSERT dbo.product(id, created_date, deleted, updated_date, code, name) VALUES (32, '1998-06-22', 0, '1972-06-28', 'UZYEW', 'Anceivupator')
INSERT dbo.product(id, created_date, deleted, updated_date, code, name) VALUES (33, '1991-02-17', 1, '1970-01-06', 'BKMCK', 'Comlifiommon')
INSERT dbo.product(id, created_date, deleted, updated_date, code, name) VALUES (34, '1998-10-10', 0, '2014-07-04', 'LHUYF', 'Chartaor')
INSERT dbo.product(id, created_date, deleted, updated_date, code, name) VALUES (35, '2000-06-11', 0, '1977-09-11', 'OKUCB', 'Reniollry')
INSERT dbo.product(id, created_date, deleted, updated_date, code, name) VALUES (36, '1971-05-18', 1, '1974-12-06', 'MSZMI', 'Ampwoofer')
INSERT dbo.product(id, created_date, deleted, updated_date, code, name) VALUES (37, '1984-08-11', 0, '2006-05-05', 'QJYNR', 'Proholdphone')
INSERT dbo.product(id, created_date, deleted, updated_date, code, name) VALUES (38, '1976-01-18', 1, '2001-02-27', 'TNCCK', 'Tweetholdimar')
INSERT dbo.product(id, created_date, deleted, updated_date, code, name) VALUES (39, '2020-08-09', 0, '1984-07-13', 'QZNYN', 'Stereotopinlet')
INSERT dbo.product(id, created_date, deleted, updated_date, code, name) VALUES (40, '2017-12-03', 1, '1976-05-07', 'WKHFU', 'Ampwoofexridge')
INSERT dbo.product(id, created_date, deleted, updated_date, code, name) VALUES (41, '1970-03-28', 1, '1979-07-08', 'TYCGL', 'Supniinar')
INSERT dbo.product(id, created_date, deleted, updated_date, code, name) VALUES (42, '1971-05-14', 0, '2012-11-10', 'EREWT', 'Cabcesson')
INSERT dbo.product(id, created_date, deleted, updated_date, code, name) VALUES (43, '1971-01-15', 1, '1983-11-23', 'WMMKW', 'Transtinadar')
INSERT dbo.product(id, created_date, deleted, updated_date, code, name) VALUES (44, '1995-08-05', 0, '1986-11-16', 'RNYZM', 'Printputommor')
INSERT dbo.product(id, created_date, deleted, updated_date, code, name) VALUES (45, '2019-11-18', 0, '2002-04-27', 'OEICU', 'Tabtellefon')
INSERT dbo.product(id, created_date, deleted, updated_date, code, name) VALUES (46, '1992-04-23', 0, '2005-11-02', 'RMCSV', 'Armlicter')
INSERT dbo.product(id, created_date, deleted, updated_date, code, name) VALUES (47, '1970-03-02', 1, '1996-05-12', 'LLDDP', 'Readtinentor')
INSERT dbo.product(id, created_date, deleted, updated_date, code, name) VALUES (48, '1972-09-21', 0, '1976-08-25', 'XPENZ', 'Armlifier')
INSERT dbo.product(id, created_date, deleted, updated_date, code, name) VALUES (49, '2009-10-24', 1, '1986-11-21', 'NWLHR', 'Bimutscope')
INSERT dbo.product(id, created_date, deleted, updated_date, code, name) VALUES (50, '2007-10-17', 1, '1998-06-16', 'TUKRP', 'Biculentor')
GO
SET IDENTITY_INSERT dbo.product OFF
GO

--
-- Inserting data into table dbo.role
--
SET IDENTITY_INSERT dbo.role ON
GO
INSERT dbo.role(id, created_date, updated_date, code) VALUES (1, '2012-12-30', '1983-11-08', 'C6537C0')
INSERT dbo.role(id, created_date, updated_date, code) VALUES (2, '1970-01-10', '1972-07-30', '0D8CSWP')
INSERT dbo.role(id, created_date, updated_date, code) VALUES (3, '2010-12-26', '2014-12-20', 'XV88F62')
INSERT dbo.role(id, created_date, updated_date, code) VALUES (4, '1985-05-28', '1984-09-15', 'B35BPSR')
INSERT dbo.role(id, created_date, updated_date, code) VALUES (5, '1992-06-05', '1972-08-26', 'HI25IE6')
INSERT dbo.role(id, created_date, updated_date, code) VALUES (6, '1993-06-10', '1972-07-18', 'B230WN2')
INSERT dbo.role(id, created_date, updated_date, code) VALUES (7, '1981-10-12', '1988-11-02', 'Z6D32JA')
INSERT dbo.role(id, created_date, updated_date, code) VALUES (8, '1971-09-24', '1972-09-13', 'M82O4U0')
INSERT dbo.role(id, created_date, updated_date, code) VALUES (9, '2020-05-07', '1970-01-08', 'R44L4HF')
INSERT dbo.role(id, created_date, updated_date, code) VALUES (10, '2024-05-24', '2018-07-20', 'B019BSW')
INSERT dbo.role(id, created_date, updated_date, code) VALUES (11, '1989-11-14', '2011-11-02', 'ZIFU5G7')
INSERT dbo.role(id, created_date, updated_date, code) VALUES (12, '1970-01-05', '1988-02-28', 'G23T17H')
INSERT dbo.role(id, created_date, updated_date, code) VALUES (13, '1997-08-25', '1970-08-28', 'R6CO90U')
INSERT dbo.role(id, created_date, updated_date, code) VALUES (14, '1970-01-08', '2021-02-16', '1Z27417')
INSERT dbo.role(id, created_date, updated_date, code) VALUES (15, '1982-12-22', '1970-02-03', '474370G')
INSERT dbo.role(id, created_date, updated_date, code) VALUES (16, '1982-02-21', '1970-01-02', '1L51W7C')
INSERT dbo.role(id, created_date, updated_date, code) VALUES (17, '1992-10-27', '1982-04-10', '6LZ2QQ6')
INSERT dbo.role(id, created_date, updated_date, code) VALUES (18, '1970-01-03', '1990-05-22', '97FH14Y')
INSERT dbo.role(id, created_date, updated_date, code) VALUES (19, '1970-03-22', '1970-01-01', '30V62RA')
INSERT dbo.role(id, created_date, updated_date, code) VALUES (20, '2010-11-07', '1987-05-27', '57KSGWB')
INSERT dbo.role(id, created_date, updated_date, code) VALUES (21, '1975-06-22', '1971-05-17', 'F79357N')
INSERT dbo.role(id, created_date, updated_date, code) VALUES (22, '1988-08-17', '1970-03-27', '59X1WX3')
INSERT dbo.role(id, created_date, updated_date, code) VALUES (23, '1970-01-10', '2015-03-20', 'BM5A063')
INSERT dbo.role(id, created_date, updated_date, code) VALUES (24, '2006-02-22', '1970-01-07', '96F90B4')
INSERT dbo.role(id, created_date, updated_date, code) VALUES (25, '2020-12-26', '1980-11-26', 'D57503F')
INSERT dbo.role(id, created_date, updated_date, code) VALUES (26, '1986-03-21', '2008-06-01', '8C961ID')
INSERT dbo.role(id, created_date, updated_date, code) VALUES (27, '2004-09-04', '2010-03-25', '0008H01')
INSERT dbo.role(id, created_date, updated_date, code) VALUES (28, '1978-11-10', '1973-12-10', 'M5HUSO3')
INSERT dbo.role(id, created_date, updated_date, code) VALUES (29, '1972-03-28', '1985-06-01', '0N783PJ')
INSERT dbo.role(id, created_date, updated_date, code) VALUES (30, '1970-01-29', '2015-07-25', 'F6C0C2S')
INSERT dbo.role(id, created_date, updated_date, code) VALUES (31, '1971-07-24', '1973-08-10', '3TX257V')
INSERT dbo.role(id, created_date, updated_date, code) VALUES (32, '2000-02-25', '2002-01-24', '182NTIT')
INSERT dbo.role(id, created_date, updated_date, code) VALUES (33, '1970-01-19', '1970-01-03', '79DAI6Q')
INSERT dbo.role(id, created_date, updated_date, code) VALUES (34, '1972-11-08', '1970-01-08', '79686H8')
INSERT dbo.role(id, created_date, updated_date, code) VALUES (35, '1996-12-19', '1970-01-08', 'ENH2LG8')
INSERT dbo.role(id, created_date, updated_date, code) VALUES (36, '1996-09-02', '1987-08-19', '52H22JJ')
INSERT dbo.role(id, created_date, updated_date, code) VALUES (37, '2019-05-31', '1979-02-10', '805FCN2')
INSERT dbo.role(id, created_date, updated_date, code) VALUES (38, '1970-03-28', '1971-11-12', '718O7C4')
INSERT dbo.role(id, created_date, updated_date, code) VALUES (39, '1994-04-18', '1990-07-24', 'V7GMOHB')
INSERT dbo.role(id, created_date, updated_date, code) VALUES (40, '2015-05-23', '1979-06-30', 'X4RKB6C')
INSERT dbo.role(id, created_date, updated_date, code) VALUES (41, '1974-12-04', '1970-02-19', '71P06H1')
INSERT dbo.role(id, created_date, updated_date, code) VALUES (42, '2006-12-09', '2005-07-29', 'W973RI6')
INSERT dbo.role(id, created_date, updated_date, code) VALUES (43, '1970-01-07', '1970-01-19', '8D916GQ')
INSERT dbo.role(id, created_date, updated_date, code) VALUES (44, '1971-05-18', '1986-11-26', '02Y7NGX')
INSERT dbo.role(id, created_date, updated_date, code) VALUES (45, '2006-08-21', '2012-05-27', 'F43UXCD')
INSERT dbo.role(id, created_date, updated_date, code) VALUES (46, '2008-11-14', '2001-01-17', '0AOW4JH')
INSERT dbo.role(id, created_date, updated_date, code) VALUES (47, '1995-03-05', '1977-12-17', '8AONT24')
INSERT dbo.role(id, created_date, updated_date, code) VALUES (48, '2001-05-05', '1982-11-11', '04583TZ')
INSERT dbo.role(id, created_date, updated_date, code) VALUES (49, '1987-03-02', '2014-11-04', 'MFG27LV')
INSERT dbo.role(id, created_date, updated_date, code) VALUES (50, '1996-09-13', '1970-01-05', '12R57PD')
GO
SET IDENTITY_INSERT dbo.role OFF
GO

--
-- Inserting data into table dbo.size
--
SET IDENTITY_INSERT dbo.size ON
GO
INSERT dbo.size(id, created_date, deleted, updated_date, code, name) VALUES (1, '2003-06-14', 1, '1973-11-22', '3328IQV', 'Gilbert1963')
INSERT dbo.size(id, created_date, deleted, updated_date, code, name) VALUES (2, '2008-05-24', 1, '1980-12-05', 'M2AM6V8', 'Carlo2019')
INSERT dbo.size(id, created_date, deleted, updated_date, code, name) VALUES (3, '2018-10-02', 1, '1970-01-07', '10W261Q', 'Arriaga1950')
INSERT dbo.size(id, created_date, deleted, updated_date, code, name) VALUES (4, '1983-01-21', 1, '2010-05-06', 'Z484518', 'Alicea1971')
INSERT dbo.size(id, created_date, deleted, updated_date, code, name) VALUES (5, '2022-10-22', 1, '1981-12-23', '5XH3E48', 'Michelina1953')
INSERT dbo.size(id, created_date, deleted, updated_date, code, name) VALUES (6, '1973-05-07', 1, '1985-01-12', 'LM8BLDV', 'Adelaida116')
INSERT dbo.size(id, created_date, deleted, updated_date, code, name) VALUES (7, '1970-03-22', 0, '1983-01-05', 'E116LB8', 'Oneil2016')
INSERT dbo.size(id, created_date, deleted, updated_date, code, name) VALUES (8, '1983-08-01', 1, '1988-02-23', 'SCK88CB', 'Bartholomew1968')
INSERT dbo.size(id, created_date, deleted, updated_date, code, name) VALUES (9, '1970-10-14', 1, '1988-01-21', '2X25D70', 'Lorelei2001')
INSERT dbo.size(id, created_date, deleted, updated_date, code, name) VALUES (10, '2018-03-29', 1, '2023-03-07', 'MAJ1IKH', 'Keisha325')
INSERT dbo.size(id, created_date, deleted, updated_date, code, name) VALUES (11, '2002-02-01', 1, '2002-02-17', '7YQ0A6A', 'Norberto48')
INSERT dbo.size(id, created_date, deleted, updated_date, code, name) VALUES (12, '1999-02-12', 0, '1970-03-10', '7D60EOG', 'Caskey4')
INSERT dbo.size(id, created_date, deleted, updated_date, code, name) VALUES (13, '2010-03-13', 1, '1978-01-10', '239W43C', 'Conklin1971')
INSERT dbo.size(id, created_date, deleted, updated_date, code, name) VALUES (14, '1970-02-14', 0, '1970-06-11', 'F2F115P', 'Beverly95')
INSERT dbo.size(id, created_date, deleted, updated_date, code, name) VALUES (15, '2012-05-29', 1, '1989-11-27', 'H6TD2BK', 'Clemons91')
INSERT dbo.size(id, created_date, deleted, updated_date, code, name) VALUES (16, '2021-10-12', 0, '2015-06-02', '5YK686X', 'Bittner2024')
INSERT dbo.size(id, created_date, deleted, updated_date, code, name) VALUES (17, '1993-05-28', 1, '1975-12-14', '6E945V9', 'Barbee7')
INSERT dbo.size(id, created_date, deleted, updated_date, code, name) VALUES (18, '1992-03-28', 1, '1979-11-06', 'B222IH6', 'French412')
INSERT dbo.size(id, created_date, deleted, updated_date, code, name) VALUES (19, '1981-12-22', 1, '2022-02-18', '6P839X6', 'Georgia633')
INSERT dbo.size(id, created_date, deleted, updated_date, code, name) VALUES (20, '1970-11-28', 1, '1980-01-30', '9LR8KMO', 'Chin1965')
INSERT dbo.size(id, created_date, deleted, updated_date, code, name) VALUES (21, '2008-03-27', 1, '1992-01-09', '47770XQ', 'Cota671')
INSERT dbo.size(id, created_date, deleted, updated_date, code, name) VALUES (22, '1980-08-10', 0, '2023-05-16', '664IRI3', 'Rosaline39')
INSERT dbo.size(id, created_date, deleted, updated_date, code, name) VALUES (23, '1973-04-19', 1, '1995-12-23', 'OI3C0WS', 'Adam517')
INSERT dbo.size(id, created_date, deleted, updated_date, code, name) VALUES (24, '1995-04-05', 1, '2007-04-25', '4OAZBH0', 'Mallory1967')
INSERT dbo.size(id, created_date, deleted, updated_date, code, name) VALUES (25, '1987-03-07', 0, '1971-12-31', 'RY72V9J', 'Vest2019')
INSERT dbo.size(id, created_date, deleted, updated_date, code, name) VALUES (26, '1970-01-03', 1, '2004-12-20', 'D9PO4YD', 'Bob2025')
INSERT dbo.size(id, created_date, deleted, updated_date, code, name) VALUES (27, '2005-07-27', 1, '2008-03-29', 'BT34M63', 'Sharie574')
INSERT dbo.size(id, created_date, deleted, updated_date, code, name) VALUES (28, '1970-02-24', 1, '2019-06-11', 'UXGZ3YR', 'Scott1974')
INSERT dbo.size(id, created_date, deleted, updated_date, code, name) VALUES (29, '1970-01-28', 1, '1989-07-10', '91F11MD', 'Copeland7')
INSERT dbo.size(id, created_date, deleted, updated_date, code, name) VALUES (30, '1993-12-04', 0, '2005-06-29', 'V41J58P', 'Josue569')
INSERT dbo.size(id, created_date, deleted, updated_date, code, name) VALUES (31, '1989-03-29', 1, '1980-03-27', '97NN01X', 'Hilliard1954')
INSERT dbo.size(id, created_date, deleted, updated_date, code, name) VALUES (32, '2016-03-28', 1, '2010-10-17', '9HLV05I', 'Malcolm515')
INSERT dbo.size(id, created_date, deleted, updated_date, code, name) VALUES (33, '2021-11-06', 1, '2003-01-08', '8H4U6NJ', 'Tracy1998')
INSERT dbo.size(id, created_date, deleted, updated_date, code, name) VALUES (34, '1994-11-22', 1, '1998-11-21', 'CDKC204', 'Grigsby2021')
INSERT dbo.size(id, created_date, deleted, updated_date, code, name) VALUES (35, '1986-08-06', 0, '2002-09-08', 'XBW61EB', 'Roby833')
INSERT dbo.size(id, created_date, deleted, updated_date, code, name) VALUES (36, '2019-12-05', 0, '1970-01-02', '6UWKQVQ', 'Graham2020')
INSERT dbo.size(id, created_date, deleted, updated_date, code, name) VALUES (37, '1977-11-03', 0, '2003-06-03', 'J77A546', 'Michel2004')
INSERT dbo.size(id, created_date, deleted, updated_date, code, name) VALUES (38, '2020-11-08', 0, '1986-09-01', 'A0B16S2', 'Gearldine1955')
INSERT dbo.size(id, created_date, deleted, updated_date, code, name) VALUES (39, '1978-07-18', 0, '1984-01-10', '2H5P612', 'German993')
INSERT dbo.size(id, created_date, deleted, updated_date, code, name) VALUES (40, '1970-01-27', 0, '2021-01-05', '68B64F8', 'Chavez252')
INSERT dbo.size(id, created_date, deleted, updated_date, code, name) VALUES (41, '1982-01-03', 1, '1970-01-03', '6PS0D8J', 'Allena1953')
INSERT dbo.size(id, created_date, deleted, updated_date, code, name) VALUES (42, '1976-01-18', 1, '1994-02-11', '0518874', 'Benoit533')
INSERT dbo.size(id, created_date, deleted, updated_date, code, name) VALUES (43, '2000-07-12', 1, '1970-01-25', 'LE4X6DE', 'Margarito833')
INSERT dbo.size(id, created_date, deleted, updated_date, code, name) VALUES (44, '1970-01-10', 0, '1970-01-03', '1IQ78E0', 'Laraine2021')
INSERT dbo.size(id, created_date, deleted, updated_date, code, name) VALUES (45, '1970-02-02', 0, '2020-04-25', '0Y1ZO67', 'Bobbitt1')
INSERT dbo.size(id, created_date, deleted, updated_date, code, name) VALUES (46, '1970-02-09', 0, '1975-03-28', '001CD4Q', 'Faustino1')
INSERT dbo.size(id, created_date, deleted, updated_date, code, name) VALUES (47, '1970-08-27', 1, '2008-05-04', '96GOBZ0', 'Nichol62')
INSERT dbo.size(id, created_date, deleted, updated_date, code, name) VALUES (48, '2005-05-16', 1, '1988-02-10', '1E038H1', 'Adam229')
INSERT dbo.size(id, created_date, deleted, updated_date, code, name) VALUES (49, '1981-04-03', 0, '1976-09-12', 'DI3F9A8', 'Janetta1960')
INSERT dbo.size(id, created_date, deleted, updated_date, code, name) VALUES (50, '2001-12-26', 0, '1988-08-11', '2GQ60OB', 'Jamison2')
GO
SET IDENTITY_INSERT dbo.size OFF
GO

--
-- Inserting data into table dbo.sleeve
--
SET IDENTITY_INSERT dbo.sleeve ON
GO
INSERT dbo.sleeve(id, created_date, deleted, updated_date, code, name) VALUES (1, '1993-11-26', 1, '2019-01-13', 'E4H0Z03', 'Mccaffrey48')
INSERT dbo.sleeve(id, created_date, deleted, updated_date, code, name) VALUES (2, '1970-03-11', 0, '1989-10-04', 'H4N884G', 'Hoy973')
INSERT dbo.sleeve(id, created_date, deleted, updated_date, code, name) VALUES (3, '2009-09-11', 1, '2009-04-19', 'ITI0S05', 'Dennis1958')
INSERT dbo.sleeve(id, created_date, deleted, updated_date, code, name) VALUES (4, '1970-11-25', 1, '1987-07-28', '973FZUV', 'Demarcus372')
INSERT dbo.sleeve(id, created_date, deleted, updated_date, code, name) VALUES (5, '2001-08-12', 1, '2006-09-27', '27BS25B', 'Delmar4')
INSERT dbo.sleeve(id, created_date, deleted, updated_date, code, name) VALUES (6, '2007-10-14', 1, '1970-01-05', '9TLJO30', 'Dodd1956')
INSERT dbo.sleeve(id, created_date, deleted, updated_date, code, name) VALUES (7, '2001-08-12', 0, '1977-06-02', 'VS5Z6QM', 'Tanner2005')
INSERT dbo.sleeve(id, created_date, deleted, updated_date, code, name) VALUES (8, '2005-11-19', 1, '1983-12-29', '9S1CQ41', 'Tabatha1980')
INSERT dbo.sleeve(id, created_date, deleted, updated_date, code, name) VALUES (9, '2023-09-20', 1, '1989-06-24', '85672TS', 'Hale1')
INSERT dbo.sleeve(id, created_date, deleted, updated_date, code, name) VALUES (10, '1996-02-11', 1, '2020-03-11', '0Y73LCB', 'Cheyenne995')
INSERT dbo.sleeve(id, created_date, deleted, updated_date, code, name) VALUES (11, '1984-08-02', 0, '1985-03-06', '8L3Y413', 'Carlos7')
INSERT dbo.sleeve(id, created_date, deleted, updated_date, code, name) VALUES (12, '2014-02-26', 1, '2002-01-12', 'YMQ39V5', 'Raymundo1980')
INSERT dbo.sleeve(id, created_date, deleted, updated_date, code, name) VALUES (13, '2000-06-22', 0, '1994-08-20', '5GGWU10', 'Davis377')
INSERT dbo.sleeve(id, created_date, deleted, updated_date, code, name) VALUES (14, '1988-06-21', 1, '1993-03-04', '36AIABR', 'Brain27')
INSERT dbo.sleeve(id, created_date, deleted, updated_date, code, name) VALUES (15, '1970-01-03', 0, '2009-05-25', 'E5PMY7N', 'Emery2016')
INSERT dbo.sleeve(id, created_date, deleted, updated_date, code, name) VALUES (16, '1991-04-20', 0, '1970-08-22', '206ECTM', 'Gregory1954')
INSERT dbo.sleeve(id, created_date, deleted, updated_date, code, name) VALUES (17, '1981-11-21', 1, '2011-09-01', '2L26K8G', 'Emilie1957')
INSERT dbo.sleeve(id, created_date, deleted, updated_date, code, name) VALUES (18, '1985-01-30', 0, '1972-01-01', 'BMFSY2P', 'Abel2012')
INSERT dbo.sleeve(id, created_date, deleted, updated_date, code, name) VALUES (19, '1979-12-25', 1, '1993-01-27', 'W21Y073', 'Hipolito1963')
INSERT dbo.sleeve(id, created_date, deleted, updated_date, code, name) VALUES (20, '1970-08-24', 1, '2000-06-14', 'GG305F0', 'Christene1950')
INSERT dbo.sleeve(id, created_date, deleted, updated_date, code, name) VALUES (21, '1970-03-06', 0, '1970-01-10', 'BDW2FC0', 'Beckie14')
INSERT dbo.sleeve(id, created_date, deleted, updated_date, code, name) VALUES (22, '2021-02-16', 1, '1995-03-29', '7015549', 'Ricarda1989')
INSERT dbo.sleeve(id, created_date, deleted, updated_date, code, name) VALUES (23, '1993-05-03', 0, '1975-02-04', 'TG1D95O', 'Mayola1981')
INSERT dbo.sleeve(id, created_date, deleted, updated_date, code, name) VALUES (24, '2003-10-03', 0, '2017-06-08', 'ZPMFTF6', 'Trout59')
INSERT dbo.sleeve(id, created_date, deleted, updated_date, code, name) VALUES (25, '1998-02-05', 0, '1986-07-31', '6N4W3C7', 'Jody1969')
INSERT dbo.sleeve(id, created_date, deleted, updated_date, code, name) VALUES (26, '1971-02-13', 1, '1991-06-04', 'XWM9Q64', 'Judi383')
INSERT dbo.sleeve(id, created_date, deleted, updated_date, code, name) VALUES (27, '1978-02-04', 0, '1999-12-15', 'W7Z9W0C', 'Jared1990')
INSERT dbo.sleeve(id, created_date, deleted, updated_date, code, name) VALUES (28, '1970-02-14', 1, '1970-03-26', 'ACLTU3L', 'Benito75')
INSERT dbo.sleeve(id, created_date, deleted, updated_date, code, name) VALUES (29, '2022-04-11', 0, '1988-03-04', 'MS5WN56', 'Hatfield453')
INSERT dbo.sleeve(id, created_date, deleted, updated_date, code, name) VALUES (30, '2019-02-16', 1, '1972-12-15', '18B1LG0', 'Gerald2028')
INSERT dbo.sleeve(id, created_date, deleted, updated_date, code, name) VALUES (31, '2019-12-20', 1, '1970-01-05', '39A2116', 'Dorman2025')
INSERT dbo.sleeve(id, created_date, deleted, updated_date, code, name) VALUES (32, '2003-08-02', 0, '1970-01-07', 'TOJB7X2', 'Dwight7')
INSERT dbo.sleeve(id, created_date, deleted, updated_date, code, name) VALUES (33, '1974-02-21', 0, '1990-04-20', 'W16MAJ9', 'Dayna1973')
INSERT dbo.sleeve(id, created_date, deleted, updated_date, code, name) VALUES (34, '1981-11-26', 1, '1996-11-09', 'D6WKSJ2', 'Melania1969')
INSERT dbo.sleeve(id, created_date, deleted, updated_date, code, name) VALUES (35, '1970-06-26', 1, '1996-03-05', 'BBLD1VZ', 'Berry2012')
INSERT dbo.sleeve(id, created_date, deleted, updated_date, code, name) VALUES (36, '1970-05-06', 0, '1978-02-21', '37NY9CC', 'Rhett135')
INSERT dbo.sleeve(id, created_date, deleted, updated_date, code, name) VALUES (37, '1997-10-07', 1, '2023-04-08', '9913GQ1', 'Pedro678')
INSERT dbo.sleeve(id, created_date, deleted, updated_date, code, name) VALUES (38, '1991-05-14', 1, '2003-12-19', 'PM22ZHK', 'Fincher2026')
INSERT dbo.sleeve(id, created_date, deleted, updated_date, code, name) VALUES (39, '1995-12-26', 1, '1970-02-20', 'P0B098D', 'Simon1996')
INSERT dbo.sleeve(id, created_date, deleted, updated_date, code, name) VALUES (40, '1976-04-01', 0, '1975-03-16', '89502OU', 'Bertrand168')
INSERT dbo.sleeve(id, created_date, deleted, updated_date, code, name) VALUES (41, '1970-01-09', 0, '1993-02-08', 'SMIT497', 'Howard2016')
INSERT dbo.sleeve(id, created_date, deleted, updated_date, code, name) VALUES (42, '1970-03-24', 0, '2000-08-09', 'FM8LCWI', 'Harder1960')
INSERT dbo.sleeve(id, created_date, deleted, updated_date, code, name) VALUES (43, '1972-04-22', 1, '2000-01-11', 'SRMWUZJ', 'Sturgill197')
INSERT dbo.sleeve(id, created_date, deleted, updated_date, code, name) VALUES (44, '1986-09-16', 1, '1970-01-02', 'K1LE47W', 'Abraham1958')
INSERT dbo.sleeve(id, created_date, deleted, updated_date, code, name) VALUES (45, '2001-06-02', 0, '2000-03-08', 'I4J7XG0', 'Ezra64')
INSERT dbo.sleeve(id, created_date, deleted, updated_date, code, name) VALUES (46, '2015-02-09', 0, '1970-01-01', 'KI8TO8Y', 'Johnathon2027')
INSERT dbo.sleeve(id, created_date, deleted, updated_date, code, name) VALUES (47, '1998-06-28', 0, '2000-07-11', '3I474P0', 'Abel493')
INSERT dbo.sleeve(id, created_date, deleted, updated_date, code, name) VALUES (48, '1979-08-06', 1, '1972-08-13', '9I350HG', 'Freeman435')
INSERT dbo.sleeve(id, created_date, deleted, updated_date, code, name) VALUES (49, '2008-06-09', 1, '1970-09-23', '776LC97', 'Jeramy976')
INSERT dbo.sleeve(id, created_date, deleted, updated_date, code, name) VALUES (50, '1981-01-10', 0, '2000-03-21', '5HC2B29', 'Rueben1995')
GO
SET IDENTITY_INSERT dbo.sleeve OFF
GO

--
-- Inserting data into table dbo.style
--
SET IDENTITY_INSERT dbo.style ON
GO
INSERT dbo.style(id, created_date, deleted, updated_date, code, name) VALUES (1, '1970-01-25', 1, '2024-08-06', '3ZZ5P3B', 'Alfonso855')
INSERT dbo.style(id, created_date, deleted, updated_date, code, name) VALUES (2, '1972-08-21', 0, '1970-07-12', '8ZT899M', 'Dorsey2016')
INSERT dbo.style(id, created_date, deleted, updated_date, code, name) VALUES (3, '1973-12-14', 1, '2022-12-09', 'JS6P40L', 'Manson1984')
INSERT dbo.style(id, created_date, deleted, updated_date, code, name) VALUES (4, '1978-09-07', 0, '2002-03-15', 'UM1D8CM', 'Kerry35')
INSERT dbo.style(id, created_date, deleted, updated_date, code, name) VALUES (5, '2016-11-26', 1, '1970-08-13', 'ID62E46', 'Refugia2023')
INSERT dbo.style(id, created_date, deleted, updated_date, code, name) VALUES (6, '1970-03-31', 1, '1971-03-24', 'DXCEL26', 'Burchett1952')
INSERT dbo.style(id, created_date, deleted, updated_date, code, name) VALUES (7, '1970-03-29', 0, '1970-05-21', '14GWG65', 'Golden677')
INSERT dbo.style(id, created_date, deleted, updated_date, code, name) VALUES (8, '1970-01-09', 0, '1970-01-03', '02CDJ7D', 'Soriano2028')
INSERT dbo.style(id, created_date, deleted, updated_date, code, name) VALUES (9, '1970-01-01', 1, '1973-09-27', '2T10Y84', 'Coleman975')
INSERT dbo.style(id, created_date, deleted, updated_date, code, name) VALUES (10, '1985-11-27', 0, '2008-02-13', 'QBQ9RB6', 'Abbie2008')
INSERT dbo.style(id, created_date, deleted, updated_date, code, name) VALUES (11, '1970-01-18', 1, '1996-09-01', '2FIE6VK', 'Maximo932')
INSERT dbo.style(id, created_date, deleted, updated_date, code, name) VALUES (12, '1972-02-14', 0, '2021-03-03', 'T22XUU0', 'Dell734')
INSERT dbo.style(id, created_date, deleted, updated_date, code, name) VALUES (13, '1970-03-23', 0, '2001-03-15', 'MD84Q89', 'Alley2024')
INSERT dbo.style(id, created_date, deleted, updated_date, code, name) VALUES (14, '1970-03-05', 0, '2016-03-25', '91HP55G', 'Lowell2001')
INSERT dbo.style(id, created_date, deleted, updated_date, code, name) VALUES (15, '2004-11-13', 0, '1975-05-16', '0BSLYAH', 'Abraham122')
INSERT dbo.style(id, created_date, deleted, updated_date, code, name) VALUES (16, '1980-02-18', 1, '2012-07-05', '5A27G58', 'Jerald2028')
INSERT dbo.style(id, created_date, deleted, updated_date, code, name) VALUES (17, '2001-04-24', 1, '2013-10-06', '79J2VT0', 'Chavis1991')
INSERT dbo.style(id, created_date, deleted, updated_date, code, name) VALUES (18, '1971-08-15', 0, '2012-10-23', 'DN5C29E', 'Abe5')
INSERT dbo.style(id, created_date, deleted, updated_date, code, name) VALUES (19, '1989-04-29', 1, '1987-02-11', 'H7OI231', 'Coleman82')
INSERT dbo.style(id, created_date, deleted, updated_date, code, name) VALUES (20, '1996-10-10', 0, '2002-10-19', '4394TWT', 'Bethanie2015')
INSERT dbo.style(id, created_date, deleted, updated_date, code, name) VALUES (21, '2013-07-28', 0, '1970-03-19', 'Q29TT65', 'Aubrey2003')
INSERT dbo.style(id, created_date, deleted, updated_date, code, name) VALUES (22, '2002-05-19', 1, '1995-03-02', 'UVMU95V', 'Harland1965')
INSERT dbo.style(id, created_date, deleted, updated_date, code, name) VALUES (23, '1979-08-18', 0, '1984-08-28', '38YV5H1', 'Kirsten133')
INSERT dbo.style(id, created_date, deleted, updated_date, code, name) VALUES (24, '1985-11-18', 1, '2012-06-02', '4GR8CCE', 'Bowers1995')
INSERT dbo.style(id, created_date, deleted, updated_date, code, name) VALUES (25, '1970-01-06', 1, '1970-03-24', 'U47QF02', 'Daniel623')
INSERT dbo.style(id, created_date, deleted, updated_date, code, name) VALUES (26, '1970-09-30', 0, '1993-02-27', '953UNRG', 'Vest638')
INSERT dbo.style(id, created_date, deleted, updated_date, code, name) VALUES (27, '1996-10-04', 0, '1971-10-13', 'GK9TVFW', 'Byers36')
INSERT dbo.style(id, created_date, deleted, updated_date, code, name) VALUES (28, '1970-03-08', 0, '2010-09-15', 'ZR3O7KK', 'Dunbar2027')
INSERT dbo.style(id, created_date, deleted, updated_date, code, name) VALUES (29, '1984-05-14', 0, '2020-05-03', '385XV5A', 'Addie2022')
INSERT dbo.style(id, created_date, deleted, updated_date, code, name) VALUES (30, '1970-04-10', 0, '1974-11-25', '417NVA0', 'Gregoria2014')
INSERT dbo.style(id, created_date, deleted, updated_date, code, name) VALUES (31, '2014-03-25', 0, '2020-08-19', 'N0J688I', 'Cinda557')
INSERT dbo.style(id, created_date, deleted, updated_date, code, name) VALUES (32, '1999-07-06', 0, '1980-03-13', 'R9440A7', 'Upshaw963')
INSERT dbo.style(id, created_date, deleted, updated_date, code, name) VALUES (33, '1970-11-23', 0, '1991-02-01', 'S187NZA', 'Alford1987')
INSERT dbo.style(id, created_date, deleted, updated_date, code, name) VALUES (34, '1970-01-08', 1, '1970-01-10', 'X578VVZ', 'Vivian2023')
INSERT dbo.style(id, created_date, deleted, updated_date, code, name) VALUES (35, '1970-01-03', 0, '2023-12-12', '8A31Q7H', 'Evers249')
INSERT dbo.style(id, created_date, deleted, updated_date, code, name) VALUES (36, '1988-03-28', 1, '1992-07-11', '74399QC', 'Woodrow1974')
INSERT dbo.style(id, created_date, deleted, updated_date, code, name) VALUES (37, '1995-06-12', 1, '2006-08-16', 'B0155HH', 'Laraine391')
INSERT dbo.style(id, created_date, deleted, updated_date, code, name) VALUES (38, '1992-06-03', 0, '2009-02-06', 'CI0N4O0', 'Antione1985')
INSERT dbo.style(id, created_date, deleted, updated_date, code, name) VALUES (39, '2012-12-11', 1, '1976-03-28', 'Z51N3JK', 'Delbert3')
INSERT dbo.style(id, created_date, deleted, updated_date, code, name) VALUES (40, '1970-06-24', 0, '1970-01-09', '43P52LL', 'Shay1962')
INSERT dbo.style(id, created_date, deleted, updated_date, code, name) VALUES (41, '1988-02-16', 1, '1970-01-05', '9Z58VE0', 'Nieves438')
INSERT dbo.style(id, created_date, deleted, updated_date, code, name) VALUES (42, '1980-10-23', 0, '1978-07-30', 'LKZL5TU', 'Alicea6')
INSERT dbo.style(id, created_date, deleted, updated_date, code, name) VALUES (43, '1988-11-02', 1, '1979-01-01', 'FBMXAD2', 'Fortner1962')
INSERT dbo.style(id, created_date, deleted, updated_date, code, name) VALUES (44, '1984-10-24', 0, '2003-02-16', '234A688', 'Ackerman2018')
INSERT dbo.style(id, created_date, deleted, updated_date, code, name) VALUES (45, '1997-04-17', 1, '2008-12-25', '4I07U2T', 'Nubia2004')
INSERT dbo.style(id, created_date, deleted, updated_date, code, name) VALUES (46, '2005-05-13', 0, '2016-10-14', '63LGEL7', 'Azucena545')
INSERT dbo.style(id, created_date, deleted, updated_date, code, name) VALUES (47, '1975-02-01', 1, '1992-12-06', 'O78RZEU', 'Jennifer1957')
INSERT dbo.style(id, created_date, deleted, updated_date, code, name) VALUES (48, '1993-05-21', 1, '1982-01-25', 'NVIO7F7', 'Rasheeda53')
INSERT dbo.style(id, created_date, deleted, updated_date, code, name) VALUES (49, '1987-11-05', 0, '1995-11-25', '2PXF5DH', 'Garrett1988')
INSERT dbo.style(id, created_date, deleted, updated_date, code, name) VALUES (50, '1972-01-07', 0, '2017-04-12', '2ZD97DE', 'Reagan2')
GO
SET IDENTITY_INSERT dbo.style OFF
GO

--
-- Inserting data into table dbo.texture
--
SET IDENTITY_INSERT dbo.texture ON
GO
INSERT dbo.texture(id, created_date, deleted, updated_date, code, name) VALUES (1, '1970-01-08', 1, '1988-08-18', '97NX43E', 'Adan1951')
INSERT dbo.texture(id, created_date, deleted, updated_date, code, name) VALUES (2, '2008-01-27', 1, '1972-07-31', '0T9F496', 'Haight52')
INSERT dbo.texture(id, created_date, deleted, updated_date, code, name) VALUES (3, '1970-02-05', 1, '1999-08-28', 'Q964328', 'Larsen62')
INSERT dbo.texture(id, created_date, deleted, updated_date, code, name) VALUES (4, '1989-09-07', 0, '1970-01-09', '2501Y69', 'Dorene2004')
INSERT dbo.texture(id, created_date, deleted, updated_date, code, name) VALUES (5, '1996-09-16', 1, '1976-07-11', '65ID5L7', 'Keck5')
INSERT dbo.texture(id, created_date, deleted, updated_date, code, name) VALUES (6, '1994-07-31', 0, '1974-12-23', 'HVF0N9J', 'Jospeh5')
INSERT dbo.texture(id, created_date, deleted, updated_date, code, name) VALUES (7, '2000-11-14', 0, '1970-04-27', '5WFYQ32', 'Aguirre312')
INSERT dbo.texture(id, created_date, deleted, updated_date, code, name) VALUES (8, '1999-01-18', 0, '1974-11-24', '32739U8', 'Aldrich1953')
INSERT dbo.texture(id, created_date, deleted, updated_date, code, name) VALUES (9, '2010-11-08', 0, '1993-05-04', 'DSN0JU0', 'Cardenas2020')
INSERT dbo.texture(id, created_date, deleted, updated_date, code, name) VALUES (10, '2015-11-27', 1, '1992-07-02', 'IK3XLZU', 'Mckeever1984')
INSERT dbo.texture(id, created_date, deleted, updated_date, code, name) VALUES (11, '1995-11-30', 0, '1972-04-18', 'H7DPG51', 'Sprague2008')
INSERT dbo.texture(id, created_date, deleted, updated_date, code, name) VALUES (12, '1976-02-25', 0, '1970-10-03', 'ST6Z6O4', 'Drew1953')
INSERT dbo.texture(id, created_date, deleted, updated_date, code, name) VALUES (13, '2001-01-28', 1, '1996-07-26', 'J380198', 'Lockett1995')
INSERT dbo.texture(id, created_date, deleted, updated_date, code, name) VALUES (14, '2022-08-26', 0, '1973-07-09', '9T9Z1TK', 'Mckinley1951')
INSERT dbo.texture(id, created_date, deleted, updated_date, code, name) VALUES (15, '1996-11-04', 1, '2012-06-26', 'GR49LEW', 'Corey2026')
INSERT dbo.texture(id, created_date, deleted, updated_date, code, name) VALUES (16, '2023-12-17', 0, '1978-06-04', '89B7VAM', 'Aisha499')
INSERT dbo.texture(id, created_date, deleted, updated_date, code, name) VALUES (17, '2010-06-29', 0, '1970-11-24', '0E30NKT', 'Sheppard2004')
INSERT dbo.texture(id, created_date, deleted, updated_date, code, name) VALUES (18, '2017-09-08', 1, '1970-01-16', '0X3HSB4', 'Parrish8')
INSERT dbo.texture(id, created_date, deleted, updated_date, code, name) VALUES (19, '1980-07-26', 1, '1972-04-24', '0657H26', 'Abreu2003')
INSERT dbo.texture(id, created_date, deleted, updated_date, code, name) VALUES (20, '2006-04-23', 1, '1994-06-17', 'EC72QK6', 'Hutson1997')
INSERT dbo.texture(id, created_date, deleted, updated_date, code, name) VALUES (21, '1987-08-03', 1, '1970-01-12', 'AB6IG28', 'Quintin1')
INSERT dbo.texture(id, created_date, deleted, updated_date, code, name) VALUES (22, '1976-02-01', 1, '1973-01-19', 'PAFS3DV', 'Lien1976')
INSERT dbo.texture(id, created_date, deleted, updated_date, code, name) VALUES (23, '2024-02-11', 1, '2022-03-04', '3Z2UNA1', 'Ahmed31')
INSERT dbo.texture(id, created_date, deleted, updated_date, code, name) VALUES (24, '1970-01-05', 0, '2004-02-13', '490X560', 'Eloy2')
INSERT dbo.texture(id, created_date, deleted, updated_date, code, name) VALUES (25, '2012-01-01', 0, '2009-03-24', 'EUN05C5', 'Natalia2023')
INSERT dbo.texture(id, created_date, deleted, updated_date, code, name) VALUES (26, '1971-05-12', 1, '1984-02-22', 'E22VA25', 'Camarillo2001')
INSERT dbo.texture(id, created_date, deleted, updated_date, code, name) VALUES (27, '1972-05-11', 1, '1970-07-07', 'F43IV4O', 'Bradford437')
INSERT dbo.texture(id, created_date, deleted, updated_date, code, name) VALUES (28, '1972-06-23', 1, '2015-02-26', 'L0M7V14', 'Shaver6')
INSERT dbo.texture(id, created_date, deleted, updated_date, code, name) VALUES (29, '1998-07-22', 0, '1970-01-03', 'XKQT5ZX', 'Keeley721')
INSERT dbo.texture(id, created_date, deleted, updated_date, code, name) VALUES (30, '1972-08-16', 1, '2018-05-12', '1JF8900', 'Briseno167')
INSERT dbo.texture(id, created_date, deleted, updated_date, code, name) VALUES (31, '1992-04-02', 1, '2003-08-03', '2GII67X', 'Laurel6')
INSERT dbo.texture(id, created_date, deleted, updated_date, code, name) VALUES (32, '1980-07-28', 0, '2020-02-27', '630BM9D', 'Mara2025')
INSERT dbo.texture(id, created_date, deleted, updated_date, code, name) VALUES (33, '1985-01-26', 1, '1984-01-26', 'Q547907', 'Argelia149')
INSERT dbo.texture(id, created_date, deleted, updated_date, code, name) VALUES (34, '1970-01-08', 0, '1994-04-05', '9XT26S5', 'Maisie123')
INSERT dbo.texture(id, created_date, deleted, updated_date, code, name) VALUES (35, '1995-04-14', 1, '2019-02-17', '8J70DDA', 'Joshua1980')
INSERT dbo.texture(id, created_date, deleted, updated_date, code, name) VALUES (36, '1971-01-06', 1, '2008-03-11', 'T09OUDF', 'Mariah1967')
INSERT dbo.texture(id, created_date, deleted, updated_date, code, name) VALUES (37, '1979-04-10', 1, '2014-10-02', '4YD65A8', 'Evelynn682')
INSERT dbo.texture(id, created_date, deleted, updated_date, code, name) VALUES (38, '2004-07-22', 0, '2007-10-26', '41Z78F5', 'Reedy9')
INSERT dbo.texture(id, created_date, deleted, updated_date, code, name) VALUES (39, '1970-01-01', 0, '2007-07-03', '6AW6113', 'Candida5')
INSERT dbo.texture(id, created_date, deleted, updated_date, code, name) VALUES (40, '1990-02-20', 1, '2022-05-14', 'D2Q1976', 'Whitten1959')
INSERT dbo.texture(id, created_date, deleted, updated_date, code, name) VALUES (41, '1995-01-17', 1, '2004-02-13', '1IL4BEX', 'Wampler784')
INSERT dbo.texture(id, created_date, deleted, updated_date, code, name) VALUES (42, '1999-09-03', 0, '2012-07-17', '9609S9Y', 'Carlos8')
INSERT dbo.texture(id, created_date, deleted, updated_date, code, name) VALUES (43, '2017-09-28', 0, '1985-06-15', 'HPAR00V', 'Charisse474')
INSERT dbo.texture(id, created_date, deleted, updated_date, code, name) VALUES (44, '1989-08-11', 1, '2008-06-22', 'S9UXF6W', 'Franz28')
INSERT dbo.texture(id, created_date, deleted, updated_date, code, name) VALUES (45, '2015-05-03', 0, '2011-04-11', 'M7O79Q4', 'Trahan1963')
INSERT dbo.texture(id, created_date, deleted, updated_date, code, name) VALUES (46, '1979-08-25', 1, '1996-08-24', 'ZO4433K', 'Winford2010')
INSERT dbo.texture(id, created_date, deleted, updated_date, code, name) VALUES (47, '2003-04-04', 1, '1983-07-22', '44A52JI', 'Kenyetta481')
INSERT dbo.texture(id, created_date, deleted, updated_date, code, name) VALUES (48, '1975-02-26', 1, '1976-09-07', '7Y7J051', 'Gurley2008')
INSERT dbo.texture(id, created_date, deleted, updated_date, code, name) VALUES (49, '1970-01-15', 1, '2020-05-02', '80D09YV', 'Nabors881')
INSERT dbo.texture(id, created_date, deleted, updated_date, code, name) VALUES (50, '1970-01-10', 1, '2002-05-03', 'P2Z54EK', 'Oliver986')
GO
SET IDENTITY_INSERT dbo.texture OFF
GO

--
-- Inserting data into table dbo.thickness
--
SET IDENTITY_INSERT dbo.thickness ON
GO
INSERT dbo.thickness(id, created_date, deleted, updated_date, code, name) VALUES (1, '2008-08-22', 1, '1979-01-31', '34SVGJR', 'Paula2025')
INSERT dbo.thickness(id, created_date, deleted, updated_date, code, name) VALUES (2, '2005-08-13', 0, '1978-02-24', 'M8LH7I4', 'Lyndon855')
INSERT dbo.thickness(id, created_date, deleted, updated_date, code, name) VALUES (3, '1991-02-25', 0, '2000-08-09', '40BYA5X', 'Wilson2014')
INSERT dbo.thickness(id, created_date, deleted, updated_date, code, name) VALUES (4, '1972-08-16', 1, '2024-03-10', 'CLK7R95', 'Cleary2000')
INSERT dbo.thickness(id, created_date, deleted, updated_date, code, name) VALUES (5, '1970-01-04', 1, '2000-05-11', 'RKA1F8K', 'Tyler2000')
INSERT dbo.thickness(id, created_date, deleted, updated_date, code, name) VALUES (6, '2011-08-04', 1, '2020-12-06', 'RY4GPKS', 'Sherril1996')
INSERT dbo.thickness(id, created_date, deleted, updated_date, code, name) VALUES (7, '2009-06-30', 0, '1975-09-22', 'G4Q10U4', 'Albert5')
INSERT dbo.thickness(id, created_date, deleted, updated_date, code, name) VALUES (8, '1970-05-13', 0, '1970-07-29', 'KLHE5XD', 'Weldon2019')
INSERT dbo.thickness(id, created_date, deleted, updated_date, code, name) VALUES (9, '1970-01-03', 0, '1988-08-28', '3JIZJD1', 'Alisha2023')
INSERT dbo.thickness(id, created_date, deleted, updated_date, code, name) VALUES (10, '2006-04-09', 0, '1987-12-07', '521Q907', 'Chandler2024')
INSERT dbo.thickness(id, created_date, deleted, updated_date, code, name) VALUES (11, '1980-09-21', 1, '1970-03-19', 'PKOW7J1', 'Addie1974')
INSERT dbo.thickness(id, created_date, deleted, updated_date, code, name) VALUES (12, '1970-03-16', 1, '1973-11-29', 'NE7XRXZ', 'Ault1997')
INSERT dbo.thickness(id, created_date, deleted, updated_date, code, name) VALUES (13, '1972-02-18', 0, '1998-01-09', '0O5OY2E', 'Marquis1994')
INSERT dbo.thickness(id, created_date, deleted, updated_date, code, name) VALUES (14, '1978-11-13', 0, '2018-12-10', 'R342TVN', 'Adam2023')
INSERT dbo.thickness(id, created_date, deleted, updated_date, code, name) VALUES (15, '2008-03-25', 0, '1996-06-29', 'JEIT57S', 'Nieves443')
INSERT dbo.thickness(id, created_date, deleted, updated_date, code, name) VALUES (16, '1995-10-30', 0, '2007-10-14', '70GBX57', 'Nesmith1988')
INSERT dbo.thickness(id, created_date, deleted, updated_date, code, name) VALUES (17, '1979-03-07', 0, '2020-10-29', '42530H0', 'Bula7')
INSERT dbo.thickness(id, created_date, deleted, updated_date, code, name) VALUES (18, '1992-05-11', 0, '1970-01-03', 'EC96AX8', 'Mcdonough1993')
INSERT dbo.thickness(id, created_date, deleted, updated_date, code, name) VALUES (19, '2019-03-03', 1, '2023-07-23', '1G7LI7Q', 'Newton1977')
INSERT dbo.thickness(id, created_date, deleted, updated_date, code, name) VALUES (20, '1983-11-27', 1, '1973-07-13', '9F90J1V', 'Alonso1975')
INSERT dbo.thickness(id, created_date, deleted, updated_date, code, name) VALUES (21, '1989-03-16', 1, '1975-07-28', 'E765O7U', 'Cleary1965')
INSERT dbo.thickness(id, created_date, deleted, updated_date, code, name) VALUES (22, '2000-10-03', 0, '1986-09-11', 'QT4A2C4', 'Bauman2027')
INSERT dbo.thickness(id, created_date, deleted, updated_date, code, name) VALUES (23, '1971-04-29', 0, '1994-10-09', 'O7Y54Z4', 'Branson2001')
INSERT dbo.thickness(id, created_date, deleted, updated_date, code, name) VALUES (24, '1977-09-23', 1, '1983-05-20', 'P0X5768', 'Alisa1969')
INSERT dbo.thickness(id, created_date, deleted, updated_date, code, name) VALUES (25, '2003-02-03', 0, '1970-07-28', '7I8B37W', 'Willy732')
INSERT dbo.thickness(id, created_date, deleted, updated_date, code, name) VALUES (26, '2010-10-06', 0, '2021-10-28', 'K2GU0T6', 'Reyna1951')
INSERT dbo.thickness(id, created_date, deleted, updated_date, code, name) VALUES (27, '1970-01-05', 0, '1970-01-07', '6UP5T7T', 'Tommie275')
INSERT dbo.thickness(id, created_date, deleted, updated_date, code, name) VALUES (28, '1970-02-07', 1, '2005-07-27', 'EDZA4OE', 'Heike737')
INSERT dbo.thickness(id, created_date, deleted, updated_date, code, name) VALUES (29, '1970-05-08', 1, '1970-12-15', '7Q8C3C2', 'Madlyn1960')
INSERT dbo.thickness(id, created_date, deleted, updated_date, code, name) VALUES (30, '1979-11-16', 0, '1982-07-13', '4S6U2YS', 'Lankford1967')
INSERT dbo.thickness(id, created_date, deleted, updated_date, code, name) VALUES (31, '1971-08-18', 0, '1992-06-14', '03J84Z9', 'Major489')
INSERT dbo.thickness(id, created_date, deleted, updated_date, code, name) VALUES (32, '1970-02-26', 1, '2013-09-24', 'TZE1V11', 'Acevedo2015')
INSERT dbo.thickness(id, created_date, deleted, updated_date, code, name) VALUES (33, '2009-06-13', 1, '1999-07-17', 'STU3G9D', 'Arthur1960')
INSERT dbo.thickness(id, created_date, deleted, updated_date, code, name) VALUES (34, '1971-02-24', 0, '1997-11-08', '1249G4F', 'Noble531')
INSERT dbo.thickness(id, created_date, deleted, updated_date, code, name) VALUES (35, '2007-01-17', 0, '1970-01-08', 'O7362Q5', 'Alda1982')
INSERT dbo.thickness(id, created_date, deleted, updated_date, code, name) VALUES (36, '1970-03-27', 0, '1970-11-26', '39Y7IAJ', 'Lyles2013')
INSERT dbo.thickness(id, created_date, deleted, updated_date, code, name) VALUES (37, '1990-04-25', 1, '2012-12-22', 'ZZK8Y1L', 'Apodaca1962')
INSERT dbo.thickness(id, created_date, deleted, updated_date, code, name) VALUES (38, '1975-01-29', 0, '1987-03-10', 'S1180Q3', 'Giroux2005')
INSERT dbo.thickness(id, created_date, deleted, updated_date, code, name) VALUES (39, '1977-10-14', 1, '1984-10-14', '3XR6V6B', 'Phillis223')
INSERT dbo.thickness(id, created_date, deleted, updated_date, code, name) VALUES (40, '2014-12-19', 1, '2004-03-26', 'Y6050Y3', 'Paulette8')
INSERT dbo.thickness(id, created_date, deleted, updated_date, code, name) VALUES (41, '2016-02-01', 0, '1970-01-08', 'J2046XW', 'Coburn725')
INSERT dbo.thickness(id, created_date, deleted, updated_date, code, name) VALUES (42, '1990-09-10', 1, '1970-04-06', '2YENWTS', 'Roderick1973')
INSERT dbo.thickness(id, created_date, deleted, updated_date, code, name) VALUES (43, '1970-03-30', 0, '1991-03-21', '0B98XB2', 'Darren1961')
INSERT dbo.thickness(id, created_date, deleted, updated_date, code, name) VALUES (44, '1976-07-09', 0, '1970-01-23', 'T9FWOKF', 'Erlene2')
INSERT dbo.thickness(id, created_date, deleted, updated_date, code, name) VALUES (45, '1974-06-26', 0, '1970-01-02', '6X9M03U', 'Arden1994')
INSERT dbo.thickness(id, created_date, deleted, updated_date, code, name) VALUES (46, '2008-02-29', 1, '1986-03-23', 'Z3S0IZA', 'Gretchen4')
INSERT dbo.thickness(id, created_date, deleted, updated_date, code, name) VALUES (47, '1970-02-10', 1, '2005-02-19', 'J2NYAF4', 'Ai782')
INSERT dbo.thickness(id, created_date, deleted, updated_date, code, name) VALUES (48, '1998-09-04', 1, '1985-06-20', 'BG85JPX', 'Field1998')
INSERT dbo.thickness(id, created_date, deleted, updated_date, code, name) VALUES (49, '2010-10-19', 1, '1970-11-24', '69CAG7Q', 'Hennessey785')
INSERT dbo.thickness(id, created_date, deleted, updated_date, code, name) VALUES (50, '1970-01-21', 0, '1995-11-01', '0G88CV7', 'Marth244')
GO
SET IDENTITY_INSERT dbo.thickness OFF
GO

--
-- Inserting data into table dbo.voucher
--
SET IDENTITY_INSERT dbo.voucher ON
GO
INSERT dbo.voucher(id, created_date, deleted, end_date, max_percent, min_amount, quantity, start_date, updated_date, code, name, status, type_ticket) VALUES (1, '1999-02-04', 1, '1970-01-12', 63, 49, 11, '2003-09-28', '2023-10-02', 'DIWB84X', 'Hedges1980', 'Inactive', 'Individual')
INSERT dbo.voucher(id, created_date, deleted, end_date, max_percent, min_amount, quantity, start_date, updated_date, code, name, status, type_ticket) VALUES (2, '1970-02-14', 1, '1972-02-15', 44, 44, 63, '2016-07-11', '1989-01-22', '064728S', 'Blondell667', 'Active', 'Everybody')
INSERT dbo.voucher(id, created_date, deleted, end_date, max_percent, min_amount, quantity, start_date, updated_date, code, name, status, type_ticket) VALUES (3, '1987-03-13', 0, '1970-01-06', 90, 9, 90, '1991-02-25', '1970-02-01', 'Z62Z06U', 'Alethea1986', 'Inactive', 'Everybody')
INSERT dbo.voucher(id, created_date, deleted, end_date, max_percent, min_amount, quantity, start_date, updated_date, code, name, status, type_ticket) VALUES (4, '2001-09-17', 0, '1974-08-01', 41, 84, 64, '2015-09-24', '2000-09-14', 'PW6RO68', 'Adolph16', 'Active', 'Individual')
INSERT dbo.voucher(id, created_date, deleted, end_date, max_percent, min_amount, quantity, start_date, updated_date, code, name, status, type_ticket) VALUES (5, '1997-02-21', 1, '1985-05-30', 38, 71, 45, '2013-07-13', '2003-07-26', 'IJ3QV32', 'Copeland941', 'Inactive', 'Everybody')
INSERT dbo.voucher(id, created_date, deleted, end_date, max_percent, min_amount, quantity, start_date, updated_date, code, name, status, type_ticket) VALUES (6, '1995-04-24', 1, '2012-12-07', 83, 67, 53, '1971-12-10', '2010-07-11', '48KP50Q', 'Doyle1952', 'Active', 'Individual')
INSERT dbo.voucher(id, created_date, deleted, end_date, max_percent, min_amount, quantity, start_date, updated_date, code, name, status, type_ticket) VALUES (7, '1991-09-05', 1, '1988-07-21', 47, 53, 50, '1971-04-18', '1996-05-28', 'ABA70D1', 'Houston2028', 'Active', 'Everybody')
INSERT dbo.voucher(id, created_date, deleted, end_date, max_percent, min_amount, quantity, start_date, updated_date, code, name, status, type_ticket) VALUES (8, '2005-11-02', 0, '2011-12-24', 16, 16, 99, '2019-01-25', '1984-12-04', '970U24E', 'Corrinne24', 'Active', 'Individual')
INSERT dbo.voucher(id, created_date, deleted, end_date, max_percent, min_amount, quantity, start_date, updated_date, code, name, status, type_ticket) VALUES (9, '1970-01-03', 1, '2001-11-18', 36, 89, 91, '2024-05-06', '1982-05-24', 'D42NU24', 'Curley926', 'Inactive', 'Individual')
INSERT dbo.voucher(id, created_date, deleted, end_date, max_percent, min_amount, quantity, start_date, updated_date, code, name, status, type_ticket) VALUES (10, '1970-01-01', 0, '1983-01-24', 92, 96, 91, '1977-09-02', '1970-01-05', 'UZ1815G', 'Ethelene1988', 'Active', 'Everybody')
INSERT dbo.voucher(id, created_date, deleted, end_date, max_percent, min_amount, quantity, start_date, updated_date, code, name, status, type_ticket) VALUES (11, '1978-03-28', 0, '2015-06-27', 82, 61, 30, '1970-01-10', '1974-05-01', '31DXQ99', 'Mirna2003', 'Inactive', 'Individual')
INSERT dbo.voucher(id, created_date, deleted, end_date, max_percent, min_amount, quantity, start_date, updated_date, code, name, status, type_ticket) VALUES (12, '1997-01-15', 0, '1978-09-08', 96, 83, 63, '2000-02-20', '1973-06-27', '3Y7MDB9', 'Marcellus2016', 'Active', 'Individual')
INSERT dbo.voucher(id, created_date, deleted, end_date, max_percent, min_amount, quantity, start_date, updated_date, code, name, status, type_ticket) VALUES (13, '1970-01-01', 1, '1970-01-08', 5, 5, 78, '1986-10-21', '1976-05-07', '2OH1BL9', 'Arsenault2006', 'Active', 'Individual')
INSERT dbo.voucher(id, created_date, deleted, end_date, max_percent, min_amount, quantity, start_date, updated_date, code, name, status, type_ticket) VALUES (14, '2020-10-13', 0, '1990-02-16', 15, 44, 11, '1970-01-04', '1976-03-09', 'J6LQS3E', 'Wilbur515', 'Active', 'Everybody')
INSERT dbo.voucher(id, created_date, deleted, end_date, max_percent, min_amount, quantity, start_date, updated_date, code, name, status, type_ticket) VALUES (15, '1973-01-27', 1, '2013-04-22', 37, 37, 23, '1986-04-23', '1970-01-08', '96QU16S', 'Jerald2004', 'Inactive', 'Everybody')
INSERT dbo.voucher(id, created_date, deleted, end_date, max_percent, min_amount, quantity, start_date, updated_date, code, name, status, type_ticket) VALUES (16, '1997-09-27', 1, '1970-01-02', 79, 18, 42, '1991-03-14', '1996-03-25', '34P2J74', 'Ali893', 'Active', 'Individual')
INSERT dbo.voucher(id, created_date, deleted, end_date, max_percent, min_amount, quantity, start_date, updated_date, code, name, status, type_ticket) VALUES (17, '2020-09-30', 0, '2018-04-18', 57, 17, 19, '1970-01-03', '1970-04-06', '7Z1MNZO', 'Steve571', 'Inactive', 'Everybody')
INSERT dbo.voucher(id, created_date, deleted, end_date, max_percent, min_amount, quantity, start_date, updated_date, code, name, status, type_ticket) VALUES (18, '1996-07-28', 0, '1989-10-22', 12, 12, 35, '1990-07-02', '1970-01-07', '4Q1F98X', 'Abraham344', 'Inactive', 'Everybody')
INSERT dbo.voucher(id, created_date, deleted, end_date, max_percent, min_amount, quantity, start_date, updated_date, code, name, status, type_ticket) VALUES (19, '1971-02-02', 1, '1984-09-04', 85, 54, 59, '2019-01-31', '2019-11-06', 'G9BF3OJ', 'Adan1969', 'Inactive', 'Individual')
INSERT dbo.voucher(id, created_date, deleted, end_date, max_percent, min_amount, quantity, start_date, updated_date, code, name, status, type_ticket) VALUES (20, '1987-10-04', 0, '2019-08-03', 75, 75, 18, '1998-03-11', '2007-05-04', '1L7LDS6', 'Elton1977', 'Inactive', 'Individual')
INSERT dbo.voucher(id, created_date, deleted, end_date, max_percent, min_amount, quantity, start_date, updated_date, code, name, status, type_ticket) VALUES (21, '1970-02-02', 0, '1997-09-04', 22, 6, 4, '1976-11-09', '1970-01-09', 'HV6NN4T', 'Leslee2015', 'Active', 'Everybody')
INSERT dbo.voucher(id, created_date, deleted, end_date, max_percent, min_amount, quantity, start_date, updated_date, code, name, status, type_ticket) VALUES (22, '2013-03-19', 1, '1981-05-01', 47, 65, 9, '1970-02-21', '1985-11-25', '6W9958W', 'Alaine1964', 'Inactive', 'Individual')
INSERT dbo.voucher(id, created_date, deleted, end_date, max_percent, min_amount, quantity, start_date, updated_date, code, name, status, type_ticket) VALUES (23, '2021-03-10', 1, '2001-11-26', 20, 84, 83, '1973-07-15', '1982-10-17', 'GR8X9T8', 'Corley2007', 'Active', 'Everybody')
INSERT dbo.voucher(id, created_date, deleted, end_date, max_percent, min_amount, quantity, start_date, updated_date, code, name, status, type_ticket) VALUES (24, '1970-01-08', 1, '2001-02-12', 50, 22, 23, '1980-04-20', '1970-01-02', 'J7549MS', 'Cherryl82', 'Active', 'Everybody')
INSERT dbo.voucher(id, created_date, deleted, end_date, max_percent, min_amount, quantity, start_date, updated_date, code, name, status, type_ticket) VALUES (25, '1972-03-30', 1, '1994-03-19', 55, 65, 7, '1975-10-14', '2015-01-03', '4U613XI', 'Augustine2022', 'Active', 'Individual')
INSERT dbo.voucher(id, created_date, deleted, end_date, max_percent, min_amount, quantity, start_date, updated_date, code, name, status, type_ticket) VALUES (26, '2008-11-16', 0, '1979-08-25', 41, 67, 28, '1997-11-02', '1970-01-07', 'BL9I61K', 'Caleb9', 'Active', 'Everybody')
INSERT dbo.voucher(id, created_date, deleted, end_date, max_percent, min_amount, quantity, start_date, updated_date, code, name, status, type_ticket) VALUES (27, '1980-07-20', 0, '1985-05-14', 76, 81, 34, '1989-08-07', '2002-10-05', 'ISJVXN6', 'Elton7', 'Inactive', 'Individual')
INSERT dbo.voucher(id, created_date, deleted, end_date, max_percent, min_amount, quantity, start_date, updated_date, code, name, status, type_ticket) VALUES (28, '1992-02-25', 0, '1986-11-27', 14, 18, 39, '1981-12-13', '1990-04-18', '99F345Z', 'Tajuana2013', 'Inactive', 'Everybody')
INSERT dbo.voucher(id, created_date, deleted, end_date, max_percent, min_amount, quantity, start_date, updated_date, code, name, status, type_ticket) VALUES (29, '1973-04-27', 0, '1990-05-10', 87, 47, 99, '2012-01-15', '1973-10-14', '6B35OFW', 'Frank277', 'Inactive', 'Everybody')
INSERT dbo.voucher(id, created_date, deleted, end_date, max_percent, min_amount, quantity, start_date, updated_date, code, name, status, type_ticket) VALUES (30, '1971-11-28', 1, '1990-06-17', 36, 91, 78, '2001-01-14', '1974-05-03', 'H919M5I', 'Ada1982', 'Active', 'Everybody')
INSERT dbo.voucher(id, created_date, deleted, end_date, max_percent, min_amount, quantity, start_date, updated_date, code, name, status, type_ticket) VALUES (31, '1988-03-14', 0, '1970-04-13', 78, 61, 92, '2020-09-15', '2020-09-25', '8809I38', 'Christopher2027', 'Inactive', 'Individual')
INSERT dbo.voucher(id, created_date, deleted, end_date, max_percent, min_amount, quantity, start_date, updated_date, code, name, status, type_ticket) VALUES (32, '1971-11-30', 0, '1996-07-29', 22, 64, 95, '2023-11-29', '1979-10-08', 'ZP0G548', 'Santos581', 'Inactive', 'Individual')
INSERT dbo.voucher(id, created_date, deleted, end_date, max_percent, min_amount, quantity, start_date, updated_date, code, name, status, type_ticket) VALUES (33, '2004-05-14', 0, '1980-04-28', 3, 3, 40, '2014-11-22', '1988-12-01', 'E22134G', 'Teodoro467', 'Inactive', 'Everybody')
INSERT dbo.voucher(id, created_date, deleted, end_date, max_percent, min_amount, quantity, start_date, updated_date, code, name, status, type_ticket) VALUES (34, '1971-06-05', 0, '2003-08-26', 13, 9, 4, '1971-08-02', '1970-03-04', '807X59Z', 'Noble833', 'Inactive', 'Everybody')
INSERT dbo.voucher(id, created_date, deleted, end_date, max_percent, min_amount, quantity, start_date, updated_date, code, name, status, type_ticket) VALUES (35, '1990-03-12', 0, '1998-12-29', 28, 3, 12, '2016-06-04', '1974-10-21', 'N393556', 'Toney326', 'Active', 'Individual')
INSERT dbo.voucher(id, created_date, deleted, end_date, max_percent, min_amount, quantity, start_date, updated_date, code, name, status, type_ticket) VALUES (36, '2012-07-26', 0, '1988-04-09', 24, 48, 22, '2011-11-18', '1971-07-19', '3N91O0P', 'Reyes2017', 'Inactive', 'Individual')
INSERT dbo.voucher(id, created_date, deleted, end_date, max_percent, min_amount, quantity, start_date, updated_date, code, name, status, type_ticket) VALUES (37, '1977-07-13', 0, '2012-11-12', 34, 31, 44, '1970-04-01', '1992-08-26', '0ROAZYF', 'Delbert7', 'Inactive', 'Everybody')
INSERT dbo.voucher(id, created_date, deleted, end_date, max_percent, min_amount, quantity, start_date, updated_date, code, name, status, type_ticket) VALUES (38, '1975-12-11', 1, '2010-10-07', 17, 48, 62, '1982-01-04', '1972-02-14', 'QR76352', 'Gough1991', 'Inactive', 'Everybody')
INSERT dbo.voucher(id, created_date, deleted, end_date, max_percent, min_amount, quantity, start_date, updated_date, code, name, status, type_ticket) VALUES (39, '2010-12-03', 0, '1970-01-04', 14, 27, 18, '2008-02-24', '1978-05-24', '2VO524K', 'Chauncey336', 'Inactive', 'Individual')
INSERT dbo.voucher(id, created_date, deleted, end_date, max_percent, min_amount, quantity, start_date, updated_date, code, name, status, type_ticket) VALUES (40, '1974-12-20', 1, '1993-07-13', 2, 2, 50, '1970-01-10', '1991-10-03', '4O5WBHC', 'Alphonso1964', 'Active', 'Everybody')
INSERT dbo.voucher(id, created_date, deleted, end_date, max_percent, min_amount, quantity, start_date, updated_date, code, name, status, type_ticket) VALUES (41, '2008-07-10', 1, '1971-02-16', 98, 19, 67, '2001-04-10', '2002-12-22', '6FI8E73', 'Mammie1978', 'Inactive', 'Individual')
INSERT dbo.voucher(id, created_date, deleted, end_date, max_percent, min_amount, quantity, start_date, updated_date, code, name, status, type_ticket) VALUES (42, '2010-02-04', 1, '1970-01-09', 80, 78, 78, '1979-09-26', '1999-06-25', '0IF2456', 'Adelaida2023', 'Active', 'Individual')
INSERT dbo.voucher(id, created_date, deleted, end_date, max_percent, min_amount, quantity, start_date, updated_date, code, name, status, type_ticket) VALUES (43, '2002-04-27', 0, '2004-02-20', 2, 2, 21, '2009-01-26', '1971-05-21', '1C075D5', 'Max1967', 'Active', 'Individual')
INSERT dbo.voucher(id, created_date, deleted, end_date, max_percent, min_amount, quantity, start_date, updated_date, code, name, status, type_ticket) VALUES (44, '1971-08-25', 0, '1975-08-26', 16, 12, 79, '1977-03-20', '2010-11-17', 'NPW0XC0', 'Gillis846', 'Active', 'Individual')
INSERT dbo.voucher(id, created_date, deleted, end_date, max_percent, min_amount, quantity, start_date, updated_date, code, name, status, type_ticket) VALUES (45, '2021-05-22', 0, '1982-11-20', 26, 17, 67, '1985-09-27', '1970-01-02', 'TFG3QUF', 'Larraine2022', 'Inactive', 'Everybody')
INSERT dbo.voucher(id, created_date, deleted, end_date, max_percent, min_amount, quantity, start_date, updated_date, code, name, status, type_ticket) VALUES (46, '1998-02-18', 0, '2000-04-18', 13, 5, 26, '1997-03-03', '1996-02-29', '3GCJ4UQ', 'Jennings1', 'Active', 'Individual')
INSERT dbo.voucher(id, created_date, deleted, end_date, max_percent, min_amount, quantity, start_date, updated_date, code, name, status, type_ticket) VALUES (47, '1990-07-02', 0, '1970-01-22', 89, 44, 60, '2014-07-19', '1974-11-11', '3D9Z2A8', 'Gutierrez1973', 'Active', 'Individual')
INSERT dbo.voucher(id, created_date, deleted, end_date, max_percent, min_amount, quantity, start_date, updated_date, code, name, status, type_ticket) VALUES (48, '1971-06-13', 1, '1974-08-22', 16, 16, 50, '2016-06-17', '1990-05-16', 'LJN94WC', 'Trask973', 'Inactive', 'Individual')
INSERT dbo.voucher(id, created_date, deleted, end_date, max_percent, min_amount, quantity, start_date, updated_date, code, name, status, type_ticket) VALUES (49, '1970-02-03', 0, '2012-03-29', 88, 43, 61, '1970-01-09', '2016-10-14', 'J7U7M09', 'Lacy354', 'Active', 'Everybody')
INSERT dbo.voucher(id, created_date, deleted, end_date, max_percent, min_amount, quantity, start_date, updated_date, code, name, status, type_ticket) VALUES (50, '1970-01-10', 0, '1972-05-15', 80, 6, 34, '2023-10-16', '2022-01-25', '09071KT', 'Tereasa1974', 'Active', 'Individual')
GO
SET IDENTITY_INSERT dbo.voucher OFF
GO

--
-- Inserting data into table dbo.product_detail
--
SET IDENTITY_INSERT dbo.product_detail ON
GO
INSERT dbo.product_detail(id, brand_id, collar_id, color_id, created_date, deleted, elasticity_id, image_id, material_id, origin_id, price, product_id, quantity, size_id, sleeve_id, style_id, texture_id, thickness_id, updated_date, code, name) VALUES (1, 13, 31, 6, '1970-09-29', 1, 38, 5, 27, 34, 271.64, 42, 1, 9, 23, 40, 50, 35, '1992-04-28', '13FAW26', 'Tetara')
INSERT dbo.product_detail(id, brand_id, collar_id, color_id, created_date, deleted, elasticity_id, image_id, material_id, origin_id, price, product_id, quantity, size_id, sleeve_id, style_id, texture_id, thickness_id, updated_date, code, name) VALUES (2, 19, 6, 29, '1970-01-02', 0, 18, 43, 36, 45, 1.05, 17, 45, 44, 41, 14, 27, 36, '2021-07-10', '1936270', 'Monholdpler')
INSERT dbo.product_detail(id, brand_id, collar_id, color_id, created_date, deleted, elasticity_id, image_id, material_id, origin_id, price, product_id, quantity, size_id, sleeve_id, style_id, texture_id, thickness_id, updated_date, code, name) VALUES (3, 11, 24, 15, '2010-08-08', 0, 15, 38, 2, 25, 856004.76, 45, 84, 34, 31, 31, 30, 6, '1977-06-30', 'ESL3L64', 'Speaktecterator')
INSERT dbo.product_detail(id, brand_id, collar_id, color_id, created_date, deleted, elasticity_id, image_id, material_id, origin_id, price, product_id, quantity, size_id, sleeve_id, style_id, texture_id, thickness_id, updated_date, code, name) VALUES (4, 17, 32, 29, '1970-11-18', 0, 10, 15, 38, 27, 321.6, 14, 93, 45, 16, 20, 7, 14, '2000-10-26', '742T2ZX', 'Conholdgaor')
INSERT dbo.product_detail(id, brand_id, collar_id, color_id, created_date, deleted, elasticity_id, image_id, material_id, origin_id, price, product_id, quantity, size_id, sleeve_id, style_id, texture_id, thickness_id, updated_date, code, name) VALUES (5, 36, 49, 9, '1970-03-15', 0, 44, 6, 2, 41, 73.49, 47, 71, 42, 18, 12, 13, 49, '1994-07-15', '75090PJ', 'Tweetwoofer')
INSERT dbo.product_detail(id, brand_id, collar_id, color_id, created_date, deleted, elasticity_id, image_id, material_id, origin_id, price, product_id, quantity, size_id, sleeve_id, style_id, texture_id, thickness_id, updated_date, code, name) VALUES (6, 23, 31, 7, '2016-03-05', 1, 50, 30, 22, 34, 830715.42, 9, 30, 27, 1, 35, 21, 22, '1990-01-24', 'CP0DQ44', 'Confindletator')
INSERT dbo.product_detail(id, brand_id, collar_id, color_id, created_date, deleted, elasticity_id, image_id, material_id, origin_id, price, product_id, quantity, size_id, sleeve_id, style_id, texture_id, thickness_id, updated_date, code, name) VALUES (7, 39, 38, 33, '2019-10-20', 1, 14, 17, 8, 22, 199539.26, 11, 4, 36, 9, 20, 33, 26, '2023-12-10', 'SB7IRH2', 'Anceivollridge')
INSERT dbo.product_detail(id, brand_id, collar_id, color_id, created_date, deleted, elasticity_id, image_id, material_id, origin_id, price, product_id, quantity, size_id, sleeve_id, style_id, texture_id, thickness_id, updated_date, code, name) VALUES (8, 44, 15, 28, '2023-05-08', 1, 37, 14, 9, 10, 597010.2, 21, 59, 25, 24, 29, 14, 47, '1989-01-01', 'M7NJ89X', 'Armjectscope')
INSERT dbo.product_detail(id, brand_id, collar_id, color_id, created_date, deleted, elasticity_id, image_id, material_id, origin_id, price, product_id, quantity, size_id, sleeve_id, style_id, texture_id, thickness_id, updated_date, code, name) VALUES (9, 41, 34, 25, '2008-05-25', 1, 6, 37, 20, 3, 319649.93, 24, 66, 33, 38, 3, 16, 11, '1970-01-03', 'S0728WS', 'Monomutgaon')
INSERT dbo.product_detail(id, brand_id, collar_id, color_id, created_date, deleted, elasticity_id, image_id, material_id, origin_id, price, product_id, quantity, size_id, sleeve_id, style_id, texture_id, thickness_id, updated_date, code, name) VALUES (10, 6, 25, 11, '2019-06-05', 0, 6, 22, 25, 47, 900227.25, 2, 10, 38, 38, 21, 21, 26, '2006-01-23', 'S5P4RN5', 'Playtellerer')
INSERT dbo.product_detail(id, brand_id, collar_id, color_id, created_date, deleted, elasticity_id, image_id, material_id, origin_id, price, product_id, quantity, size_id, sleeve_id, style_id, texture_id, thickness_id, updated_date, code, name) VALUES (11, 32, 7, 33, '2018-12-19', 1, 8, 27, 41, 16, 242384.21, 45, 4, 20, 38, 7, 12, 6, '1988-07-01', 'B4KIFW6', 'Conceivphone')
INSERT dbo.product_detail(id, brand_id, collar_id, color_id, created_date, deleted, elasticity_id, image_id, material_id, origin_id, price, product_id, quantity, size_id, sleeve_id, style_id, texture_id, thickness_id, updated_date, code, name) VALUES (12, 21, 24, 19, '1994-01-07', 1, 18, 19, 13, 18, 982472.49, 35, 48, 44, 11, 18, 14, 13, '2003-11-23', 'KBBA541', 'Micmutefor')
INSERT dbo.product_detail(id, brand_id, collar_id, color_id, created_date, deleted, elasticity_id, image_id, material_id, origin_id, price, product_id, quantity, size_id, sleeve_id, style_id, texture_id, thickness_id, updated_date, code, name) VALUES (13, 16, 35, 4, '1988-09-19', 1, 9, 50, 43, 26, 338886.17, 13, 13, 45, 6, 31, 4, 5, '2006-08-08', 'C9O9G99', 'Stereofindlet')
INSERT dbo.product_detail(id, brand_id, collar_id, color_id, created_date, deleted, elasticity_id, image_id, material_id, origin_id, price, product_id, quantity, size_id, sleeve_id, style_id, texture_id, thickness_id, updated_date, code, name) VALUES (14, 49, 31, 10, '1992-05-22', 1, 34, 28, 23, 49, 151802.59, 15, 9, 6, 10, 1, 23, 3, '1984-11-14', 'W5NY3JP', 'Monomutoller')
INSERT dbo.product_detail(id, brand_id, collar_id, color_id, created_date, deleted, elasticity_id, image_id, material_id, origin_id, price, product_id, quantity, size_id, sleeve_id, style_id, texture_id, thickness_id, updated_date, code, name) VALUES (15, 4, 44, 33, '1970-01-10', 0, 33, 14, 32, 3, 9.86, 43, 28, 44, 28, 45, 27, 40, '1974-11-29', 'NRGTPQP', 'Tablifiar')
INSERT dbo.product_detail(id, brand_id, collar_id, color_id, created_date, deleted, elasticity_id, image_id, material_id, origin_id, price, product_id, quantity, size_id, sleeve_id, style_id, texture_id, thickness_id, updated_date, code, name) VALUES (16, 9, 19, 13, '1972-01-28', 1, 35, 37, 33, 27, 757.09, 43, 12, 13, 13, 47, 41, 7, '1971-06-17', '6E1SRVW', 'Relifier')
INSERT dbo.product_detail(id, brand_id, collar_id, color_id, created_date, deleted, elasticity_id, image_id, material_id, origin_id, price, product_id, quantity, size_id, sleeve_id, style_id, texture_id, thickness_id, updated_date, code, name) VALUES (17, 49, 31, 42, '1971-03-15', 1, 20, 32, 42, 18, 438.28, 30, 94, 20, 42, 10, 20, 28, '2005-08-13', '298R0LZ', 'Comleer')
INSERT dbo.product_detail(id, brand_id, collar_id, color_id, created_date, deleted, elasticity_id, image_id, material_id, origin_id, price, product_id, quantity, size_id, sleeve_id, style_id, texture_id, thickness_id, updated_date, code, name) VALUES (18, 20, 6, 32, '1970-01-04', 1, 40, 8, 20, 46, 3.14, 38, 85, 16, 28, 16, 2, 30, '2002-01-29', 'H08M004', 'Cleanculor')
INSERT dbo.product_detail(id, brand_id, collar_id, color_id, created_date, deleted, elasticity_id, image_id, material_id, origin_id, price, product_id, quantity, size_id, sleeve_id, style_id, texture_id, thickness_id, updated_date, code, name) VALUES (19, 37, 10, 46, '2003-04-21', 0, 46, 31, 9, 50, 601638.35, 34, 70, 49, 43, 46, 42, 15, '1984-02-07', '243JWZ7', 'Complottar')
INSERT dbo.product_detail(id, brand_id, collar_id, color_id, created_date, deleted, elasticity_id, image_id, material_id, origin_id, price, product_id, quantity, size_id, sleeve_id, style_id, texture_id, thickness_id, updated_date, code, name) VALUES (20, 27, 25, 48, '2015-05-12', 1, 33, 1, 34, 38, 751267.14, 43, 3, 12, 44, 5, 40, 40, '2022-11-09', '4F1030K', 'Speaklera')
INSERT dbo.product_detail(id, brand_id, collar_id, color_id, created_date, deleted, elasticity_id, image_id, material_id, origin_id, price, product_id, quantity, size_id, sleeve_id, style_id, texture_id, thickness_id, updated_date, code, name) VALUES (21, 10, 7, 3, '1979-12-02', 1, 29, 43, 41, 6, 3622.7, 32, 87, 2, 36, 32, 33, 39, '2020-05-09', '86BS89I', 'Transtectentor')
INSERT dbo.product_detail(id, brand_id, collar_id, color_id, created_date, deleted, elasticity_id, image_id, material_id, origin_id, price, product_id, quantity, size_id, sleeve_id, style_id, texture_id, thickness_id, updated_date, code, name) VALUES (22, 29, 28, 50, '1970-04-16', 1, 12, 20, 44, 44, 757805.99, 1, 99, 7, 31, 5, 13, 8, '1994-09-20', 'LYWNGJ0', 'Rebandor')
INSERT dbo.product_detail(id, brand_id, collar_id, color_id, created_date, deleted, elasticity_id, image_id, material_id, origin_id, price, product_id, quantity, size_id, sleeve_id, style_id, texture_id, thickness_id, updated_date, code, name) VALUES (23, 22, 29, 41, '1981-06-25', 0, 14, 50, 3, 1, 467293.35, 10, 27, 45, 37, 14, 22, 27, '1978-01-01', 'JEQ06V9', 'Chartellgaphone')
INSERT dbo.product_detail(id, brand_id, collar_id, color_id, created_date, deleted, elasticity_id, image_id, material_id, origin_id, price, product_id, quantity, size_id, sleeve_id, style_id, texture_id, thickness_id, updated_date, code, name) VALUES (24, 41, 38, 23, '1971-11-26', 0, 34, 11, 38, 21, 971219.07, 4, 95, 47, 50, 4, 49, 26, '1972-09-26', '5CBNBO3', 'Tablifioller')
INSERT dbo.product_detail(id, brand_id, collar_id, color_id, created_date, deleted, elasticity_id, image_id, material_id, origin_id, price, product_id, quantity, size_id, sleeve_id, style_id, texture_id, thickness_id, updated_date, code, name) VALUES (25, 20, 43, 7, '1977-01-26', 1, 35, 38, 50, 23, 2582.31, 15, 86, 5, 34, 12, 36, 45, '1970-04-07', '38D62RT', 'Comcordplentor')
INSERT dbo.product_detail(id, brand_id, collar_id, color_id, created_date, deleted, elasticity_id, image_id, material_id, origin_id, price, product_id, quantity, size_id, sleeve_id, style_id, texture_id, thickness_id, updated_date, code, name) VALUES (26, 7, 43, 19, '1972-09-21', 1, 45, 30, 8, 46, 994.73, 25, 42, 43, 23, 1, 48, 16, '2003-03-15', '0J6W8P1', 'Printtoponentor')
INSERT dbo.product_detail(id, brand_id, collar_id, color_id, created_date, deleted, elasticity_id, image_id, material_id, origin_id, price, product_id, quantity, size_id, sleeve_id, style_id, texture_id, thickness_id, updated_date, code, name) VALUES (27, 38, 33, 26, '1982-12-31', 1, 25, 22, 15, 24, 4747.72, 24, 67, 9, 28, 9, 12, 27, '1970-02-27', 'O50Q94M', 'Readholder')
INSERT dbo.product_detail(id, brand_id, collar_id, color_id, created_date, deleted, elasticity_id, image_id, material_id, origin_id, price, product_id, quantity, size_id, sleeve_id, style_id, texture_id, thickness_id, updated_date, code, name) VALUES (28, 42, 27, 38, '2017-04-09', 0, 50, 43, 10, 48, 777940.6, 17, 24, 12, 14, 49, 48, 10, '1973-05-06', 'XEY0QLI', 'Comfinderphone')
INSERT dbo.product_detail(id, brand_id, collar_id, color_id, created_date, deleted, elasticity_id, image_id, material_id, origin_id, price, product_id, quantity, size_id, sleeve_id, style_id, texture_id, thickness_id, updated_date, code, name) VALUES (29, 7, 14, 11, '1970-01-04', 0, 10, 25, 33, 16, 3.45, 17, 85, 24, 17, 40, 5, 30, '2021-03-26', 'GE94102', 'Retectry')
INSERT dbo.product_detail(id, brand_id, collar_id, color_id, created_date, deleted, elasticity_id, image_id, material_id, origin_id, price, product_id, quantity, size_id, sleeve_id, style_id, texture_id, thickness_id, updated_date, code, name) VALUES (30, 21, 19, 40, '2000-11-25', 1, 6, 45, 25, 26, 741286.28, 16, 34, 12, 37, 19, 16, 10, '1980-08-03', '41EK737', 'Proputanra')
INSERT dbo.product_detail(id, brand_id, collar_id, color_id, created_date, deleted, elasticity_id, image_id, material_id, origin_id, price, product_id, quantity, size_id, sleeve_id, style_id, texture_id, thickness_id, updated_date, code, name) VALUES (31, 47, 41, 26, '1971-01-31', 0, 30, 14, 10, 2, 395.24, 38, 91, 44, 5, 5, 35, 1, '1972-03-31', 'D5L75NV', 'Speakcessfier')
INSERT dbo.product_detail(id, brand_id, collar_id, color_id, created_date, deleted, elasticity_id, image_id, material_id, origin_id, price, product_id, quantity, size_id, sleeve_id, style_id, texture_id, thickness_id, updated_date, code, name) VALUES (32, 44, 42, 17, '1980-05-15', 1, 33, 37, 19, 17, 736862.62, 27, 17, 37, 33, 14, 26, 12, '1994-07-28', '9DIR1LY', 'Readbandaquer')
INSERT dbo.product_detail(id, brand_id, collar_id, color_id, created_date, deleted, elasticity_id, image_id, material_id, origin_id, price, product_id, quantity, size_id, sleeve_id, style_id, texture_id, thickness_id, updated_date, code, name) VALUES (33, 31, 30, 37, '1971-01-07', 0, 30, 1, 2, 35, 371.09, 24, 86, 48, 47, 46, 39, 20, '1989-06-26', 'V0JUOR9', 'Tetinridge')
INSERT dbo.product_detail(id, brand_id, collar_id, color_id, created_date, deleted, elasticity_id, image_id, material_id, origin_id, price, product_id, quantity, size_id, sleeve_id, style_id, texture_id, thickness_id, updated_date, code, name) VALUES (34, 26, 43, 28, '1970-04-08', 0, 36, 21, 38, 22, 97.95, 45, 53, 2, 18, 9, 18, 31, '1980-03-31', 'N2U3163', 'Speakmutator')
INSERT dbo.product_detail(id, brand_id, collar_id, color_id, created_date, deleted, elasticity_id, image_id, material_id, origin_id, price, product_id, quantity, size_id, sleeve_id, style_id, texture_id, thickness_id, updated_date, code, name) VALUES (35, 26, 11, 41, '1985-06-23', 0, 12, 16, 17, 41, 410377.74, 2, 14, 34, 37, 1, 46, 8, '1970-01-05', '5N71VI1', 'Cartpickridge')
INSERT dbo.product_detail(id, brand_id, collar_id, color_id, created_date, deleted, elasticity_id, image_id, material_id, origin_id, price, product_id, quantity, size_id, sleeve_id, style_id, texture_id, thickness_id, updated_date, code, name) VALUES (36, 28, 33, 39, '2015-12-03', 1, 16, 7, 24, 34, 159572.11, 31, 8, 18, 5, 40, 6, 19, '1992-11-02', '6V477D3', 'Armmutedry')
INSERT dbo.product_detail(id, brand_id, collar_id, color_id, created_date, deleted, elasticity_id, image_id, material_id, origin_id, price, product_id, quantity, size_id, sleeve_id, style_id, texture_id, thickness_id, updated_date, code, name) VALUES (37, 3, 44, 21, '2003-10-23', 1, 47, 44, 48, 49, 216748.04, 11, 87, 34, 50, 19, 21, 26, '1970-04-10', 'WP8E061', 'Recycler')
INSERT dbo.product_detail(id, brand_id, collar_id, color_id, created_date, deleted, elasticity_id, image_id, material_id, origin_id, price, product_id, quantity, size_id, sleeve_id, style_id, texture_id, thickness_id, updated_date, code, name) VALUES (38, 17, 15, 48, '1990-10-07', 0, 34, 39, 3, 35, 7584.24, 6, 2, 12, 36, 23, 5, 24, '1990-05-30', '7J487QY', 'Antinplry')
INSERT dbo.product_detail(id, brand_id, collar_id, color_id, created_date, deleted, elasticity_id, image_id, material_id, origin_id, price, product_id, quantity, size_id, sleeve_id, style_id, texture_id, thickness_id, updated_date, code, name) VALUES (39, 34, 17, 18, '1976-06-10', 1, 13, 45, 42, 3, 2352.76, 43, 8, 10, 45, 50, 32, 37, '1987-08-07', 'G4976LQ', 'Concordor')
INSERT dbo.product_detail(id, brand_id, collar_id, color_id, created_date, deleted, elasticity_id, image_id, material_id, origin_id, price, product_id, quantity, size_id, sleeve_id, style_id, texture_id, thickness_id, updated_date, code, name) VALUES (40, 32, 1, 1, '1982-04-12', 1, 36, 16, 37, 13, 4484.04, 34, 35, 12, 37, 27, 27, 10, '1970-03-31', 'K7BO4UN', 'Cartmutopridge')
INSERT dbo.product_detail(id, brand_id, collar_id, color_id, created_date, deleted, elasticity_id, image_id, material_id, origin_id, price, product_id, quantity, size_id, sleeve_id, style_id, texture_id, thickness_id, updated_date, code, name) VALUES (41, 26, 37, 18, '1970-02-22', 0, 19, 2, 9, 14, 52.2, 25, 50, 21, 30, 37, 22, 21, '1970-04-28', 'BV44T13', 'Subholdor')
INSERT dbo.product_detail(id, brand_id, collar_id, color_id, created_date, deleted, elasticity_id, image_id, material_id, origin_id, price, product_id, quantity, size_id, sleeve_id, style_id, texture_id, thickness_id, updated_date, code, name) VALUES (42, 46, 27, 28, '2004-07-04', 1, 3, 25, 40, 21, 459453.97, 28, 19, 41, 50, 7, 32, 26, '1984-01-31', 'YMZI82U', 'Printtinommor')
INSERT dbo.product_detail(id, brand_id, collar_id, color_id, created_date, deleted, elasticity_id, image_id, material_id, origin_id, price, product_id, quantity, size_id, sleeve_id, style_id, texture_id, thickness_id, updated_date, code, name) VALUES (43, 10, 33, 33, '1987-03-27', 0, 28, 3, 17, 44, 140644.24, 42, 68, 31, 20, 8, 7, 50, '1970-02-20', '552018D', 'Subwoofimridge')
INSERT dbo.product_detail(id, brand_id, collar_id, color_id, created_date, deleted, elasticity_id, image_id, material_id, origin_id, price, product_id, quantity, size_id, sleeve_id, style_id, texture_id, thickness_id, updated_date, code, name) VALUES (44, 9, 41, 16, '1970-01-06', 1, 37, 41, 50, 39, 5.56, 47, 14, 32, 1, 11, 24, 7, '1985-03-30', '9SM562M', 'Supceivon')
INSERT dbo.product_detail(id, brand_id, collar_id, color_id, created_date, deleted, elasticity_id, image_id, material_id, origin_id, price, product_id, quantity, size_id, sleeve_id, style_id, texture_id, thickness_id, updated_date, code, name) VALUES (45, 13, 7, 50, '1996-01-27', 0, 28, 22, 25, 43, 81272.18, 30, 8, 10, 3, 15, 40, 2, '1999-05-20', 'NE7D40A', 'Tweettopator')
INSERT dbo.product_detail(id, brand_id, collar_id, color_id, created_date, deleted, elasticity_id, image_id, material_id, origin_id, price, product_id, quantity, size_id, sleeve_id, style_id, texture_id, thickness_id, updated_date, code, name) VALUES (46, 22, 35, 15, '1998-01-04', 0, 39, 19, 39, 8, 44805.1, 12, 97, 20, 36, 10, 19, 49, '1970-01-04', 'PA5TM54', 'Tabtinupscope')
INSERT dbo.product_detail(id, brand_id, collar_id, color_id, created_date, deleted, elasticity_id, image_id, material_id, origin_id, price, product_id, quantity, size_id, sleeve_id, style_id, texture_id, thickness_id, updated_date, code, name) VALUES (47, 22, 36, 25, '1970-01-04', 0, 29, 39, 28, 18, 3.91, 27, 17, 7, 48, 44, 41, 45, '2006-04-24', '39E04M5', 'Tablictor')
INSERT dbo.product_detail(id, brand_id, collar_id, color_id, created_date, deleted, elasticity_id, image_id, material_id, origin_id, price, product_id, quantity, size_id, sleeve_id, style_id, texture_id, thickness_id, updated_date, code, name) VALUES (48, 46, 9, 49, '1970-01-01', 0, 36, 17, 1, 38, 0.85, 17, 83, 41, 28, 29, 33, 24, '1995-09-21', '3SUWR25', 'Anceiveder')
INSERT dbo.product_detail(id, brand_id, collar_id, color_id, created_date, deleted, elasticity_id, image_id, material_id, origin_id, price, product_id, quantity, size_id, sleeve_id, style_id, texture_id, thickness_id, updated_date, code, name) VALUES (49, 15, 11, 38, '1981-01-01', 1, 36, 41, 35, 1, 710268.62, 24, 41, 32, 43, 45, 29, 24, '2010-10-23', '7HL1L5V', 'Tabjectra')
INSERT dbo.product_detail(id, brand_id, collar_id, color_id, created_date, deleted, elasticity_id, image_id, material_id, origin_id, price, product_id, quantity, size_id, sleeve_id, style_id, texture_id, thickness_id, updated_date, code, name) VALUES (50, 27, 43, 16, '1989-07-11', 0, 10, 12, 41, 49, 752931.73, 18, 32, 48, 36, 43, 17, 10, '1970-01-06', 'D7SLTMS', 'Chartopridge')
GO
SET IDENTITY_INSERT dbo.product_detail OFF
GO

--
-- Inserting data into table dbo.staff
--
SET IDENTITY_INSERT dbo.staff ON
GO
INSERT dbo.staff(id, birth_day, created_date, deleted, gender, role_id, updated_date, address, citizen_id, code, district, email, name, note, password, phone, province, status, ward) VALUES (1, '1970-01-09', '1992-08-12', 1, 1, 46, '2012-08-16', '2240 SW Burwood Blvd, MidAmerican Bldg, Dover, DE, 23526', '74429', 'H81DT9T', 'DE-IW', 'CristyCouch@nowhere.com', 'Dickens2027', 'Active', 'Ax9D5R2j9OE3u84bT/E90w==', '(974) 348-8677', 'Canora', 'Inactive', 'Sunshine Coast')
INSERT dbo.staff(id, birth_day, created_date, deleted, gender, role_id, updated_date, address, citizen_id, code, district, email, name, note, password, phone, province, status, ward) VALUES (2, '1970-03-26', '1974-12-19', 1, 0, 2, '1970-02-14', '655 East Rushwood Court, First Security Building, Sacramento, California, 67176', '66594', 'CK00688', 'TX-YR', 'DaraStackhouse@example.com', 'Robt1951', 'Inactive', 'kbf5+duhN5/QcnVKTH2F3A==', '(301) 539-7906', 'Hay River', 'Inactive', 'Colac')
INSERT dbo.staff(id, birth_day, created_date, deleted, gender, role_id, updated_date, address, citizen_id, code, district, email, name, note, password, phone, province, status, ward) VALUES (3, '2016-12-17', '1990-05-23', 0, 1, 44, '1970-01-02', '290 East Sharp Hill Blvd, Boston, MA, 21153', '23597', 'O179PSN', 'AZ-YQ', 'AliciaBabcock952@nowhere.com', 'Ada9', 'Active', 'GxPucAY2HlWcbpGlANGRAQ==', '(403) 815-5707', 'Paradise Hill', 'Inactive', 'Gladstone')
INSERT dbo.staff(id, birth_day, created_date, deleted, gender, role_id, updated_date, address, citizen_id, code, district, email, name, note, password, phone, province, status, ward) VALUES (4, '1972-06-13', '1970-02-06', 0, 1, 43, '2020-06-01', '2472 SW Waterview Ct, Macy''s Building, Bismarck, ND, 98110', '83824', '9GCD8U8', 'PA-CV', 'AbigailBrunner@example.com', 'Celesta2018', 'Active', 'Bvcnvv0EHmiaCMQWDtY0bQ==', '(254) 280-2713', 'Zenon Park', 'Inactive', 'Craigieburn')
INSERT dbo.staff(id, birth_day, created_date, deleted, gender, role_id, updated_date, address, citizen_id, code, district, email, name, note, password, phone, province, status, ward) VALUES (5, '1971-07-22', '2007-11-17', 1, 1, 18, '2012-09-02', '2482 Parkwood Blvd, Guardian Building, Jefferson City, MO, 58351', '04929', '5E33YKY', 'SC-BC', 'Duncan_Shin664@nowhere.com', 'Gay1950', 'Inactive', 'eaLDEd6pTL9VumLVHAFihQ==', '(458) 862-2874', 'Stony Rapids', 'Inactive', 'Mudgee')
INSERT dbo.staff(id, birth_day, created_date, deleted, gender, role_id, updated_date, address, citizen_id, code, district, email, name, note, password, phone, province, status, ward) VALUES (6, '2009-12-21', '1995-10-11', 0, 0, 29, '1982-02-10', '850 Mount Road, Montpelier, VT, 93163', '78043', 'EYA6B92', 'MI-KV', 'Colby126@example.com', 'Alejandro1982', 'Inactive', 'nIrBFeCZwQaxXeeV08mf+w==', '(772) 309-3439', 'Welland', 'Inactive', 'Port Lincoln')
INSERT dbo.staff(id, birth_day, created_date, deleted, gender, role_id, updated_date, address, citizen_id, code, district, email, name, note, password, phone, province, status, ward) VALUES (7, '2012-02-01', '1974-01-25', 0, 0, 28, '2018-11-11', '512 South Town Way, Penobscot Building, Montpelier, VT, 52307', '52640', 'X865235', 'KY-HR', 'Homer@nowhere.com', 'Alba2020', 'Active', '0Kpdj+YaVLYGk7e9szyMOQ==', '(430) 218-9358', 'Embro', 'Inactive', 'Gold Coast')
INSERT dbo.staff(id, birth_day, created_date, deleted, gender, role_id, updated_date, address, citizen_id, code, district, email, name, note, password, phone, province, status, ward) VALUES (8, '1974-04-21', '1977-10-11', 1, 1, 9, '1971-08-15', '702 New Cedar Tree Ave, Judge Bldg, Tallahassee, FL, 87118', '05453', '70B7VZF', 'AL-FH', 'Katelyn.Angel@example.com', 'Hewitt1', 'Active', 'ZV9lRTbB5kUCDwW8EPfTJQ==', '(627) 492-6898', 'Storthoaks', 'Active', 'Warragul')
INSERT dbo.staff(id, birth_day, created_date, deleted, gender, role_id, updated_date, address, citizen_id, code, district, email, name, note, password, phone, province, status, ward) VALUES (9, '1970-02-05', '1981-01-06', 0, 0, 26, '1997-10-05', '175 Hidden Front Street, Calyon Building, Sacramento, CA, 64347', '65292', 'HHI1316', 'CO-TB', 'OrethaPerdue2@example.com', 'Gabriel2005', 'Active', 't7u6KAiwqbWdvsck95mhLA==', '(790) 439-5284', 'Lampman', 'Inactive', 'Kalgoorlie')
INSERT dbo.staff(id, birth_day, created_date, deleted, gender, role_id, updated_date, address, citizen_id, code, district, email, name, note, password, phone, province, status, ward) VALUES (10, '1970-01-10', '1973-11-25', 0, 0, 13, '2022-02-22', '90 N Sharp Hill Ln, Sacramento, CA, 31631', '71386', '240OT85', 'WI-AM', 'AdaIsaac6@nowhere.com', 'Dunlap7', 'Active', 'kuTS2j0VKLyfZmi7wm1jPg==', '(120) 222-6872', 'Wellandport', 'Inactive', 'Murray Bridge')
INSERT dbo.staff(id, birth_day, created_date, deleted, gender, role_id, updated_date, address, citizen_id, code, district, email, name, note, password, phone, province, status, ward) VALUES (11, '2020-11-16', '1970-09-20', 1, 0, 29, '1970-01-04', '613 Meadowview Lane, Frankfort, KY, 28745', '97924', 'M7G1950', 'AZ-EZ', 'VanceJones46@example.com', 'Thomasina78', 'Inactive', 'vyeL1ldTYyR+ypOyejpZ1g==', '(724) 895-6948', 'Ryley', 'Active', 'Cranbourne')
INSERT dbo.staff(id, birth_day, created_date, deleted, gender, role_id, updated_date, address, citizen_id, code, district, email, name, note, password, phone, province, status, ward) VALUES (12, '1986-05-07', '2011-12-01', 0, 1, 27, '1979-05-09', '1454 W Beachwood Parkway, Diamond Building, Lansing, Michigan, 70221', '66557', 'I4AVN52', 'WA-VL', 'vhkof0165@nowhere.com', 'Agustin1979', 'Active', 'Z0tKi1Odcy7Vv2hVfR95Sw==', '(132) 034-8292', 'Hays', 'Active', 'Byron Bay')
INSERT dbo.staff(id, birth_day, created_date, deleted, gender, role_id, updated_date, address, citizen_id, code, district, email, name, note, password, phone, province, status, ward) VALUES (13, '1970-01-02', '2014-04-18', 1, 1, 42, '2000-10-18', '2167 Glenwood Avenue, Augusta, Maine, 31863', '36634', '7ESPPFY', 'CT-EI', 'AdanWise@nowhere.com', 'Canada6', 'Inactive', '1JCDCoEvFVVjWhqZLbiC0Q==', '(749) 726-0577', 'Stouffville', 'Inactive', 'Goulburn')
INSERT dbo.staff(id, birth_day, created_date, deleted, gender, role_id, updated_date, address, citizen_id, code, district, email, name, note, password, phone, province, status, ward) VALUES (14, '1978-03-20', '1984-10-05', 1, 1, 18, '1970-03-04', '1050 Woodland St, Oklahoma City, Oklahoma, 31036', '32769', '3MZ452C', 'KS-WH', 'Coley@example.com', 'Dionne245', 'Active', 'keJ8hNbLDK4FPiUNbTkbug==', '(411) 738-4459', 'Ashuapmushuan', 'Inactive', 'Mandurah')
INSERT dbo.staff(id, birth_day, created_date, deleted, gender, role_id, updated_date, address, citizen_id, code, district, email, name, note, password, phone, province, status, ward) VALUES (15, '2019-11-09', '1970-10-24', 1, 1, 47, '1970-06-30', '668 Pine Tree Loop, Charleston, West Virginia, 86864', '85395', '7A84X8U', 'AZ-AE', 'JimmySales4@example.com', 'Levy1972', 'Inactive', '4SFrhEVTSJ/gBF3w+7zXOA==', '(280) 085-0516', 'Mont St Grégoire', 'Inactive', 'Karratha')
INSERT dbo.staff(id, birth_day, created_date, deleted, gender, role_id, updated_date, address, citizen_id, code, district, email, name, note, password, phone, province, status, ward) VALUES (16, '2000-11-25', '1972-02-21', 1, 1, 22, '1970-01-02', '915 Waterview Ct, Dover, Delaware, 76800', '30059', 'VHP6K5E', 'MT-WL', 'GertrudConroy143@example.com', 'Ahmed2000', 'Inactive', 'y7A2OeiQKDLdjbNQ94fssA==', '(925) 582-9916', 'Embrun', 'Active', 'Port Macquarie')
INSERT dbo.staff(id, birth_day, created_date, deleted, gender, role_id, updated_date, address, citizen_id, code, district, email, name, note, password, phone, province, status, ward) VALUES (17, '1994-05-02', '2007-06-17', 1, 0, 37, '2002-03-31', '3116 Deepwood Hwy, Providence, Rhode Island, 97341', '95643', 'OQX3SPQ', 'MA-KA', 'Thigpen@nowhere.com', 'Steel1996', 'Active', 'tPilbjgla7vv3SWwovHLRA==', '(651) 707-7974', 'Paradise River', 'Inactive', 'Maroochydore')
INSERT dbo.staff(id, birth_day, created_date, deleted, gender, role_id, updated_date, address, citizen_id, code, district, email, name, note, password, phone, province, status, ward) VALUES (18, '1972-07-05', '1970-04-02', 0, 1, 8, '1993-06-25', '59 Town Way, Appartment 80, Des Moines, Iowa, 73114', '35204', '4H5JL36', 'ND-FF', 'Hager@example.com', 'Hollingsworth557', 'Inactive', 'yC4+tS1EPenfcIDbY13q2w==', '(953) 724-9255', 'Lanark', 'Active', 'Dalby')
INSERT dbo.staff(id, birth_day, created_date, deleted, gender, role_id, updated_date, address, citizen_id, code, district, email, name, note, password, phone, province, status, ward) VALUES (19, '2017-07-16', '1970-03-04', 1, 1, 2, '2017-11-07', '2303 Red Cedar Tree Hwy, Calyon Building, Olympia, Washington, 97284', '84687', '55FAY52', 'ND-DU', 'ErynDonaldson931@nowhere.com', 'Hines956', 'Active', 'fKYylAgGT37R3okSAtTvnQ==', '(740) 900-3114', 'Wellesley', 'Active', 'Muswellbrook')
INSERT dbo.staff(id, birth_day, created_date, deleted, gender, role_id, updated_date, address, citizen_id, code, district, email, name, note, password, phone, province, status, ward) VALUES (20, '1971-04-16', '2022-11-25', 0, 0, 23, '1984-05-03', '2283 N Riverside St, Frankfort, Kentucky, 76898', '40195', '4478K51', 'AL-FG', 'vjncoksh4@example.com', 'Roberson1952', 'Inactive', 'h72Y2PNk4wMeeJGl07/3zw==', '(502) 566-2287', 'Hazelton', 'Active', 'Swan Hill')
INSERT dbo.staff(id, birth_day, created_date, deleted, gender, role_id, updated_date, address, citizen_id, code, district, email, name, note, password, phone, province, status, ward) VALUES (21, '1995-06-24', '1972-06-13', 0, 1, 26, '1971-08-25', '1316 Market Ct, Duke Energy Building, Topeka, KS, 46253', '39349', 'I53T6QS', 'LA-YZ', 'Shellie.Ledbetter196@nowhere.com', 'Bryon2022', 'Inactive', 'kRdKzQrmYE0XnpGwoewKig==', '(753) 535-8581', 'Canso', 'Active', 'Bathurst')
INSERT dbo.staff(id, birth_day, created_date, deleted, gender, role_id, updated_date, address, citizen_id, code, district, email, name, note, password, phone, province, status, ward) VALUES (22, '1979-09-25', '1970-02-18', 0, 1, 5, '1972-03-19', '3132 3rd Ave, Equitable Bldg, Bismarck, North Dakota, 29952', '13806', 'KDY2S5O', 'ME-ME', 'Trout@example.com', 'Karole431', 'Active', 'EndanHcAhQQ7OLRQjGSEOA==', '(815) 810-7063', 'Montague', 'Active', 'Caboolture')
INSERT dbo.staff(id, birth_day, created_date, deleted, gender, role_id, updated_date, address, citizen_id, code, district, email, name, note, password, phone, province, status, ward) VALUES (23, '1998-12-12', '1971-12-28', 0, 1, 29, '1993-09-03', '3068 NE Flintwood Street, Comcast Bldg, Charleston, West Virginia, 01414', '97830', 'EF4R515', 'ME-RP', 'Woodworth547@example.com', 'Knight1992', 'Inactive', 'gpOuFbsXyI8fSzsFVGVRKg==', '(506) 783-0546', 'Lancaster', 'Inactive', 'Grafton')
INSERT dbo.staff(id, birth_day, created_date, deleted, gender, role_id, updated_date, address, citizen_id, code, district, email, name, note, password, phone, province, status, ward) VALUES (24, '1991-12-13', '1998-03-16', 0, 1, 15, '1993-08-17', '1034 Riverside Parkway, Jefferson City, Missouri, 03202', '20608', '3N20EQO', 'OK-JL', 'Mildred.Cornelius@nowhere.com', 'Eugenio2014', 'Inactive', '+lUFhGnY565FIY/n4cV4cQ==', '(191) 508-1077', 'Asquith', 'Active', 'Port Pirie')
INSERT dbo.staff(id, birth_day, created_date, deleted, gender, role_id, updated_date, address, citizen_id, code, district, email, name, note, password, phone, province, status, ward) VALUES (25, '2003-11-07', '1970-01-07', 0, 1, 19, '1981-06-22', '1275 SW Hunting Hill Loop, Trenton, New Jersey, 01065', '66828', '69Q39SS', 'WY-BC', 'Aleida_Law@example.com', 'Kerrie2027', 'Inactive', 'coq3Rh14Mhs4ILMfqMvn9A==', '(561) 098-3818', 'Canterbury', 'Active', 'Darwin')
INSERT dbo.staff(id, birth_day, created_date, deleted, gender, role_id, updated_date, address, citizen_id, code, district, email, name, note, password, phone, province, status, ward) VALUES (26, '1972-05-31', '2021-10-04', 0, 0, 4, '1970-03-10', '870 New Riddle Hill Hwy, Montpelier, Vermont, 82678', '90770', 'W5K5WNK', 'AL-DR', 'DylanR_Kaufman431@example.com', 'Cato1961', 'Inactive', 'dbUIaBkdLFanYycNDVb4sQ==', '(414) 031-7704', 'Stoughton', 'Active', 'Katoomba')
INSERT dbo.staff(id, birth_day, created_date, deleted, gender, role_id, updated_date, address, citizen_id, code, district, email, name, note, password, phone, province, status, ward) VALUES (27, '2005-08-19', '1970-02-20', 0, 1, 19, '2021-02-10', '652 Red Sharp Hill Ave, 1st Floor, Atlanta, GA, 10281', '49148', '46904JY', 'TX-DK', 'Gaffney@example.com', 'Marcel896', 'Active', 'Ikyo2smY3H4FFExC4AUJZg==', '(849) 287-5650', 'Montebello', 'Inactive', 'Warrnambool')
INSERT dbo.staff(id, birth_day, created_date, deleted, gender, role_id, updated_date, address, citizen_id, code, district, email, name, note, password, phone, province, status, ward) VALUES (28, '1976-01-28', '2024-03-24', 0, 0, 45, '2020-12-15', '2331 Rock Hill Court, Madison, Wisconsin, 23868', '27153', 'O2L2R66', 'VT-XT', 'Lim13@example.com', 'Ezra1999', 'Active', 'NfOIfhvikjfBNLHje95udQ==', '(246) 868-0251', 'Saanich', 'Inactive', 'Maryborough')
INSERT dbo.staff(id, birth_day, created_date, deleted, gender, role_id, updated_date, address, citizen_id, code, district, email, name, note, password, phone, province, status, ward) VALUES (29, '1981-10-29', '2023-01-07', 1, 0, 24, '1972-03-29', '2987 White Rushwood Blvd, Dover, DE, 75231', '78659', '5151N6U', 'VA-BU', 'NigelLang22@example.com', 'Adolfo1', 'Inactive', 'UHWSd20iC3B8/bBkuJZmEQ==', '(130) 006-2744', 'Assiniboia', 'Active', 'Nambour')
INSERT dbo.staff(id, birth_day, created_date, deleted, gender, role_id, updated_date, address, citizen_id, code, district, email, name, note, password, phone, province, status, ward) VALUES (30, '1976-12-13', '2010-02-24', 0, 1, 25, '1972-04-16', '205 East Ashwood St, Columbia, South Carolina, 21182', '24598', 'JO5E7E5', 'OR-HU', 'Richmond@nowhere.com', 'Pickett9', 'Inactive', 'Gk64m0TsVCWiS4BcyD+93g==', '(896) 957-4343', 'Cantley', 'Inactive', 'Sydney')
INSERT dbo.staff(id, birth_day, created_date, deleted, gender, role_id, updated_date, address, citizen_id, code, district, email, name, note, password, phone, province, status, ward) VALUES (31, '2005-08-10', '1970-02-22', 0, 1, 8, '2006-06-23', '1265 South Highland Ct, Victor Executive Bldg, Boise, Idaho, 88787', '35904', 'F2GF0S0', 'AK-UV', 'Kay_Khan71@nowhere.com', 'Nicolette2026', 'Active', '4mNzDiA4S6ly6d5GvdqP+g==', '(933) 544-3920', 'L''Ancienne-Lorette', 'Active', 'Kawana')
INSERT dbo.staff(id, birth_day, created_date, deleted, gender, role_id, updated_date, address, citizen_id, code, district, email, name, note, password, phone, province, status, ward) VALUES (32, '1987-05-21', '2020-03-12', 1, 0, 5, '1999-01-13', '1119 South Town Way, Santa Fe, NM, 28509', '41147', 'QFXQ5XQ', 'ID-SQ', 'JennifferHooker@example.com', 'Angelo1966', 'Inactive', '0CrsI7g1QFgkZZZ2m/X0YA==', '(600) 876-5176', 'Emerson', 'Active', 'Melbourne')
INSERT dbo.staff(id, birth_day, created_date, deleted, gender, role_id, updated_date, address, citizen_id, code, district, email, name, note, password, phone, province, status, ward) VALUES (33, '1980-11-26', '2006-04-01', 0, 1, 23, '1984-06-28', '223 New Highland Avenue, Providence, Rhode Island, 59273', '38445', '73C48M6', 'SD-WX', 'FlorentinoBriseno584@example.com', 'Gerard918', 'Inactive', 'W1yoz+KQc0Xzv+oHNLiryQ==', '(390) 847-2218', 'Paradise Valley', 'Active', 'Griffith')
INSERT dbo.staff(id, birth_day, created_date, deleted, gender, role_id, updated_date, address, citizen_id, code, district, email, name, note, password, phone, province, status, ward) VALUES (34, '1992-05-12', '2016-08-22', 1, 1, 45, '1979-01-06', '59 Edgewood Way, Santa Fe, NM, 81587', '99816', 'BZ6TU41', 'OR-AM', 'BonitaMaples@nowhere.com', 'King1995', 'Inactive', 'VU8kkZfEEslzA+NUDEDrZw==', '(336) 877-3947', 'Sabrevois', 'Inactive', 'Devonport')
INSERT dbo.staff(id, birth_day, created_date, deleted, gender, role_id, updated_date, address, citizen_id, code, district, email, name, note, password, phone, province, status, ward) VALUES (35, '2001-05-03', '1970-04-09', 1, 0, 45, '1970-02-02', '3927 South Edgewood Lane, Plaza Building, Little Rock, AR, 06074', '87380', 'HA9A41L', 'LA-EQ', 'ogqojyxj5136@example.com', 'Monique2013', 'Inactive', 'zWm2ndem2OWxBfbS9jAzYA==', '(636) 576-0263', 'Parent', 'Inactive', 'Portland')
INSERT dbo.staff(id, birth_day, created_date, deleted, gender, role_id, updated_date, address, citizen_id, code, district, email, name, note, password, phone, province, status, ward) VALUES (36, '1984-03-24', '2020-07-07', 1, 1, 27, '2011-01-11', '1325 Rock Hill Blvd, Nipper Bldg, Jefferson City, Missouri, 13782', '12905', '672PX37', 'HI-QM', 'Chadwick3@nowhere.com', 'Adam545', 'Inactive', 'uPWEaDsnXST5ry67lGknVg==', '(387) 459-7113', 'Hazlet', 'Inactive', 'Bendigo')
INSERT dbo.staff(id, birth_day, created_date, deleted, gender, role_id, updated_date, address, citizen_id, code, district, email, name, note, password, phone, province, status, ward) VALUES (37, '1985-01-02', '1970-01-30', 0, 0, 20, '1970-01-01', '3203 NW Market Parkway, Equitable Bldg, Santa Fe, NM, 20950', '00237', '9690PS5', 'NE-ST', 'Stan.Leonard@example.com', 'Toth985', 'Active', 'NgdNs+Sl5uNs0GN5gK1NZg==', '(805) 250-2175', 'Emeryville', 'Inactive', 'Cairns')
INSERT dbo.staff(id, birth_day, created_date, deleted, gender, role_id, updated_date, address, citizen_id, code, district, email, name, note, password, phone, province, status, ward) VALUES (38, '1974-05-02', '1997-07-05', 0, 0, 14, '1975-02-10', '40 Ironwood Drive, MidAmerican Building, Des Moines, Iowa, 95084', '65364', '4R7O4VM', 'ME-PJ', 'JewelKeeling11@example.com', 'Fisher7', 'Active', 'HZHBNaAS1E1oYB03NwB7Yw==', '(748) 715-9969', 'Wellington', 'Active', 'Nerang')
INSERT dbo.staff(id, birth_day, created_date, deleted, gender, role_id, updated_date, address, citizen_id, code, district, email, name, note, password, phone, province, status, ward) VALUES (39, '2021-10-30', '2012-02-08', 1, 0, 48, '1972-03-12', '370 3rd Drive, Denver, CO, 17546', '05625', 'I2K5S3H', 'SD-SZ', 'Dickens@example.com', 'Danica1995', 'Inactive', 'DkP6eXvMwtCUuTYkqGo/sA==', '(541) 292-9423', 'Assumption', 'Inactive', 'Gympie')
INSERT dbo.staff(id, birth_day, created_date, deleted, gender, role_id, updated_date, address, citizen_id, code, district, email, name, note, password, phone, province, status, ward) VALUES (40, '2021-06-05', '1983-06-10', 1, 1, 29, '2005-02-12', '99 W Rushwood Ct, Kearns Bldg, Columbia, South Carolina, 01640', '01238', 'O4DO7PW', 'VT-FI', 'StaciaRobins@example.com', 'Christian1965', 'Active', 'z2W24LXNPzf3NKZ81mPpqw==', '(860) 333-9894', 'Sackville', 'Inactive', 'Kempsey')
INSERT dbo.staff(id, birth_day, created_date, deleted, gender, role_id, updated_date, address, citizen_id, code, district, email, name, note, password, phone, province, status, ward) VALUES (41, '2021-06-26', '1970-01-07', 1, 0, 15, '1970-03-08', '3656 Rushwood Lane, Nashville, Tennessee, 28131', '19035', '23SIK0Q', 'AK-TQ', 'Stanley.Carl@example.com', 'Hanks158', 'Inactive', 'JQXDBw8hBhpAkh3ZnHLeeg==', '(211) 448-3715', 'Mont-Joli', 'Active', 'Drouin')
INSERT dbo.staff(id, birth_day, created_date, deleted, gender, role_id, updated_date, address, citizen_id, code, district, email, name, note, password, phone, province, status, ward) VALUES (42, '1986-07-26', '2016-01-30', 1, 0, 8, '1971-03-27', '3354 West Oak Ct, Guardian Building, Hartford, Connecticut, 20431', '81552', '1876048', 'NH-IK', 'Camacho48@nowhere.com', 'Emerita1961', 'Inactive', 'YACEtjXFWRO+q8cJHHl+dQ==', '(516) 515-0566', 'Landis', 'Active', 'Hamilton')
INSERT dbo.staff(id, birth_day, created_date, deleted, gender, role_id, updated_date, address, citizen_id, code, district, email, name, note, password, phone, province, status, ward) VALUES (43, '2010-04-22', '1996-03-31', 1, 0, 18, '1971-06-17', '353 South Edgewood Loop, Victor Executive Building, Pierre, SD, 32928', '43712', '6BN8091', 'VA-TU', 'shkfs19@nowhere.com', 'Monserrate1962', 'Inactive', 'Tt1+IOPTFHHAVb3BVdbwCg==', '(190) 431-3421', 'Parham', 'Active', 'Blaxland')
INSERT dbo.staff(id, birth_day, created_date, deleted, gender, role_id, updated_date, address, citizen_id, code, district, email, name, note, password, phone, province, status, ward) VALUES (44, '1988-11-13', '1970-01-08', 1, 1, 13, '1981-11-11', '3970 West Chapel Hill Way, Albany, NY, 59009', '28034', '3R08670', 'IL-KV', 'Porsha.Ferraro219@nowhere.com', 'Rosenda2026', 'Active', '16g/7rJh+BVNgpSdqdP6Jw==', '(139) 341-5995', 'Hearst', 'Inactive', 'Warwick')
INSERT dbo.staff(id, birth_day, created_date, deleted, gender, role_id, updated_date, address, citizen_id, code, district, email, name, note, password, phone, province, status, ward) VALUES (45, '1970-03-07', '1977-06-11', 0, 0, 36, '1972-01-17', '210 Hunting Hill Blvd, Cheyenne, Wyoming, 79278', '50922', '5WS158S', 'OK-NX', 'tixrzxca_iaeaib@example.com', 'Kathrin4', 'Inactive', 'Ehk/7woq8UExd6dN858Rfg==', '(449) 931-8489', 'St-Ours', 'Inactive', 'Adelaide')
INSERT dbo.staff(id, birth_day, created_date, deleted, gender, role_id, updated_date, address, citizen_id, code, district, email, name, note, password, phone, province, status, ward) VALUES (46, '2008-08-09', '1970-01-04', 1, 1, 20, '1990-08-17', '3779 Social Cir, 2nd FL, Madison, WI, 21557', '96626', 'Q2G95PV', 'SD-VO', 'Bumgarner26@example.com', 'Nickolas4', 'Inactive', 'Si4ZbHmpdo34KrHuyKlo0w==', '(208) 723-0967', 'Sacre Coeur', 'Active', 'Bongaree')
INSERT dbo.staff(id, birth_day, created_date, deleted, gender, role_id, updated_date, address, citizen_id, code, district, email, name, note, password, phone, province, status, ward) VALUES (47, '1976-07-10', '1980-08-19', 1, 1, 24, '1970-01-25', '3027 Rose Hill Parkway, Augusta, ME, 51478', '83470', 'A4EJC5Y', 'CO-QX', 'Keeler@example.com', 'Avery271', 'Inactive', 'd7jTl1rmkAhbq6wcx/jf4Q==', '(667) 369-3762', 'Emo', 'Active', 'Tamworth')
INSERT dbo.staff(id, birth_day, created_date, deleted, gender, role_id, updated_date, address, citizen_id, code, district, email, name, note, password, phone, province, status, ward) VALUES (48, '2007-01-26', '1975-10-20', 1, 1, 45, '2020-01-23', '459 East Pine Tree Hwy, Concord, New Hampshire, 30403', '43058', 'IE44KR0', 'KS-OM', 'AundreaAllan@example.com', 'Macdonald2001', 'Active', 'DN9NZ7veRqBmGn/FRUQhkQ==', '(117) 814-0492', 'Paris', 'Inactive', 'Albany')
INSERT dbo.staff(id, birth_day, created_date, deleted, gender, role_id, updated_date, address, citizen_id, code, district, email, name, note, password, phone, province, status, ward) VALUES (49, '1970-01-02', '1997-08-13', 1, 0, 33, '1975-10-22', '42 NE Social Blvd, 3rd Floor, Augusta, Maine, 94407', '06636', 'PXN9F09', 'VT-QJ', 'Chase.P.Bair197@example.com', 'Terrell1980', 'Inactive', 'BtSWMsncm8tirq75lhK6aw==', '(777) 007-8095', 'Mont-Laurier', 'Inactive', 'Dubbo')
INSERT dbo.staff(id, birth_day, created_date, deleted, gender, role_id, updated_date, address, citizen_id, code, district, email, name, note, password, phone, province, status, ward) VALUES (50, '1971-12-24', '2020-11-30', 1, 1, 15, '1975-01-31', '640 Rockwood Drive, Victor Executive Bldg, Boston, Massachusetts, 85489', '72649', '3S40GL5', 'SC-VH', 'WaldoLopes@example.com', 'Lazaro266', 'Active', '1bsae2YCbr5lRT7eVCcRnA==', '(698) 738-6400', 'Heart''s Content', 'Inactive', 'Bowral')
GO
SET IDENTITY_INSERT dbo.staff OFF
GO

--
-- Inserting data into table dbo.cart
--
SET IDENTITY_INSERT dbo.cart ON
GO
INSERT dbo.cart(id, created_date, staff_id, updated_date, status) VALUES (1, '2000-08-30', 33, '1971-02-08', 'SUCCESS')
INSERT dbo.cart(id, created_date, staff_id, updated_date, status) VALUES (2, '1970-03-23', 37, '2017-04-10', 'SUCCESS')
INSERT dbo.cart(id, created_date, staff_id, updated_date, status) VALUES (3, '1999-06-14', 41, '1971-08-22', 'SUCCESS')
INSERT dbo.cart(id, created_date, staff_id, updated_date, status) VALUES (4, '1978-09-27', 39, '1987-05-23', 'PENDING')
INSERT dbo.cart(id, created_date, staff_id, updated_date, status) VALUES (5, '1975-03-14', 38, '1982-08-03', 'SUCCESS')
INSERT dbo.cart(id, created_date, staff_id, updated_date, status) VALUES (6, '2011-09-11', 33, '1970-08-17', 'PENDING')
INSERT dbo.cart(id, created_date, staff_id, updated_date, status) VALUES (7, '2018-10-03', 4, '2000-04-18', 'SUCCESS')
INSERT dbo.cart(id, created_date, staff_id, updated_date, status) VALUES (8, '1970-01-04', 15, '1970-07-17', 'PENDING')
INSERT dbo.cart(id, created_date, staff_id, updated_date, status) VALUES (9, '1996-02-18', 42, '1993-11-09', 'PENDING')
INSERT dbo.cart(id, created_date, staff_id, updated_date, status) VALUES (10, '1970-01-01', 41, '1981-01-24', 'PENDING')
INSERT dbo.cart(id, created_date, staff_id, updated_date, status) VALUES (11, '2001-03-31', 31, '1996-12-17', 'PENDING')
INSERT dbo.cart(id, created_date, staff_id, updated_date, status) VALUES (12, '1970-01-06', 23, '1994-11-29', 'PENDING')
INSERT dbo.cart(id, created_date, staff_id, updated_date, status) VALUES (13, '1985-03-18', 6, '1990-06-17', 'SUCCESS')
INSERT dbo.cart(id, created_date, staff_id, updated_date, status) VALUES (14, '1997-02-16', 29, '2011-10-07', 'PENDING')
INSERT dbo.cart(id, created_date, staff_id, updated_date, status) VALUES (15, '2019-04-20', 22, '2008-03-03', 'PENDING')
INSERT dbo.cart(id, created_date, staff_id, updated_date, status) VALUES (16, '1970-01-04', 17, '2008-08-09', 'SUCCESS')
INSERT dbo.cart(id, created_date, staff_id, updated_date, status) VALUES (17, '1983-08-20', 49, '2024-07-14', 'SUCCESS')
INSERT dbo.cart(id, created_date, staff_id, updated_date, status) VALUES (18, '2011-03-29', 16, '1992-06-04', 'SUCCESS')
INSERT dbo.cart(id, created_date, staff_id, updated_date, status) VALUES (19, '1985-05-23', 25, '2019-05-20', 'PENDING')
INSERT dbo.cart(id, created_date, staff_id, updated_date, status) VALUES (20, '2015-02-14', 47, '1981-07-19', 'SUCCESS')
INSERT dbo.cart(id, created_date, staff_id, updated_date, status) VALUES (21, '1970-02-07', 1, '1989-09-02', 'SUCCESS')
INSERT dbo.cart(id, created_date, staff_id, updated_date, status) VALUES (22, '1989-09-14', 7, '1970-01-10', 'PENDING')
INSERT dbo.cart(id, created_date, staff_id, updated_date, status) VALUES (23, '1979-05-16', 32, '2014-05-09', 'PENDING')
INSERT dbo.cart(id, created_date, staff_id, updated_date, status) VALUES (24, '2002-10-13', 21, '1987-07-11', 'PENDING')
INSERT dbo.cart(id, created_date, staff_id, updated_date, status) VALUES (25, '2014-10-25', 45, '1991-04-13', 'SUCCESS')
INSERT dbo.cart(id, created_date, staff_id, updated_date, status) VALUES (26, '1970-01-10', 30, '1989-12-23', 'PENDING')
INSERT dbo.cart(id, created_date, staff_id, updated_date, status) VALUES (27, '2011-10-06', 49, '2014-06-30', 'SUCCESS')
INSERT dbo.cart(id, created_date, staff_id, updated_date, status) VALUES (28, '1970-02-21', 31, '2017-01-06', 'SUCCESS')
INSERT dbo.cart(id, created_date, staff_id, updated_date, status) VALUES (29, '1981-05-25', 32, '1999-05-01', 'PENDING')
INSERT dbo.cart(id, created_date, staff_id, updated_date, status) VALUES (30, '1986-12-01', 37, '1970-05-21', 'PENDING')
INSERT dbo.cart(id, created_date, staff_id, updated_date, status) VALUES (31, '1975-09-11', 32, '2017-12-21', 'PENDING')
INSERT dbo.cart(id, created_date, staff_id, updated_date, status) VALUES (32, '2002-02-15', 19, '2007-12-11', 'PENDING')
INSERT dbo.cart(id, created_date, staff_id, updated_date, status) VALUES (33, '2014-05-27', 38, '1982-11-08', 'PENDING')
INSERT dbo.cart(id, created_date, staff_id, updated_date, status) VALUES (34, '1970-01-03', 31, '1974-02-19', 'SUCCESS')
INSERT dbo.cart(id, created_date, staff_id, updated_date, status) VALUES (35, '1997-02-19', 25, '1990-04-15', 'SUCCESS')
INSERT dbo.cart(id, created_date, staff_id, updated_date, status) VALUES (36, '2022-07-03', 42, '1981-06-02', 'PENDING')
INSERT dbo.cart(id, created_date, staff_id, updated_date, status) VALUES (37, '1971-11-15', 4, '1993-12-19', 'PENDING')
INSERT dbo.cart(id, created_date, staff_id, updated_date, status) VALUES (38, '1989-08-09', 37, '2006-01-22', 'PENDING')
INSERT dbo.cart(id, created_date, staff_id, updated_date, status) VALUES (39, '1970-04-15', 24, '1984-06-21', 'SUCCESS')
INSERT dbo.cart(id, created_date, staff_id, updated_date, status) VALUES (40, '2015-05-17', 43, '1970-01-04', 'PENDING')
INSERT dbo.cart(id, created_date, staff_id, updated_date, status) VALUES (41, '1970-01-06', 44, '1980-07-05', 'SUCCESS')
INSERT dbo.cart(id, created_date, staff_id, updated_date, status) VALUES (42, '1993-02-15', 44, '1981-03-28', 'PENDING')
INSERT dbo.cart(id, created_date, staff_id, updated_date, status) VALUES (43, '1971-05-11', 25, '2023-02-10', 'SUCCESS')
INSERT dbo.cart(id, created_date, staff_id, updated_date, status) VALUES (44, '1970-01-14', 50, '1972-07-30', 'SUCCESS')
INSERT dbo.cart(id, created_date, staff_id, updated_date, status) VALUES (45, '1970-01-16', 50, '2023-01-22', 'SUCCESS')
INSERT dbo.cart(id, created_date, staff_id, updated_date, status) VALUES (46, '1981-06-08', 30, '1970-01-04', 'PENDING')
INSERT dbo.cart(id, created_date, staff_id, updated_date, status) VALUES (47, '1975-04-22', 8, '1991-06-05', 'SUCCESS')
INSERT dbo.cart(id, created_date, staff_id, updated_date, status) VALUES (48, '1986-08-20', 37, '1974-06-13', 'SUCCESS')
INSERT dbo.cart(id, created_date, staff_id, updated_date, status) VALUES (49, '1995-11-08', 29, '2013-01-19', 'PENDING')
INSERT dbo.cart(id, created_date, staff_id, updated_date, status) VALUES (50, '2005-07-02', 24, '1973-07-18', 'PENDING')
GO
SET IDENTITY_INSERT dbo.cart OFF
GO

--
-- Inserting data into table dbo.orders
--
SET IDENTITY_INSERT dbo.orders ON
GO
INSERT dbo.orders(id, created_date, customer_id, deleted, staff_id, sub_total, total, updated_date, voucher_id, address, code, phone, status, type) VALUES (1, '2014-04-17', 23, 1, 40, 699830.26, 225562.16, '1973-06-16', 38, '1909 Riverside Drive, Santa Fe, NM, 18436', '3V9R8N4', '(263) 224-0877', 'TOSHIP', 'ONLINE')
INSERT dbo.orders(id, created_date, customer_id, deleted, staff_id, sub_total, total, updated_date, voucher_id, address, code, phone, status, type) VALUES (2, '1990-08-19', 12, 1, 23, 976393.53, 691386.2, '2007-03-04', 16, '2621 Hidden Quailwood Avenue, Trenton, New Jersey, 23931', '18194A1', '(333) 827-8984', 'CANCELED', 'ONLINE')
INSERT dbo.orders(id, created_date, customer_id, deleted, staff_id, sub_total, total, updated_date, voucher_id, address, code, phone, status, type) VALUES (3, '1991-02-16', 1, 0, 43, 173773.8, 76.7, '1970-03-18', 36, '66 Beachwood Way, Nashville, Tennessee, 62235', '472A970', '(389) 267-5897', 'TOSHIP', 'INSTORE')
INSERT dbo.orders(id, created_date, customer_id, deleted, staff_id, sub_total, total, updated_date, voucher_id, address, code, phone, status, type) VALUES (4, '1989-07-25', 12, 1, 41, 850289.57, 964480.53, '1972-07-08', 16, '1758 White Buttonwood Way, Honolulu, Hawaii, 34663', 'R3NR297', '(670) 967-6885', 'RETURNED', 'INSTORE')
INSERT dbo.orders(id, created_date, customer_id, deleted, staff_id, sub_total, total, updated_date, voucher_id, address, code, phone, status, type) VALUES (5, '1990-11-14', 5, 0, 26, 189800.49, 440469.21, '2011-06-26', 10, '774 Old Rock Hill Lane, Bartlett Bldg, Saint Paul, MN, 36799', '8541627', '(755) 786-2167', 'TOSHIP', 'INSTORE')
INSERT dbo.orders(id, created_date, customer_id, deleted, staff_id, sub_total, total, updated_date, voucher_id, address, code, phone, status, type) VALUES (6, '1971-04-11', 47, 1, 1, 465.22, 2881.38, '1977-11-21', 5, '3117 N Prospect Hill Parkway, Nashville, TN, 89287', 'K04B6U7', '(248) 949-6164', 'DELIVERED', 'ONLINE')
INSERT dbo.orders(id, created_date, customer_id, deleted, staff_id, sub_total, total, updated_date, voucher_id, address, code, phone, status, type) VALUES (7, '1981-07-28', 4, 0, 7, 270039.9, 646077.8, '1971-06-03', 46, '2882 E Burwood Hwy, Kearns Building, Jefferson City, MO, 69250', '6L6AW6K', '(900) 909-1447', 'TORECEIVE', 'INSTORE')
INSERT dbo.orders(id, created_date, customer_id, deleted, staff_id, sub_total, total, updated_date, voucher_id, address, code, phone, status, type) VALUES (8, '1985-04-19', 23, 1, 40, 856513.94, 238377.07, '1974-10-17', 39, '146 North Oak Rd, 2nd FL, Columbus, Ohio, 45572', '0W43W5P', '(373) 595-3466', 'CANCELED', 'ONLINE')
INSERT dbo.orders(id, created_date, customer_id, deleted, staff_id, sub_total, total, updated_date, voucher_id, address, code, phone, status, type) VALUES (9, '1972-09-19', 11, 1, 38, 992.78, 629237.02, '2009-02-20', 11, '1670 Old Riverside Way, 1st FL, Pierre, South Dakota, 06144', '0DKUY60', '(116) 741-2395', 'CANCELED', 'INSTORE')
INSERT dbo.orders(id, created_date, customer_id, deleted, staff_id, sub_total, total, updated_date, voucher_id, address, code, phone, status, type) VALUES (10, '1973-10-11', 7, 0, 47, 392896.17, 182662.79, '1979-12-01', 22, '199 Hope Court, Olympia, WA, 19132', 'A3PD696', '(831) 166-6250', 'CANCELED', 'ONLINE')
INSERT dbo.orders(id, created_date, customer_id, deleted, staff_id, sub_total, total, updated_date, voucher_id, address, code, phone, status, type) VALUES (11, '2011-07-10', 6, 1, 47, 293320.81, 996342.37, '1980-11-02', 40, '633 2nd St, Little Rock, Arkansas, 92284', '9KNT80W', '(896) 600-3485', 'CANCELED', 'ONLINE')
INSERT dbo.orders(id, created_date, customer_id, deleted, staff_id, sub_total, total, updated_date, voucher_id, address, code, phone, status, type) VALUES (12, '1986-02-06', 7, 0, 4, 642213.52, 263985.9, '1996-10-28', 40, '420 NW Hazelwood Way, Superior Bldg, Annapolis, MD, 95783', 'S37QRB7', '(811) 629-0071', 'DELIVERED', 'ONLINE')
INSERT dbo.orders(id, created_date, customer_id, deleted, staff_id, sub_total, total, updated_date, voucher_id, address, code, phone, status, type) VALUES (13, '1995-06-09', 18, 0, 43, 908288.56, 537423.19, '1983-10-17', 4, '2110 South Front Lane, Kearns Building, Hartford, Connecticut, 14962', 'A023315', '(922) 576-8928', 'TOSHIP', 'INSTORE')
INSERT dbo.orders(id, created_date, customer_id, deleted, staff_id, sub_total, total, updated_date, voucher_id, address, code, phone, status, type) VALUES (14, '2024-07-09', 20, 0, 41, 635935.76, 28.41, '1970-01-29', 1, '3026 NW Ski Hill Ln, Oklahoma City, OK, 76841', 'V587SDW', '(417) 712-5234', 'TORECEIVE', 'INSTORE')
INSERT dbo.orders(id, created_date, customer_id, deleted, staff_id, sub_total, total, updated_date, voucher_id, address, code, phone, status, type) VALUES (15, '1981-10-23', 42, 1, 15, 483446.12, 370614.07, '1970-10-19', 29, '894 White Front Loop, Judge Bldg, Phoenix, AZ, 09839', '8S36QI2', '(762) 631-0634', 'DELIVERED', 'INSTORE')
INSERT dbo.orders(id, created_date, customer_id, deleted, staff_id, sub_total, total, updated_date, voucher_id, address, code, phone, status, type) VALUES (16, '2016-07-06', 36, 1, 36, 793574.86, 242035.9, '2018-08-30', 50, '2411 Flintwood Blvd, Salem, OR, 03632', '5V0T73M', '(242) 469-5743', 'RETURNED', 'ONLINE')
INSERT dbo.orders(id, created_date, customer_id, deleted, staff_id, sub_total, total, updated_date, voucher_id, address, code, phone, status, type) VALUES (17, '1999-03-16', 27, 0, 27, 830808.62, 1.57, '1970-01-02', 17, '3856 Old Brentwood Ave, Santa Fe, NM, 90137', 'LVUN6R1', '(737) 088-9604', 'CANCELED', 'INSTORE')
INSERT dbo.orders(id, created_date, customer_id, deleted, staff_id, sub_total, total, updated_date, voucher_id, address, code, phone, status, type) VALUES (18, '2015-12-02', 18, 1, 34, 747771.95, 163622.62, '1979-04-24', 36, '314 Rushwood Pkwy, Diamond Bldg, Carson City, NV, 82306', 'Y6G67JJ', '(462) 357-9916', 'PENDING', 'INSTORE')
INSERT dbo.orders(id, created_date, customer_id, deleted, staff_id, sub_total, total, updated_date, voucher_id, address, code, phone, status, type) VALUES (19, '1975-08-29', 31, 1, 16, 857746.01, 6860.87, '1976-05-14', 50, '883 W Rose Hill Hwy, Buhl Building, Lincoln, Nebraska, 81005', 'Y481G9J', '(505) 730-9295', 'RETURNED', 'ONLINE')
INSERT dbo.orders(id, created_date, customer_id, deleted, staff_id, sub_total, total, updated_date, voucher_id, address, code, phone, status, type) VALUES (20, '1972-04-13', 4, 1, 26, 833.83, 5940.79, '1986-04-07', 3, '18 Hunting Hill Ave, Salt Lake City, Utah, 21368', '2BC2F2D', '(185) 723-7159', 'RETURNED', 'ONLINE')
INSERT dbo.orders(id, created_date, customer_id, deleted, staff_id, sub_total, total, updated_date, voucher_id, address, code, phone, status, type) VALUES (21, '2019-03-19', 43, 1, 9, 598361.8, 1.17, '1970-01-02', 5, '2888 Front Highway, Trenton, New Jersey, 23243', 'S14K2A4', '(219) 150-6943', 'PENDING', 'INSTORE')
INSERT dbo.orders(id, created_date, customer_id, deleted, staff_id, sub_total, total, updated_date, voucher_id, address, code, phone, status, type) VALUES (22, '1970-01-16', 2, 1, 8, 15, 469101.71, '1999-06-27', 6, '2937 West Market Parkway, Montgomery, AL, 47534', '526H5BF', '(906) 826-8948', 'TORECEIVE', 'INSTORE')
INSERT dbo.orders(id, created_date, customer_id, deleted, staff_id, sub_total, total, updated_date, voucher_id, address, code, phone, status, type) VALUES (23, '2019-08-18', 19, 1, 36, 392653.88, 95451.26, '1988-04-15', 1, '2112 Edgewood Parkway, Nashville, TN, 70381', 'F8ZH37Z', '(921) 037-4781', 'CANCELED', 'INSTORE')
INSERT dbo.orders(id, created_date, customer_id, deleted, staff_id, sub_total, total, updated_date, voucher_id, address, code, phone, status, type) VALUES (24, '1977-11-13', 27, 1, 42, 788680.46, 676036.38, '1991-05-08', 41, '872 Hope Avenue, Springfield, IL, 54244', 'KK8433S', '(288) 481-4908', 'TOSHIP', 'ONLINE')
INSERT dbo.orders(id, created_date, customer_id, deleted, staff_id, sub_total, total, updated_date, voucher_id, address, code, phone, status, type) VALUES (25, '2010-03-09', 21, 1, 46, 200273.36, 355164.74, '1973-05-23', 2, '2406 Hidden Hazelwood Cir, Calyon Building, Nashville, Tennessee, 50082', '4YBN747', '(244) 801-4910', 'CANCELED', 'INSTORE')
INSERT dbo.orders(id, created_date, customer_id, deleted, staff_id, sub_total, total, updated_date, voucher_id, address, code, phone, status, type) VALUES (26, '1973-10-13', 50, 1, 21, 470565.94, 6.58, '1970-01-07', 31, '3000 East Sharp Hill Way, Columbia, SC, 19464', 'TV4V2N9', '(125) 331-4435', 'DELIVERED', 'INSTORE')
INSERT dbo.orders(id, created_date, customer_id, deleted, staff_id, sub_total, total, updated_date, voucher_id, address, code, phone, status, type) VALUES (27, '2008-02-19', 1, 1, 36, 660770.12, 421527.68, '1976-03-27', 31, '743 SE Fox Hill Road, STE 93, Juneau, AK, 73284', '597812G', '(727) 367-3201', 'RETURNED', 'INSTORE')
INSERT dbo.orders(id, created_date, customer_id, deleted, staff_id, sub_total, total, updated_date, voucher_id, address, code, phone, status, type) VALUES (28, '1970-01-01', 13, 0, 29, 0.45, 789524.69, '1979-01-17', 2, '227 E Stonewood Pkwy, 3rd FL, Montgomery, AL, 55200', '5S205M4', '(548) 750-9546', 'TOSHIP', 'ONLINE')
INSERT dbo.orders(id, created_date, customer_id, deleted, staff_id, sub_total, total, updated_date, voucher_id, address, code, phone, status, type) VALUES (29, '1976-02-05', 20, 0, 9, 48261.69, 765513.64, '1996-08-04', 29, '3800 Edgewood Loop, Topeka, KS, 15769', 'F240WH8', '(721) 328-6114', 'TORECEIVE', 'INSTORE')
INSERT dbo.orders(id, created_date, customer_id, deleted, staff_id, sub_total, total, updated_date, voucher_id, address, code, phone, status, type) VALUES (30, '2007-03-07', 8, 1, 10, 128468.8, 21136.71, '2005-05-22', 25, '162 Church Avenue, Appartment 52, Santa Fe, New Mexico, 86205', 'RA6V183', '(807) 702-4276', 'TORECEIVE', 'INSTORE')
INSERT dbo.orders(id, created_date, customer_id, deleted, staff_id, sub_total, total, updated_date, voucher_id, address, code, phone, status, type) VALUES (31, '1971-11-17', 50, 0, 8, 685.05, 87714.63, '1997-06-28', 45, '251 West Deepwood Drive, Superior Building, Des Moines, IA, 44517', 'OXVU6SM', '(409) 780-2298', 'CANCELED', 'INSTORE')
INSERT dbo.orders(id, created_date, customer_id, deleted, staff_id, sub_total, total, updated_date, voucher_id, address, code, phone, status, type) VALUES (32, '1984-11-21', 21, 1, 17, 949521.96, 847269.45, '2023-06-27', 49, '855 Edgewood Road, Standard Building, Harrisburg, PA, 84887', 'U13G1NQ', '(364) 484-7177', 'RETURNED', 'INSTORE')
INSERT dbo.orders(id, created_date, customer_id, deleted, staff_id, sub_total, total, updated_date, voucher_id, address, code, phone, status, type) VALUES (33, '1994-11-28', 12, 0, 15, 37870.58, 90463.26, '2011-10-25', 42, '804 West Riverside Hwy, Harrisburg, Pennsylvania, 57349', 'X5BAZ8O', '(502) 148-6758', 'TOSHIP', 'INSTORE')
INSERT dbo.orders(id, created_date, customer_id, deleted, staff_id, sub_total, total, updated_date, voucher_id, address, code, phone, status, type) VALUES (34, '2010-11-20', 19, 0, 47, 699634.45, 32.07, '1970-02-02', 36, '959 Ironwood Circle, STE 627, Bismarck, North Dakota, 32672', 'X2YF8G3', '(344) 983-2689', 'TOSHIP', 'ONLINE')
INSERT dbo.orders(id, created_date, customer_id, deleted, staff_id, sub_total, total, updated_date, voucher_id, address, code, phone, status, type) VALUES (35, '2009-07-27', 23, 0, 23, 110956.7, 597.61, '1971-08-21', 42, '3980 N Flintwood Pkwy, Helena, Montana, 30956', '697K59Q', '(462) 778-1884', 'TORECEIVE', 'INSTORE')
INSERT dbo.orders(id, created_date, customer_id, deleted, staff_id, sub_total, total, updated_date, voucher_id, address, code, phone, status, type) VALUES (36, '1990-07-07', 10, 0, 18, 845897.61, 861417.59, '2013-10-05', 7, '12 Lake Ln, Penobscot Bldg, Augusta, Maine, 47919', 'T67T9LX', '(741) 957-2856', 'CANCELED', 'ONLINE')
INSERT dbo.orders(id, created_date, customer_id, deleted, staff_id, sub_total, total, updated_date, voucher_id, address, code, phone, status, type) VALUES (37, '1970-01-09', 19, 0, 50, 8.5, 7975.43, '1991-11-02', 4, '3078 Bayview Hwy, STE 5513, Hartford, CT, 94888', 'W3A4572', '(227) 612-2349', 'TORECEIVE', 'ONLINE')
INSERT dbo.orders(id, created_date, customer_id, deleted, staff_id, sub_total, total, updated_date, voucher_id, address, code, phone, status, type) VALUES (38, '1970-12-03', 46, 1, 12, 336.87, 9.74, '1970-01-10', 25, '3858 New Burwood Road, Guardian Bldg, Juneau, Alaska, 00098', '0X65806', '(489) 503-2234', 'DELIVERED', 'ONLINE')
INSERT dbo.orders(id, created_date, customer_id, deleted, staff_id, sub_total, total, updated_date, voucher_id, address, code, phone, status, type) VALUES (39, '2001-07-31', 37, 0, 11, 666857.6, 354437.58, '1994-09-10', 44, '932 E Front Drive, Calyon Bldg, Lansing, MI, 30546', '4099NZS', '(296) 307-6577', 'RETURNED', 'ONLINE')
INSERT dbo.orders(id, created_date, customer_id, deleted, staff_id, sub_total, total, updated_date, voucher_id, address, code, phone, status, type) VALUES (40, '1970-01-08', 9, 0, 7, 7.66, 607078.2, '1992-08-05', 22, '461 Chapel Hill Ct, Plaza Building, Hartford, Connecticut, 32501', '6ILOI3H', '(865) 720-1123', 'CANCELED', 'INSTORE')
INSERT dbo.orders(id, created_date, customer_id, deleted, staff_id, sub_total, total, updated_date, voucher_id, address, code, phone, status, type) VALUES (41, '2008-06-10', 21, 1, 46, 643090.52, 641950.76, '1990-01-29', 43, '429 Old Ironwood Rd, Superior Bldg, Indianapolis, Indiana, 29488', 'VN065AW', '(823) 705-8936', 'DELIVERED', 'ONLINE')
INSERT dbo.orders(id, created_date, customer_id, deleted, staff_id, sub_total, total, updated_date, voucher_id, address, code, phone, status, type) VALUES (42, '1980-06-06', 25, 0, 48, 3809.19, 649.39, '1971-10-12', 49, '58 Ironwood Lane, Concord, NH, 32871', '325331G', '(681) 997-2224', 'TORECEIVE', 'ONLINE')
INSERT dbo.orders(id, created_date, customer_id, deleted, staff_id, sub_total, total, updated_date, voucher_id, address, code, phone, status, type) VALUES (43, '1992-12-21', 47, 0, 20, 380128.03, 365026.54, '2005-06-27', 6, '2545 Flintwood St, Salt Lake City, UT, 38528', 'B5M5Y8B', '(831) 758-8836', 'PENDING', 'INSTORE')
INSERT dbo.orders(id, created_date, customer_id, deleted, staff_id, sub_total, total, updated_date, voucher_id, address, code, phone, status, type) VALUES (44, '1998-11-24', 45, 1, 4, 699151.96, 1264.96, '1973-06-18', 9, '3643 S Hazelwood Blvd, 58th FL, Nashville, Tennessee, 59084', '2MW1R71', '(764) 706-0605', 'CANCELED', 'INSTORE')
INSERT dbo.orders(id, created_date, customer_id, deleted, staff_id, sub_total, total, updated_date, voucher_id, address, code, phone, status, type) VALUES (45, '2008-08-31', 37, 0, 43, 678874.46, 476810.32, '1988-07-05', 8, '357 S Woodland Lane, Jackson, MS, 67590', 'AM5524T', '(808) 355-6893', 'PENDING', 'INSTORE')
INSERT dbo.orders(id, created_date, customer_id, deleted, staff_id, sub_total, total, updated_date, voucher_id, address, code, phone, status, type) VALUES (46, '2022-10-10', 21, 0, 25, 60902.73, 588516.79, '2010-05-14', 39, '2157 Deepwood Ct, Judge Building, Annapolis, MD, 17187', '4617D2D', '(696) 959-0246', 'CANCELED', 'INSTORE')
INSERT dbo.orders(id, created_date, customer_id, deleted, staff_id, sub_total, total, updated_date, voucher_id, address, code, phone, status, type) VALUES (47, '2011-08-05', 24, 1, 20, 767546.66, 613427.53, '2014-07-10', 5, '3021 North Fox Hill Cir, Jefferson City, Missouri, 25650', 'U4400PB', '(891) 826-6487', 'RETURNED', 'ONLINE')
INSERT dbo.orders(id, created_date, customer_id, deleted, staff_id, sub_total, total, updated_date, voucher_id, address, code, phone, status, type) VALUES (48, '1987-03-26', 28, 0, 41, 983970.53, 685.31, '1971-11-17', 30, '93 New Farmview St, Atlanta, Georgia, 24085', '4J2R7EQ', '(202) 851-8436', 'DELIVERED', 'INSTORE')
INSERT dbo.orders(id, created_date, customer_id, deleted, staff_id, sub_total, total, updated_date, voucher_id, address, code, phone, status, type) VALUES (49, '2013-01-27', 38, 0, 6, 61847.67, 349879.08, '1975-02-01', 7, '3762 Hunting Hill Pkwy, Jackson, MS, 48052', '3I8H96M', '(824) 638-0056', 'RETURNED', 'INSTORE')
INSERT dbo.orders(id, created_date, customer_id, deleted, staff_id, sub_total, total, updated_date, voucher_id, address, code, phone, status, type) VALUES (50, '2002-04-05', 25, 0, 36, 680637.7, 967356.4, '1993-05-16', 44, '2157 New Bayview Ct, Boston, MA, 60495', 'L684PU1', '(546) 764-6066', 'DELIVERED', 'ONLINE')
GO
SET IDENTITY_INSERT dbo.orders OFF
GO

--
-- Inserting data into table dbo.address
--
SET IDENTITY_INSERT dbo.address ON
GO
INSERT dbo.address(id, created_date, customer_id, updated_date, detail, phone) VALUES (1, '1971-03-09', 29, '1970-01-04', '461 NW Riddle Hill Lane, Concord, NH, 04357', '(459) 613-9467')
INSERT dbo.address(id, created_date, customer_id, updated_date, detail, phone) VALUES (2, '2014-10-26', 24, '2009-08-06', '11 Red Lake Hwy, Harrisburg, Pennsylvania, 30254', '(730) 955-6764')
INSERT dbo.address(id, created_date, customer_id, updated_date, detail, phone) VALUES (3, '1986-03-17', 26, '1970-01-08', '1753 North Church Pkwy, Boise, Idaho, 95705', '(681) 747-0352')
INSERT dbo.address(id, created_date, customer_id, updated_date, detail, phone) VALUES (4, '2010-05-26', 2, '1991-12-03', '1695 Hidden Deepwood Cir, Superior Bldg, Indianapolis, Indiana, 88231', '(513) 643-0254')
INSERT dbo.address(id, created_date, customer_id, updated_date, detail, phone) VALUES (5, '1994-12-17', 13, '2016-03-11', '970 Riddle Hill Pkwy, Comcast Building, Albany, New York, 12229', '(776) 960-1978')
INSERT dbo.address(id, created_date, customer_id, updated_date, detail, phone) VALUES (6, '1996-12-15', 9, '1993-10-24', '1955 Front Road, Madison, WI, 37006', '(943) 664-5705')
INSERT dbo.address(id, created_date, customer_id, updated_date, detail, phone) VALUES (7, '1988-09-14', 31, '1991-01-21', '2844 North Woodfort St, Raleigh, NC, 26635', '(282) 510-9326')
INSERT dbo.address(id, created_date, customer_id, updated_date, detail, phone) VALUES (8, '1985-09-08', 50, '2010-12-27', '2989 East Pine Tree Road, Topeka, KS, 16758', '(350) 234-6559')
INSERT dbo.address(id, created_date, customer_id, updated_date, detail, phone) VALUES (9, '1970-03-05', 6, '1989-01-09', '62 Ashwood Pkwy, 3rd Floor, Madison, Wisconsin, 04370', '(157) 934-3116')
INSERT dbo.address(id, created_date, customer_id, updated_date, detail, phone) VALUES (10, '2004-01-20', 46, '1988-06-05', '40 Bayview Lane, Topeka, Kansas, 52885', '(465) 454-8347')
INSERT dbo.address(id, created_date, customer_id, updated_date, detail, phone) VALUES (11, '2013-12-10', 33, '1971-10-01', '18 2nd Ct, 1st FL, Pierre, SD, 48106', '(122) 838-0637')
INSERT dbo.address(id, created_date, customer_id, updated_date, detail, phone) VALUES (12, '1970-01-05', 40, '1979-04-23', '664 Town Way, Oklahoma City, OK, 55081', '(529) 468-6964')
INSERT dbo.address(id, created_date, customer_id, updated_date, detail, phone) VALUES (13, '2003-04-26', 19, '2005-07-19', '66 East Quailwood Rd, Standard Building, Montgomery, AL, 48135', '(789) 568-6157')
INSERT dbo.address(id, created_date, customer_id, updated_date, detail, phone) VALUES (14, '1970-01-01', 44, '1970-03-07', '3215 Beachwood Highway, Lincoln, Nebraska, 38238', '(507) 184-2162')
INSERT dbo.address(id, created_date, customer_id, updated_date, detail, phone) VALUES (15, '1974-06-13', 14, '1971-02-19', '3927 North Town Street, Augusta, Maine, 09086', '(948) 826-7804')
INSERT dbo.address(id, created_date, customer_id, updated_date, detail, phone) VALUES (16, '2020-07-18', 25, '1997-03-04', '3235 NW Farmview Loop, Boston, Massachusetts, 65476', '(286) 001-2185')
INSERT dbo.address(id, created_date, customer_id, updated_date, detail, phone) VALUES (17, '1989-04-09', 20, '1970-01-25', '1765 Ironwood Hwy, Kearns Bldg, Juneau, AK, 44263', '(718) 229-1171')
INSERT dbo.address(id, created_date, customer_id, updated_date, detail, phone) VALUES (18, '1972-07-30', 36, '2020-12-17', '739 Waterview Hwy, Helena, MT, 64021', '(659) 832-5274')
INSERT dbo.address(id, created_date, customer_id, updated_date, detail, phone) VALUES (19, '1975-02-22', 16, '1983-03-13', '3949 New Town Blvd, Guardian Building, Phoenix, AZ, 19385', '(899) 567-0654')
INSERT dbo.address(id, created_date, customer_id, updated_date, detail, phone) VALUES (20, '1970-03-24', 16, '1979-06-16', '44 White Glenwood Court, Appartment 9, Salt Lake City, Utah, 30714', '(674) 683-5376')
INSERT dbo.address(id, created_date, customer_id, updated_date, detail, phone) VALUES (21, '1973-11-16', 4, '1991-03-20', '1752 East Chapel Hill Highway, Austin, Texas, 53257', '(835) 754-7630')
INSERT dbo.address(id, created_date, customer_id, updated_date, detail, phone) VALUES (22, '2019-02-13', 29, '2023-01-04', '34 New Waterview Loop, 3rd FL, Carson City, NV, 56781', '(397) 639-0832')
INSERT dbo.address(id, created_date, customer_id, updated_date, detail, phone) VALUES (23, '2020-08-14', 33, '1993-12-11', '875 Stonewood Pkwy, Carson City, Nevada, 72024', '(878) 889-3248')
INSERT dbo.address(id, created_date, customer_id, updated_date, detail, phone) VALUES (24, '2003-12-26', 10, '1994-05-12', '786 Rock Hill Drive, Augusta, Maine, 44321', '(792) 850-9043')
INSERT dbo.address(id, created_date, customer_id, updated_date, detail, phone) VALUES (25, '1970-11-09', 30, '1970-01-10', '3984 Ironwood Loop, Santa Fe, NM, 62291', '(898) 388-9426')
INSERT dbo.address(id, created_date, customer_id, updated_date, detail, phone) VALUES (26, '1997-12-11', 38, '1984-09-24', '1912 E Deepwood Ave, Austin, Texas, 55348', '(365) 356-4078')
INSERT dbo.address(id, created_date, customer_id, updated_date, detail, phone) VALUES (27, '2008-12-31', 34, '2000-11-10', '63 Waterview Ct, Boise, ID, 60661', '(861) 549-7247')
INSERT dbo.address(id, created_date, customer_id, updated_date, detail, phone) VALUES (28, '1970-03-29', 9, '1971-03-16', '37 Market Street, APT 666, Cheyenne, Wyoming, 21327', '(296) 043-6622')
INSERT dbo.address(id, created_date, customer_id, updated_date, detail, phone) VALUES (29, '1992-09-16', 13, '2013-09-10', '3249 Fox Hill Ct, 1st FL, Saint Paul, Minnesota, 69091', '(461) 654-2968')
INSERT dbo.address(id, created_date, customer_id, updated_date, detail, phone) VALUES (30, '1970-04-08', 7, '1982-01-08', '804 West Bayview Ln, STE 1849, Trenton, NJ, 49680', '(463) 980-1962')
INSERT dbo.address(id, created_date, customer_id, updated_date, detail, phone) VALUES (31, '1972-02-02', 23, '1970-01-04', '546 NW Waterview Blvd, Duke Energy Building, Charleston, WV, 15053', '(113) 450-2756')
INSERT dbo.address(id, created_date, customer_id, updated_date, detail, phone) VALUES (32, '2004-03-04', 30, '2006-08-09', '92 3rd Ct, Montpelier, Vermont, 60820', '(249) 938-5859')
INSERT dbo.address(id, created_date, customer_id, updated_date, detail, phone) VALUES (33, '1992-07-21', 25, '1972-09-17', '729 Meadowview Drive, Hartford, Connecticut, 90181', '(894) 989-7256')
INSERT dbo.address(id, created_date, customer_id, updated_date, detail, phone) VALUES (34, '1979-11-27', 46, '2006-08-14', '1787 Mountain Loop, Salt Lake City, UT, 54836', '(134) 228-5449')
INSERT dbo.address(id, created_date, customer_id, updated_date, detail, phone) VALUES (35, '2000-07-02', 41, '1987-03-08', '1664 NW Edgewood Pkwy, Buhl Building, Tallahassee, Florida, 40360', '(896) 756-6541')
INSERT dbo.address(id, created_date, customer_id, updated_date, detail, phone) VALUES (36, '2005-11-16', 40, '2005-12-13', '283 Sharp Hill Parkway, STE 8682, Dover, Delaware, 25934', '(948) 551-7855')
INSERT dbo.address(id, created_date, customer_id, updated_date, detail, phone) VALUES (37, '2015-08-23', 15, '2021-02-19', '31 SE Stonewood Lane, Annapolis, Maryland, 85286', '(250) 604-2488')
INSERT dbo.address(id, created_date, customer_id, updated_date, detail, phone) VALUES (38, '2024-08-23', 22, '1995-02-17', '963 2nd Parkway, Atlanta, Georgia, 68754', '(720) 779-2685')
INSERT dbo.address(id, created_date, customer_id, updated_date, detail, phone) VALUES (39, '2000-09-25', 4, '1971-08-25', '442 White Edgewood Ct, Frankfort, Kentucky, 20402', '(565) 967-6647')
INSERT dbo.address(id, created_date, customer_id, updated_date, detail, phone) VALUES (40, '1988-03-19', 3, '1989-09-12', '718 NW Hunting Hill Blvd, Albany, New York, 70768', '(748) 936-9702')
INSERT dbo.address(id, created_date, customer_id, updated_date, detail, phone) VALUES (41, '2003-01-07', 23, '1988-10-10', '924 East Church Pkwy, Buhl Building, Sacramento, California, 45033', '(346) 279-2551')
INSERT dbo.address(id, created_date, customer_id, updated_date, detail, phone) VALUES (42, '1994-09-21', 29, '1970-02-07', '365 Red Beachwood Ct, Bartlett Building, Montgomery, Alabama, 78518', '(153) 446-2344')
INSERT dbo.address(id, created_date, customer_id, updated_date, detail, phone) VALUES (43, '1998-09-22', 32, '1970-01-13', '467 SE Hazelwood Loop, 7th FL, Charleston, WV, 26819', '(871) 703-6933')
INSERT dbo.address(id, created_date, customer_id, updated_date, detail, phone) VALUES (44, '2004-04-10', 22, '1975-12-31', '3747 Farmview Blvd, Bartlett Building, Olympia, WA, 43866', '(130) 566-1060')
INSERT dbo.address(id, created_date, customer_id, updated_date, detail, phone) VALUES (45, '1970-05-22', 9, '1972-03-03', '1388 Ironwood Ln, Cheyenne, WY, 22475', '(852) 645-5229')
INSERT dbo.address(id, created_date, customer_id, updated_date, detail, phone) VALUES (46, '2017-07-29', 34, '2009-10-26', '1321 9th Circle, Bismarck, North Dakota, 66160', '(303) 737-0588')
INSERT dbo.address(id, created_date, customer_id, updated_date, detail, phone) VALUES (47, '1990-03-17', 32, '1970-11-03', '91 Bayview Dr, Lincoln, NE, 73119', '(542) 738-1744')
INSERT dbo.address(id, created_date, customer_id, updated_date, detail, phone) VALUES (48, '1985-06-09', 6, '2019-10-18', '1684 White Sharp Hill Street, Juneau, Alaska, 00157', '(307) 844-2142')
INSERT dbo.address(id, created_date, customer_id, updated_date, detail, phone) VALUES (49, '2008-11-19', 22, '1971-03-16', '84 Ski Hill Hwy, Providence, RI, 35291', '(705) 905-9161')
INSERT dbo.address(id, created_date, customer_id, updated_date, detail, phone) VALUES (50, '1997-02-22', 29, '2022-05-11', '30 51th Road, Equitable Building, Trenton, New Jersey, 66590', '(267) 504-9171')
GO
SET IDENTITY_INSERT dbo.address OFF
GO

--
-- Inserting data into table dbo.cart_detail
--
SET IDENTITY_INSERT dbo.cart_detail ON
GO
INSERT dbo.cart_detail(id, cart_id, created_date, product_detail_id, quantity, updated_date) VALUES (1, 18, '1970-01-02', 35, 1, '2016-03-31')
INSERT dbo.cart_detail(id, cart_id, created_date, product_detail_id, quantity, updated_date) VALUES (2, 1, '2007-12-28', 22, 48, '2002-06-25')
INSERT dbo.cart_detail(id, cart_id, created_date, product_detail_id, quantity, updated_date) VALUES (3, 46, '1990-05-15', 43, 13, '2014-03-03')
INSERT dbo.cart_detail(id, cart_id, created_date, product_detail_id, quantity, updated_date) VALUES (4, 11, '1986-06-18', 6, 10, '1970-01-03')
INSERT dbo.cart_detail(id, cart_id, created_date, product_detail_id, quantity, updated_date) VALUES (5, 37, '1970-01-04', 2, 48, '1981-08-15')
INSERT dbo.cart_detail(id, cart_id, created_date, product_detail_id, quantity, updated_date) VALUES (6, 6, '1981-10-09', 48, 31, '2010-01-13')
INSERT dbo.cart_detail(id, cart_id, created_date, product_detail_id, quantity, updated_date) VALUES (7, 20, '1985-10-02', 15, 56, '1988-12-02')
INSERT dbo.cart_detail(id, cart_id, created_date, product_detail_id, quantity, updated_date) VALUES (8, 20, '2003-05-08', 15, 43, '1971-09-30')
INSERT dbo.cart_detail(id, cart_id, created_date, product_detail_id, quantity, updated_date) VALUES (9, 22, '1989-02-16', 1, 44, '1989-03-05')
INSERT dbo.cart_detail(id, cart_id, created_date, product_detail_id, quantity, updated_date) VALUES (10, 32, '1974-07-30', 41, 89, '2000-02-13')
INSERT dbo.cart_detail(id, cart_id, created_date, product_detail_id, quantity, updated_date) VALUES (11, 10, '1971-08-12', 25, 41, '1972-01-07')
INSERT dbo.cart_detail(id, cart_id, created_date, product_detail_id, quantity, updated_date) VALUES (12, 16, '2018-04-25', 25, 30, '1987-06-28')
INSERT dbo.cart_detail(id, cart_id, created_date, product_detail_id, quantity, updated_date) VALUES (13, 6, '1970-02-27', 5, 78, '2013-01-28')
INSERT dbo.cart_detail(id, cart_id, created_date, product_detail_id, quantity, updated_date) VALUES (14, 35, '2014-10-24', 2, 63, '2012-05-23')
INSERT dbo.cart_detail(id, cart_id, created_date, product_detail_id, quantity, updated_date) VALUES (15, 17, '1979-12-11', 42, 20, '2008-09-01')
INSERT dbo.cart_detail(id, cart_id, created_date, product_detail_id, quantity, updated_date) VALUES (16, 13, '1972-03-03', 23, 90, '1997-09-12')
INSERT dbo.cart_detail(id, cart_id, created_date, product_detail_id, quantity, updated_date) VALUES (17, 43, '1993-07-31', 39, 18, '1997-02-08')
INSERT dbo.cart_detail(id, cart_id, created_date, product_detail_id, quantity, updated_date) VALUES (18, 8, '2019-08-13', 2, 33, '2021-01-16')
INSERT dbo.cart_detail(id, cart_id, created_date, product_detail_id, quantity, updated_date) VALUES (19, 28, '1976-07-07', 25, 33, '1997-01-02')
INSERT dbo.cart_detail(id, cart_id, created_date, product_detail_id, quantity, updated_date) VALUES (20, 34, '1983-12-26', 29, 98, '1985-12-22')
INSERT dbo.cart_detail(id, cart_id, created_date, product_detail_id, quantity, updated_date) VALUES (21, 26, '1972-09-19', 42, 59, '2016-06-12')
INSERT dbo.cart_detail(id, cart_id, created_date, product_detail_id, quantity, updated_date) VALUES (22, 45, '1990-12-17', 13, 40, '2011-03-27')
INSERT dbo.cart_detail(id, cart_id, created_date, product_detail_id, quantity, updated_date) VALUES (23, 15, '1988-10-08', 38, 87, '1988-09-10')
INSERT dbo.cart_detail(id, cart_id, created_date, product_detail_id, quantity, updated_date) VALUES (24, 45, '1970-01-08', 8, 20, '1970-01-04')
INSERT dbo.cart_detail(id, cart_id, created_date, product_detail_id, quantity, updated_date) VALUES (25, 10, '2020-03-23', 22, 17, '1970-12-14')
INSERT dbo.cart_detail(id, cart_id, created_date, product_detail_id, quantity, updated_date) VALUES (26, 44, '2006-03-18', 45, 28, '2004-11-15')
INSERT dbo.cart_detail(id, cart_id, created_date, product_detail_id, quantity, updated_date) VALUES (27, 6, '1973-03-08', 45, 25, '2013-07-04')
INSERT dbo.cart_detail(id, cart_id, created_date, product_detail_id, quantity, updated_date) VALUES (28, 34, '2013-10-04', 45, 31, '1970-03-13')
INSERT dbo.cart_detail(id, cart_id, created_date, product_detail_id, quantity, updated_date) VALUES (29, 28, '2008-05-06', 37, 50, '1988-01-25')
INSERT dbo.cart_detail(id, cart_id, created_date, product_detail_id, quantity, updated_date) VALUES (30, 25, '2019-02-05', 46, 73, '1996-12-31')
INSERT dbo.cart_detail(id, cart_id, created_date, product_detail_id, quantity, updated_date) VALUES (31, 20, '1970-01-01', 42, 82, '1970-01-11')
INSERT dbo.cart_detail(id, cart_id, created_date, product_detail_id, quantity, updated_date) VALUES (32, 11, '1970-04-10', 39, 1, '2017-07-10')
INSERT dbo.cart_detail(id, cart_id, created_date, product_detail_id, quantity, updated_date) VALUES (33, 8, '2012-03-10', 9, 7, '1974-07-23')
INSERT dbo.cart_detail(id, cart_id, created_date, product_detail_id, quantity, updated_date) VALUES (34, 8, '1970-02-09', 39, 62, '1995-10-23')
INSERT dbo.cart_detail(id, cart_id, created_date, product_detail_id, quantity, updated_date) VALUES (35, 26, '2017-03-08', 26, 4, '1971-10-10')
INSERT dbo.cart_detail(id, cart_id, created_date, product_detail_id, quantity, updated_date) VALUES (36, 28, '1971-02-01', 39, 49, '1970-01-05')
INSERT dbo.cart_detail(id, cart_id, created_date, product_detail_id, quantity, updated_date) VALUES (37, 5, '1998-12-30', 49, 71, '2019-03-12')
INSERT dbo.cart_detail(id, cart_id, created_date, product_detail_id, quantity, updated_date) VALUES (38, 20, '2008-04-13', 40, 9, '2011-08-14')
INSERT dbo.cart_detail(id, cart_id, created_date, product_detail_id, quantity, updated_date) VALUES (39, 18, '2003-12-14', 46, 76, '2003-09-23')
INSERT dbo.cart_detail(id, cart_id, created_date, product_detail_id, quantity, updated_date) VALUES (40, 6, '1970-01-10', 42, 71, '1970-01-26')
INSERT dbo.cart_detail(id, cart_id, created_date, product_detail_id, quantity, updated_date) VALUES (41, 4, '1994-09-23', 49, 48, '2016-05-30')
INSERT dbo.cart_detail(id, cart_id, created_date, product_detail_id, quantity, updated_date) VALUES (42, 26, '1996-03-11', 41, 94, '1974-01-21')
INSERT dbo.cart_detail(id, cart_id, created_date, product_detail_id, quantity, updated_date) VALUES (43, 42, '1977-05-01', 36, 24, '2013-09-11')
INSERT dbo.cart_detail(id, cart_id, created_date, product_detail_id, quantity, updated_date) VALUES (44, 33, '1970-03-22', 24, 43, '1970-03-29')
INSERT dbo.cart_detail(id, cart_id, created_date, product_detail_id, quantity, updated_date) VALUES (45, 7, '2011-06-23', 34, 19, '1998-02-08')
INSERT dbo.cart_detail(id, cart_id, created_date, product_detail_id, quantity, updated_date) VALUES (46, 18, '1970-04-14', 16, 56, '1992-12-29')
INSERT dbo.cart_detail(id, cart_id, created_date, product_detail_id, quantity, updated_date) VALUES (47, 5, '1970-10-28', 15, 1, '2018-05-21')
INSERT dbo.cart_detail(id, cart_id, created_date, product_detail_id, quantity, updated_date) VALUES (48, 34, '1970-01-07', 5, 2, '2015-09-29')
INSERT dbo.cart_detail(id, cart_id, created_date, product_detail_id, quantity, updated_date) VALUES (49, 12, '2009-12-28', 36, 54, '1975-02-16')
INSERT dbo.cart_detail(id, cart_id, created_date, product_detail_id, quantity, updated_date) VALUES (50, 49, '2015-10-25', 16, 47, '1970-12-16')
GO
SET IDENTITY_INSERT dbo.cart_detail OFF
GO

--
-- Inserting data into table dbo.history
--
SET IDENTITY_INSERT dbo.history ON
GO
INSERT dbo.history(id, order_id, created_date, updated_date, created_by, note, status) VALUES (1, 45, '2002-06-28 15:42:34.5200000', '1991-10-17 18:54:23.9420000', 'Kory Burton', 'U58', 'DELIVERED')
INSERT dbo.history(id, order_id, created_date, updated_date, created_by, note, status) VALUES (2, 15, '1992-11-03 15:14:47.7290000', '2001-04-25 00:17:35.1270000', 'Nedra Lewis', '14Y10MUHY0X78B9PXR9J938P28T3GPUX50L7N4HZX00CR0XY9W', 'DELIVERED')
INSERT dbo.history(id, order_id, created_date, updated_date, created_by, note, status) VALUES (3, 34, '1993-08-22 16:27:36.9400000', '1988-09-06 14:44:40.3330000', 'Sade Tapia', 'WRZ1B0WQ0JM48L', 'CANCELED')
INSERT dbo.history(id, order_id, created_date, updated_date, created_by, note, status) VALUES (4, 1, '1978-06-29 07:27:35.1330000', '2007-06-24 05:43:00.9470000', 'Addie Ferguson', 'J5LJSQN', 'DELIVERED')
INSERT dbo.history(id, order_id, created_date, updated_date, created_by, note, status) VALUES (5, 28, '1985-02-24 01:13:53.7220000', '2021-11-09 15:02:34.0090000', 'Christel Abney', '5CH8YSL', 'CANCELED')
INSERT dbo.history(id, order_id, created_date, updated_date, created_by, note, status) VALUES (6, 25, '2002-09-15 02:59:38.6300000', '1972-09-09 08:05:08.0310000', 'Barry Golden', 'EZXS30B6H0CQ774OD87WV95835I2091JZ138897', 'DELIVERED')
INSERT dbo.history(id, order_id, created_date, updated_date, created_by, note, status) VALUES (7, 49, '1997-06-16 22:03:31.5690000', '2002-11-25 02:21:21.4820000', 'Alethea Ma', 'O9685DMZECWDS', 'CANCELED')
INSERT dbo.history(id, order_id, created_date, updated_date, created_by, note, status) VALUES (8, 32, '1975-02-22 20:12:37.7500000', '1996-02-23 09:33:21.0350000', 'Paul Summers', '4EVULXZO6H68Z4XH7725001XO80HV9TU4XT667K4B9D', 'DELIVERED')
INSERT dbo.history(id, order_id, created_date, updated_date, created_by, note, status) VALUES (9, 35, '1971-03-03 08:30:53.7240000', '2009-08-09 01:21:00.5490000', 'Lesley Durden', '1', 'TORECEIVE')
INSERT dbo.history(id, order_id, created_date, updated_date, created_by, note, status) VALUES (10, 23, '1996-04-29 22:01:52.2320000', '2020-11-04 19:19:36.0060000', 'Ashlyn Palma', '03WGK57YHI5R97Q', 'RETURNED')
INSERT dbo.history(id, order_id, created_date, updated_date, created_by, note, status) VALUES (11, 27, '1984-04-28 03:34:04.8780000', '2002-12-04 04:56:37.1110000', 'Deon Castle', '51REAV0Z8770W4VNT4GDGN5QZON328Z8QVGTEK07S9HM64XQ3ATBFT4189442Q0', 'CANCELED')
INSERT dbo.history(id, order_id, created_date, updated_date, created_by, note, status) VALUES (12, 14, '2010-04-23 05:18:26.9420000', '1980-12-19 19:32:17.4040000', 'Abel Eddy', 'N79P7T7DGDQX61FJJ76AR5AK0Y', 'PENDING')
INSERT dbo.history(id, order_id, created_date, updated_date, created_by, note, status) VALUES (13, 31, '2002-11-09 02:28:49.8310000', '2019-10-28 13:05:44.6000000', 'Manie Wahl', '5526M4HV5N4C55', 'TOSHIP')
INSERT dbo.history(id, order_id, created_date, updated_date, created_by, note, status) VALUES (14, 48, '2001-03-15 20:29:40.9080000', '1981-02-12 08:10:03.5520000', 'Kristel Duncan', 'PX1UF4NM9O5WJRO30SW5W22K09YJZ14Y0O2Z6A690I3Z5552L2461569SC1EPNLB52I335038FUI69445GR322OH9K8307DDVMCRG', 'DELIVERED')
INSERT dbo.history(id, order_id, created_date, updated_date, created_by, note, status) VALUES (15, 10, '2005-05-01 01:26:32.3300000', '1995-06-28 17:19:36.3620000', 'Bernardine Edmonds', 'I2', 'PENDING')
INSERT dbo.history(id, order_id, created_date, updated_date, created_by, note, status) VALUES (16, 6, '1981-02-15 18:58:02.0040000', '2023-07-27 22:26:55.0030000', 'Abram Waller', '7', 'TORECEIVE')
INSERT dbo.history(id, order_id, created_date, updated_date, created_by, note, status) VALUES (17, 22, '2005-08-24 15:13:53.0500000', '2005-05-09 14:28:01.8920000', 'Aubrey Abernathy', '4D177NH40LIOUQK09H0XP4669Q8W', 'TOSHIP')
INSERT dbo.history(id, order_id, created_date, updated_date, created_by, note, status) VALUES (18, 14, '2005-04-10 13:02:09.5870000', '2021-03-24 07:03:53.3740000', 'Ian Link', '05T38I7MUFUPFFTDVPO04L2Q9T5V2814JP19T', 'RETURNED')
INSERT dbo.history(id, order_id, created_date, updated_date, created_by, note, status) VALUES (19, 26, '2004-06-08 00:25:42.0050000', '1992-07-05 00:41:59.7360000', 'Danille Willey', 'U9X70RIQ4ZHA63PO8K54J8D547BXEYK5FJ23GPU054P2G67FQ43QF85N4EP97B2C5Q851B77QL', 'DELIVERED')
INSERT dbo.history(id, order_id, created_date, updated_date, created_by, note, status) VALUES (20, 13, '2011-01-12 15:14:04.8640000', '2020-04-17 10:16:28.6400000', 'Hugh Rubio', '88RYX51JB2SH18P1T07C50459U89F5503I4KH83620C9N200T739204Z697XO531S1191G9B5210', 'CANCELED')
INSERT dbo.history(id, order_id, created_date, updated_date, created_by, note, status) VALUES (21, 43, '2013-07-15 11:45:03.5040000', '1982-12-29 05:16:22.0190000', 'Amanda Hawk', 'ZQQ2Z2CZ5SX6E', 'PENDING')
INSERT dbo.history(id, order_id, created_date, updated_date, created_by, note, status) VALUES (22, 16, '2018-03-24 13:14:06.4960000', '1980-01-15 06:13:18.0760000', 'Dave Alston', 'HGJ21P629S59586A8A4R7Q282I7V08599OUKG1976V0I61NW680XZ9', 'DELIVERED')
INSERT dbo.history(id, order_id, created_date, updated_date, created_by, note, status) VALUES (23, 29, '1992-12-10 15:25:27.0020000', '1999-08-24 20:09:20.6980000', 'Junko Godwin', 'LXP6D26GC305CA0IYG41G5V37VAY7N7J2847', 'TOSHIP')
INSERT dbo.history(id, order_id, created_date, updated_date, created_by, note, status) VALUES (24, 26, '2001-06-30 17:46:30.0200000', '2003-06-12 02:39:08.7930000', 'Shantelle Abel', 'E8X69I53Q32646Z', 'TORECEIVE')
INSERT dbo.history(id, order_id, created_date, updated_date, created_by, note, status) VALUES (25, 32, '1982-07-18 11:42:39.3540000', '1992-05-10 12:17:04.0740000', 'Janette Turner', 'UAXW3FHXG63L6', 'PENDING')
INSERT dbo.history(id, order_id, created_date, updated_date, created_by, note, status) VALUES (26, 12, '1998-06-16 19:49:19.3490000', '1996-01-13 05:29:59.0330000', 'Samuel Anders', 'S57VSS1H53', 'PENDING')
INSERT dbo.history(id, order_id, created_date, updated_date, created_by, note, status) VALUES (27, 44, '1977-06-03 18:12:14.1620000', '2004-07-09 10:47:51.1990000', 'Narcisa Guillory', 'C5MVCGZ3JJ497378', 'PENDING')
INSERT dbo.history(id, order_id, created_date, updated_date, created_by, note, status) VALUES (28, 7, '1999-10-15 02:05:46.6510000', '1970-02-08 21:00:52.5760000', 'Neal Burris', 'NQSVJAP07', 'PENDING')
INSERT dbo.history(id, order_id, created_date, updated_date, created_by, note, status) VALUES (29, 46, '2018-01-05 16:04:09.0520000', '2000-07-01 04:46:01.2350000', 'Edwina Bellamy', '6', 'CANCELED')
INSERT dbo.history(id, order_id, created_date, updated_date, created_by, note, status) VALUES (30, 16, '1980-10-16 12:26:56.0060000', '1992-08-25 01:45:54.6960000', 'Florence Ackerman', '0GW5P6LP523ZSKV11432P0324LD3MAV6ST01943D6F1F40XD69K61', 'PENDING')
INSERT dbo.history(id, order_id, created_date, updated_date, created_by, note, status) VALUES (31, 17, '2015-08-22 08:16:39.0360000', '1980-08-10 10:50:58.0100000', 'Alphonso Wyatt', 'W', 'PENDING')
INSERT dbo.history(id, order_id, created_date, updated_date, created_by, note, status) VALUES (32, 42, '1982-11-22 10:26:26.9270000', '2012-06-29 09:10:16.4550000', 'Adam Cohen', '0F1CSG1W914829G045OB54IUW4LC3P30R12NE0N66KZUS1Y45KEHD267Z7CSN1N8V9K166VOJHT2E7OY3E8Q70', 'TORECEIVE')
INSERT dbo.history(id, order_id, created_date, updated_date, created_by, note, status) VALUES (33, 40, '2018-10-03 22:41:03.0010000', '2003-05-01 22:35:37.0020000', 'Harland Furr', 'MOC3194CF1TMAR59GWRE9LH00564I', 'DELIVERED')
INSERT dbo.history(id, order_id, created_date, updated_date, created_by, note, status) VALUES (34, 37, '1982-02-03 03:15:04.3650000', '1993-12-13 05:28:59.1180000', 'Corey Jolley', '3L76RU2', 'CANCELED')
INSERT dbo.history(id, order_id, created_date, updated_date, created_by, note, status) VALUES (35, 27, '1988-10-22 11:57:21.3760000', '2018-03-31 11:36:05.6910000', 'Lelia Valencia', '8409T51O4P1948F245XDFZ6CK9031', 'PENDING')
INSERT dbo.history(id, order_id, created_date, updated_date, created_by, note, status) VALUES (36, 13, '2005-10-05 05:21:47.0040000', '1973-09-24 02:10:25.1290000', 'Seymour Addison', 'OC8F8733B8IH7540Q0N5FX4I0S47X441', 'TORECEIVE')
INSERT dbo.history(id, order_id, created_date, updated_date, created_by, note, status) VALUES (37, 45, '2004-01-29 04:40:03.5990000', '1982-01-18 23:15:10.7960000', 'Kelsi Freitas', 'Z6G5', 'CANCELED')
INSERT dbo.history(id, order_id, created_date, updated_date, created_by, note, status) VALUES (38, 45, '1971-07-24 05:03:06.4050000', '1980-04-03 02:48:19.9680000', 'Alejandro Rawls', 'THBDPZ46SG0U', 'CANCELED')
INSERT dbo.history(id, order_id, created_date, updated_date, created_by, note, status) VALUES (39, 39, '2015-12-21 23:53:01.0710000', '2000-09-16 06:02:59.4360000', 'Bernie Chun', 'QG093FJGC19OZQW820L52T42RK1067186821Q37YFP', 'PENDING')
INSERT dbo.history(id, order_id, created_date, updated_date, created_by, note, status) VALUES (40, 13, '1989-09-06 22:14:48.0510000', '2006-01-04 21:06:25.0090000', 'Issac Beers', 'SJ0247D1LZLM29Z0Q', 'PENDING')
INSERT dbo.history(id, order_id, created_date, updated_date, created_by, note, status) VALUES (41, 50, '1987-08-22 06:10:57.6000000', '1989-07-25 20:31:44.0090000', 'Antone Maclean', '5194993JT5R', 'PENDING')
INSERT dbo.history(id, order_id, created_date, updated_date, created_by, note, status) VALUES (42, 34, '1982-05-18 08:31:39.3250000', '1977-03-05 15:12:20.1930000', 'Karyl Adame', '4BX4S96I014M1GL5T181KVTZ73WXK79Z19Z013T1U64WR210YMT4HP6455X018Q1TDZ2B85Q10LS19220VW2898ER', 'PENDING')
INSERT dbo.history(id, order_id, created_date, updated_date, created_by, note, status) VALUES (43, 16, '1978-08-02 10:51:43.2470000', '1982-12-04 15:58:03.3580000', 'Doug Pollard', '335AY88V72SD0U989H52G', 'RETURNED')
INSERT dbo.history(id, order_id, created_date, updated_date, created_by, note, status) VALUES (44, 22, '2017-06-14 04:44:38.2250000', '2007-07-21 11:26:57.0980000', 'Garry Mahan', 'EK58103QN4QK1CK0938QK215S954G1P2T64ZH2AU4PYL2WK1B7571POA475U515R9', 'TORECEIVE')
INSERT dbo.history(id, order_id, created_date, updated_date, created_by, note, status) VALUES (45, 9, '1987-06-25 01:01:57.9620000', '2014-05-05 16:53:18.7190000', 'Beula Creech', 'E4W536Z6ZH', 'TOSHIP')
INSERT dbo.history(id, order_id, created_date, updated_date, created_by, note, status) VALUES (46, 19, '1970-04-07 21:30:50.0050000', '1994-10-11 05:29:59.8380000', 'Kimberely Wilde', '39Q8CV19N7B5L1B', 'TORECEIVE')
INSERT dbo.history(id, order_id, created_date, updated_date, created_by, note, status) VALUES (47, 14, '1993-01-27 14:10:52.7280000', '1972-09-09 00:45:43.3220000', 'Betsy Abney', 'KZ1VB0EU27VW7', 'TORECEIVE')
INSERT dbo.history(id, order_id, created_date, updated_date, created_by, note, status) VALUES (48, 5, '2022-11-10 23:30:18.8600000', '2019-12-12 20:01:44.0690000', 'Aida Batson', 'TS3S60F1428U420I', 'CANCELED')
INSERT dbo.history(id, order_id, created_date, updated_date, created_by, note, status) VALUES (49, 37, '2023-08-02 10:25:05.0680000', '1979-05-14 10:30:15.5970000', 'Leandro Amato', '4579ZUT8AF09XR06EF05EA4070R96088NTN0Z66B16A5KN68S55R2WU3OR3N36081E4V15', 'TOSHIP')
INSERT dbo.history(id, order_id, created_date, updated_date, created_by, note, status) VALUES (50, 38, '1999-10-15 13:38:21.3340000', '2002-12-28 04:08:05.6860000', 'Taisha Brower', '94029786211HYM6GOY6R5W9SEPLN41', 'PENDING')
GO
SET IDENTITY_INSERT dbo.history OFF
GO

--
-- Inserting data into table dbo.order_detail
--
SET IDENTITY_INSERT dbo.order_detail ON
GO
INSERT dbo.order_detail(id, created_date, deleted, order_id, product_detail_id, quantity, updated_date) VALUES (1, '2016-05-20', 1, 50, 49, 37, '1970-02-10')
INSERT dbo.order_detail(id, created_date, deleted, order_id, product_detail_id, quantity, updated_date) VALUES (2, '1970-01-02', 0, 31, 5, 1, '2009-07-18')
INSERT dbo.order_detail(id, created_date, deleted, order_id, product_detail_id, quantity, updated_date) VALUES (3, '1978-12-13', 0, 46, 40, 70, '2012-12-25')
INSERT dbo.order_detail(id, created_date, deleted, order_id, product_detail_id, quantity, updated_date) VALUES (4, '2007-04-24', 0, 26, 13, 88, '1970-01-07')
INSERT dbo.order_detail(id, created_date, deleted, order_id, product_detail_id, quantity, updated_date) VALUES (5, '2003-08-20', 1, 49, 49, 41, '1982-06-30')
INSERT dbo.order_detail(id, created_date, deleted, order_id, product_detail_id, quantity, updated_date) VALUES (6, '1971-03-30', 0, 32, 35, 37, '1970-03-04')
INSERT dbo.order_detail(id, created_date, deleted, order_id, product_detail_id, quantity, updated_date) VALUES (7, '1985-05-09', 0, 47, 9, 60, '1991-10-17')
INSERT dbo.order_detail(id, created_date, deleted, order_id, product_detail_id, quantity, updated_date) VALUES (8, '1981-01-08', 1, 27, 11, 84, '1974-07-24')
INSERT dbo.order_detail(id, created_date, deleted, order_id, product_detail_id, quantity, updated_date) VALUES (9, '1981-12-04', 0, 18, 28, 46, '1970-03-16')
INSERT dbo.order_detail(id, created_date, deleted, order_id, product_detail_id, quantity, updated_date) VALUES (10, '2022-03-16', 1, 5, 22, 2, '1992-05-28')
INSERT dbo.order_detail(id, created_date, deleted, order_id, product_detail_id, quantity, updated_date) VALUES (11, '1970-01-03', 0, 33, 24, 52, '1978-02-12')
INSERT dbo.order_detail(id, created_date, deleted, order_id, product_detail_id, quantity, updated_date) VALUES (12, '2002-09-24', 1, 11, 28, 46, '2005-06-23')
INSERT dbo.order_detail(id, created_date, deleted, order_id, product_detail_id, quantity, updated_date) VALUES (13, '1990-06-20', 1, 13, 41, 58, '1981-10-13')
INSERT dbo.order_detail(id, created_date, deleted, order_id, product_detail_id, quantity, updated_date) VALUES (14, '1979-06-11', 0, 6, 8, 91, '2009-03-01')
INSERT dbo.order_detail(id, created_date, deleted, order_id, product_detail_id, quantity, updated_date) VALUES (15, '1971-03-11', 0, 28, 12, 87, '2020-09-20')
INSERT dbo.order_detail(id, created_date, deleted, order_id, product_detail_id, quantity, updated_date) VALUES (16, '2008-10-15', 1, 45, 44, 7, '1970-12-28')
INSERT dbo.order_detail(id, created_date, deleted, order_id, product_detail_id, quantity, updated_date) VALUES (17, '1971-02-12', 0, 1, 8, 37, '1970-01-09')
INSERT dbo.order_detail(id, created_date, deleted, order_id, product_detail_id, quantity, updated_date) VALUES (18, '2017-10-22', 0, 41, 30, 10, '2014-05-11')
INSERT dbo.order_detail(id, created_date, deleted, order_id, product_detail_id, quantity, updated_date) VALUES (19, '1970-01-11', 1, 7, 3, 65, '1971-12-26')
INSERT dbo.order_detail(id, created_date, deleted, order_id, product_detail_id, quantity, updated_date) VALUES (20, '2023-04-15', 0, 48, 5, 63, '1990-03-01')
INSERT dbo.order_detail(id, created_date, deleted, order_id, product_detail_id, quantity, updated_date) VALUES (21, '1973-06-04', 1, 2, 39, 5, '1994-09-04')
INSERT dbo.order_detail(id, created_date, deleted, order_id, product_detail_id, quantity, updated_date) VALUES (22, '1970-01-06', 0, 19, 36, 38, '1995-02-15')
INSERT dbo.order_detail(id, created_date, deleted, order_id, product_detail_id, quantity, updated_date) VALUES (23, '1972-09-14', 1, 23, 45, 15, '1970-02-22')
INSERT dbo.order_detail(id, created_date, deleted, order_id, product_detail_id, quantity, updated_date) VALUES (24, '1984-08-22', 1, 8, 34, 97, '1970-02-21')
INSERT dbo.order_detail(id, created_date, deleted, order_id, product_detail_id, quantity, updated_date) VALUES (25, '1971-12-06', 1, 3, 29, 81, '2023-06-09')
INSERT dbo.order_detail(id, created_date, deleted, order_id, product_detail_id, quantity, updated_date) VALUES (26, '2017-09-10', 0, 14, 18, 48, '1994-07-27')
INSERT dbo.order_detail(id, created_date, deleted, order_id, product_detail_id, quantity, updated_date) VALUES (27, '1971-08-09', 0, 29, 1, 6, '1976-06-16')
INSERT dbo.order_detail(id, created_date, deleted, order_id, product_detail_id, quantity, updated_date) VALUES (28, '2001-03-27', 0, 36, 16, 22, '1991-08-27')
INSERT dbo.order_detail(id, created_date, deleted, order_id, product_detail_id, quantity, updated_date) VALUES (29, '2016-01-22', 1, 9, 25, 53, '2022-08-08')
INSERT dbo.order_detail(id, created_date, deleted, order_id, product_detail_id, quantity, updated_date) VALUES (30, '1984-01-23', 1, 4, 17, 88, '1970-01-07')
INSERT dbo.order_detail(id, created_date, deleted, order_id, product_detail_id, quantity, updated_date) VALUES (31, '2018-01-23', 1, 20, 24, 65, '2021-04-28')
INSERT dbo.order_detail(id, created_date, deleted, order_id, product_detail_id, quantity, updated_date) VALUES (32, '2018-06-03', 0, 24, 17, 38, '1997-02-21')
INSERT dbo.order_detail(id, created_date, deleted, order_id, product_detail_id, quantity, updated_date) VALUES (33, '1979-01-06', 0, 30, 39, 80, '2023-05-06')
INSERT dbo.order_detail(id, created_date, deleted, order_id, product_detail_id, quantity, updated_date) VALUES (34, '2016-01-29', 0, 25, 6, 1, '2018-05-23')
INSERT dbo.order_detail(id, created_date, deleted, order_id, product_detail_id, quantity, updated_date) VALUES (35, '1970-03-22', 1, 42, 40, 38, '1984-04-10')
INSERT dbo.order_detail(id, created_date, deleted, order_id, product_detail_id, quantity, updated_date) VALUES (36, '1990-07-02', 0, 10, 25, 5, '1970-01-04')
INSERT dbo.order_detail(id, created_date, deleted, order_id, product_detail_id, quantity, updated_date) VALUES (37, '1983-02-04', 0, 37, 47, 9, '2018-12-12')
INSERT dbo.order_detail(id, created_date, deleted, order_id, product_detail_id, quantity, updated_date) VALUES (38, '1970-01-06', 0, 43, 23, 4, '1972-02-21')
INSERT dbo.order_detail(id, created_date, deleted, order_id, product_detail_id, quantity, updated_date) VALUES (39, '1970-01-10', 1, 15, 8, 7, '1993-07-12')
INSERT dbo.order_detail(id, created_date, deleted, order_id, product_detail_id, quantity, updated_date) VALUES (40, '1976-02-06', 0, 38, 8, 78, '2016-11-10')
INSERT dbo.order_detail(id, created_date, deleted, order_id, product_detail_id, quantity, updated_date) VALUES (41, '1976-08-12', 0, 21, 28, 7, '1983-10-09')
INSERT dbo.order_detail(id, created_date, deleted, order_id, product_detail_id, quantity, updated_date) VALUES (42, '1994-11-11', 1, 44, 46, 1, '1977-02-23')
INSERT dbo.order_detail(id, created_date, deleted, order_id, product_detail_id, quantity, updated_date) VALUES (43, '1998-04-20', 0, 39, 15, 91, '1986-10-06')
INSERT dbo.order_detail(id, created_date, deleted, order_id, product_detail_id, quantity, updated_date) VALUES (44, '2003-09-24', 0, 34, 19, 51, '2020-05-26')
INSERT dbo.order_detail(id, created_date, deleted, order_id, product_detail_id, quantity, updated_date) VALUES (45, '1978-07-12', 0, 40, 8, 99, '2018-01-07')
INSERT dbo.order_detail(id, created_date, deleted, order_id, product_detail_id, quantity, updated_date) VALUES (46, '2012-06-06', 0, 16, 9, 8, '2024-03-29')
INSERT dbo.order_detail(id, created_date, deleted, order_id, product_detail_id, quantity, updated_date) VALUES (47, '1974-03-08', 0, 35, 27, 69, '1978-02-07')
INSERT dbo.order_detail(id, created_date, deleted, order_id, product_detail_id, quantity, updated_date) VALUES (48, '2024-04-01', 0, 22, 8, 8, '1972-08-08')
INSERT dbo.order_detail(id, created_date, deleted, order_id, product_detail_id, quantity, updated_date) VALUES (49, '1973-12-03', 1, 17, 7, 75, '1971-05-14')
INSERT dbo.order_detail(id, created_date, deleted, order_id, product_detail_id, quantity, updated_date) VALUES (50, '1982-10-02', 1, 12, 17, 46, '1992-06-09')
GO
SET IDENTITY_INSERT dbo.order_detail OFF
GO

--
-- Inserting data into table dbo.voucher_customer
--
INSERT dbo.voucher_customer(customer_id, voucher_id) VALUES (36, 39)
INSERT dbo.voucher_customer(customer_id, voucher_id) VALUES (19, 2)
INSERT dbo.voucher_customer(customer_id, voucher_id) VALUES (4, 1)
INSERT dbo.voucher_customer(customer_id, voucher_id) VALUES (34, 33)
INSERT dbo.voucher_customer(customer_id, voucher_id) VALUES (15, 49)
INSERT dbo.voucher_customer(customer_id, voucher_id) VALUES (3, 45)
INSERT dbo.voucher_customer(customer_id, voucher_id) VALUES (22, 26)
INSERT dbo.voucher_customer(customer_id, voucher_id) VALUES (28, 13)
INSERT dbo.voucher_customer(customer_id, voucher_id) VALUES (39, 16)
INSERT dbo.voucher_customer(customer_id, voucher_id) VALUES (13, 11)
INSERT dbo.voucher_customer(customer_id, voucher_id) VALUES (39, 48)
INSERT dbo.voucher_customer(customer_id, voucher_id) VALUES (25, 20)
INSERT dbo.voucher_customer(customer_id, voucher_id) VALUES (42, 43)
INSERT dbo.voucher_customer(customer_id, voucher_id) VALUES (21, 12)
INSERT dbo.voucher_customer(customer_id, voucher_id) VALUES (37, 21)
INSERT dbo.voucher_customer(customer_id, voucher_id) VALUES (31, 19)
INSERT dbo.voucher_customer(customer_id, voucher_id) VALUES (25, 11)
INSERT dbo.voucher_customer(customer_id, voucher_id) VALUES (10, 32)
INSERT dbo.voucher_customer(customer_id, voucher_id) VALUES (46, 14)
INSERT dbo.voucher_customer(customer_id, voucher_id) VALUES (5, 40)
INSERT dbo.voucher_customer(customer_id, voucher_id) VALUES (28, 26)
INSERT dbo.voucher_customer(customer_id, voucher_id) VALUES (36, 42)
INSERT dbo.voucher_customer(customer_id, voucher_id) VALUES (10, 41)
INSERT dbo.voucher_customer(customer_id, voucher_id) VALUES (31, 8)
INSERT dbo.voucher_customer(customer_id, voucher_id) VALUES (42, 20)
INSERT dbo.voucher_customer(customer_id, voucher_id) VALUES (47, 43)
INSERT dbo.voucher_customer(customer_id, voucher_id) VALUES (28, 34)
INSERT dbo.voucher_customer(customer_id, voucher_id) VALUES (25, 48)
INSERT dbo.voucher_customer(customer_id, voucher_id) VALUES (3, 10)
INSERT dbo.voucher_customer(customer_id, voucher_id) VALUES (50, 39)
INSERT dbo.voucher_customer(customer_id, voucher_id) VALUES (10, 2)
INSERT dbo.voucher_customer(customer_id, voucher_id) VALUES (45, 31)
INSERT dbo.voucher_customer(customer_id, voucher_id) VALUES (32, 45)
INSERT dbo.voucher_customer(customer_id, voucher_id) VALUES (27, 28)
INSERT dbo.voucher_customer(customer_id, voucher_id) VALUES (37, 28)
INSERT dbo.voucher_customer(customer_id, voucher_id) VALUES (50, 11)
INSERT dbo.voucher_customer(customer_id, voucher_id) VALUES (29, 6)
INSERT dbo.voucher_customer(customer_id, voucher_id) VALUES (41, 5)
INSERT dbo.voucher_customer(customer_id, voucher_id) VALUES (37, 1)
INSERT dbo.voucher_customer(customer_id, voucher_id) VALUES (43, 19)
INSERT dbo.voucher_customer(customer_id, voucher_id) VALUES (1, 12)
INSERT dbo.voucher_customer(customer_id, voucher_id) VALUES (11, 12)
INSERT dbo.voucher_customer(customer_id, voucher_id) VALUES (15, 31)
INSERT dbo.voucher_customer(customer_id, voucher_id) VALUES (13, 28)
INSERT dbo.voucher_customer(customer_id, voucher_id) VALUES (6, 35)
INSERT dbo.voucher_customer(customer_id, voucher_id) VALUES (19, 8)
INSERT dbo.voucher_customer(customer_id, voucher_id) VALUES (18, 35)
INSERT dbo.voucher_customer(customer_id, voucher_id) VALUES (24, 15)
INSERT dbo.voucher_customer(customer_id, voucher_id) VALUES (29, 2)
INSERT dbo.voucher_customer(customer_id, voucher_id) VALUES (34, 20)
GO

--
-- Set NOEXEC to off
--

SET NOEXEC OFF
GO