--
-- Script was generated by Devart dbForge Studio 2019 for SQL Server, Version 5.8.107.0
-- Product Home Page: http://www.devart.com/dbforge/sql/studio
-- Script date 9/9/2024 2:13:43 AM
-- Target server version: 14.00.1000
-- Target connection string: Encrypt=False;Integrated Security=False;User ID=sa
--



SET LANGUAGE 'English'
SET DATEFORMAT ymd
SET ARITHABORT, ANSI_PADDING, ANSI_WARNINGS, CONCAT_NULL_YIELDS_NULL, QUOTED_IDENTIFIER, ANSI_NULLS, NOCOUNT ON
SET NUMERIC_ROUNDABORT, IMPLICIT_TRANSACTIONS, XACT_ABORT OFF
GO

--
-- Backing up database final
--
--
-- Backup database to the file with the name: <database_name>_<yyyy>_<mm>_<dd>_<hh>_<mi>.bak
--
DECLARE @db_name SYSNAME
SET @db_name = N'final'

DECLARE @filepath NVARCHAR(4000)
SET @filepath =
/*define base part*/ N'C:\Program Files\Microsoft SQL Server\MSSQL14.SQLEXPRESS\MSSQL\Backup\' + @db_name + '_' +
/*append date*/ REPLACE(CONVERT(NVARCHAR(10), GETDATE(), 102), '.', '_') + '_' +
/*append time*/ REPLACE(CONVERT(NVARCHAR(5), GETDATE(), 108), ':', '_') + '.bak'

DECLARE @SQL NVARCHAR(MAX)
SET @SQL = 
    N'BACKUP DATABASE ' + QUOTENAME(@db_name) + ' TO DISK = @filepath WITH INIT' + 
      CASE WHEN EXISTS(
                SELECT value
                FROM sys.configurations
                WHERE name = 'backup compression default'
          )
        THEN ', COMPRESSION'
        ELSE ''
      END

EXEC sys.sp_executesql @SQL, N'@filepath NVARCHAR(4000)', @filepath = @filepath
GO

USE final
GO

IF DB_NAME() <> N'final' SET NOEXEC ON
GO
--
-- Delete data from the table 'dbo.voucher_customer'
--
TRUNCATE TABLE dbo.voucher_customer
GO
--
-- Delete data from the table 'dbo.history'
--
TRUNCATE TABLE dbo.history
GO
--
-- Delete data from the table 'dbo.cart_detail'
--
TRUNCATE TABLE dbo.cart_detail
GO
--
-- Delete data from the table 'dbo.bill_detail'
--
TRUNCATE TABLE dbo.bill_detail
GO
--
-- Delete data from the table 'dbo.address'
--
TRUNCATE TABLE dbo.address
GO
--
-- Delete data from the table 'dbo.cart'
--
DELETE dbo.cart
GO
--
-- Delete data from the table 'dbo.staff'
--
DELETE dbo.staff
GO
--
-- Delete data from the table 'dbo.product_detail'
--
DELETE dbo.product_detail
GO
--
-- Delete data from the table 'dbo.bill'
--
DELETE dbo.bill
GO
--
-- Delete data from the table 'dbo.voucher'
--
DELETE dbo.voucher
GO
--
-- Delete data from the table 'dbo.thickness'
--
DELETE dbo.thickness
GO
--
-- Delete data from the table 'dbo.texture'
--
DELETE dbo.texture
GO
--
-- Delete data from the table 'dbo.sysdiagrams'
--
TRUNCATE TABLE dbo.sysdiagrams
GO
--
-- Delete data from the table 'dbo.style'
--
DELETE dbo.style
GO
--
-- Delete data from the table 'dbo.sleeve'
--
DELETE dbo.sleeve
GO
--
-- Delete data from the table 'dbo.size'
--
DELETE dbo.size
GO
--
-- Delete data from the table 'dbo.role'
--
DELETE dbo.role
GO
--
-- Delete data from the table 'dbo.product'
--
DELETE dbo.product
GO
--
-- Delete data from the table 'dbo.payment'
--
TRUNCATE TABLE dbo.payment
GO
--
-- Delete data from the table 'dbo.origin'
--
DELETE dbo.origin
GO
--
-- Delete data from the table 'dbo.material'
--
DELETE dbo.material
GO
--
-- Delete data from the table 'dbo.image'
--
DELETE dbo.image
GO
--
-- Delete data from the table 'dbo.elasticity'
--
DELETE dbo.elasticity
GO
--
-- Delete data from the table 'dbo.customer'
--
DELETE dbo.customer
GO
--
-- Delete data from the table 'dbo.color'
--
DELETE dbo.color
GO
--
-- Delete data from the table 'dbo.collar'
--
DELETE dbo.collar
GO
--
-- Delete data from the table 'dbo.brand'
--
DELETE dbo.brand
GO

--
-- Inserting data into table dbo.brand
--
SET IDENTITY_INSERT dbo.brand ON
GO
INSERT dbo.brand(id, created_date, deleted, updated_date, code, name) VALUES (1, '1984-04-06', 1, '1980-08-26', 'K2X8BTQ', 'Ligon568')
INSERT dbo.brand(id, created_date, deleted, updated_date, code, name) VALUES (2, '2009-12-18', 0, '2008-06-11', 'KZ1BD1Q', 'Goetz1965')
INSERT dbo.brand(id, created_date, deleted, updated_date, code, name) VALUES (3, '2007-01-15', 0, '1981-04-15', '77399A7', 'Lonna33')
INSERT dbo.brand(id, created_date, deleted, updated_date, code, name) VALUES (4, '1993-07-11', 1, '1970-03-09', 'AM6C5X7', 'Florentina2022')
INSERT dbo.brand(id, created_date, deleted, updated_date, code, name) VALUES (5, '2024-02-08', 1, '1993-03-21', 'G388E78', 'Overton2023')
INSERT dbo.brand(id, created_date, deleted, updated_date, code, name) VALUES (6, '2003-01-19', 0, '1980-01-12', 'U99VVJG', 'Alonso823')
INSERT dbo.brand(id, created_date, deleted, updated_date, code, name) VALUES (7, '1971-07-21', 1, '1994-12-08', 'N63ZVIY', 'Blake1987')
INSERT dbo.brand(id, created_date, deleted, updated_date, code, name) VALUES (8, '1972-07-03', 0, '1988-03-09', 'D239Q7L', 'Eugenie1979')
INSERT dbo.brand(id, created_date, deleted, updated_date, code, name) VALUES (9, '1970-02-10', 0, '2002-07-08', 'H4AEY79', 'Crouse646')
INSERT dbo.brand(id, created_date, deleted, updated_date, code, name) VALUES (10, '2020-07-04', 0, '2021-10-03', 'EDCU6NA', 'Sachiko27')
INSERT dbo.brand(id, created_date, deleted, updated_date, code, name) VALUES (11, '2005-11-02', 1, '1975-11-12', '3LAT993', 'Wilbanks49')
INSERT dbo.brand(id, created_date, deleted, updated_date, code, name) VALUES (12, '1970-01-31', 0, '1971-09-05', 'JH2ZL48', 'Winstead2015')
INSERT dbo.brand(id, created_date, deleted, updated_date, code, name) VALUES (13, '1991-05-23', 1, '2006-02-06', 'NO86NZ1', 'Albertson9')
INSERT dbo.brand(id, created_date, deleted, updated_date, code, name) VALUES (14, '2008-05-11', 1, '1973-06-18', 'Y60901O', 'Adah769')
INSERT dbo.brand(id, created_date, deleted, updated_date, code, name) VALUES (15, '1970-01-14', 0, '2000-03-12', '72KDDH3', 'Moises294')
INSERT dbo.brand(id, created_date, deleted, updated_date, code, name) VALUES (16, '2003-09-01', 1, '1970-01-01', '7Y690DX', 'Effie769')
INSERT dbo.brand(id, created_date, deleted, updated_date, code, name) VALUES (17, '2015-09-11', 0, '1998-03-29', 'TVJF656', 'Melonie3')
INSERT dbo.brand(id, created_date, deleted, updated_date, code, name) VALUES (18, '1989-01-21', 1, '1976-08-31', '5PKI3BG', 'Abbie2007')
INSERT dbo.brand(id, created_date, deleted, updated_date, code, name) VALUES (19, '1970-01-06', 0, '2022-04-22', 'AL1CT25', 'Frederick2022')
INSERT dbo.brand(id, created_date, deleted, updated_date, code, name) VALUES (20, '1973-04-03', 1, '1987-02-12', 'B985AER', 'Alfaro542')
INSERT dbo.brand(id, created_date, deleted, updated_date, code, name) VALUES (21, '1992-05-20', 0, '2022-07-09', 'U5YJSM2', 'Stephen2028')
INSERT dbo.brand(id, created_date, deleted, updated_date, code, name) VALUES (22, '1979-05-27', 0, '1977-04-23', 'EJ49497', 'Joe92')
INSERT dbo.brand(id, created_date, deleted, updated_date, code, name) VALUES (23, '1977-08-03', 1, '1970-01-09', 'C5I85QY', 'Almeida2000')
INSERT dbo.brand(id, created_date, deleted, updated_date, code, name) VALUES (24, '1971-10-09', 1, '1982-10-25', 'U4AV12R', 'Argentina111')
INSERT dbo.brand(id, created_date, deleted, updated_date, code, name) VALUES (25, '1992-03-10', 1, '1981-02-15', '8T7O7A2', 'Abernathy1993')
INSERT dbo.brand(id, created_date, deleted, updated_date, code, name) VALUES (26, '1976-01-08', 1, '2009-11-26', '82000B3', 'Blake1978')
INSERT dbo.brand(id, created_date, deleted, updated_date, code, name) VALUES (27, '2016-07-21', 0, '1970-03-06', '3RG9ZX2', 'Byrne2010')
INSERT dbo.brand(id, created_date, deleted, updated_date, code, name) VALUES (28, '1981-03-10', 1, '1970-01-03', 'HEJBB94', 'Benson1956')
INSERT dbo.brand(id, created_date, deleted, updated_date, code, name) VALUES (29, '2001-02-08', 1, '1987-04-11', 'X76S2W1', 'Augustina1975')
INSERT dbo.brand(id, created_date, deleted, updated_date, code, name) VALUES (30, '2014-10-01', 0, '2020-10-04', '35C611H', 'Dunning284')
INSERT dbo.brand(id, created_date, deleted, updated_date, code, name) VALUES (31, '2000-02-15', 0, '1970-04-08', 'P95EJFM', 'Ray261')
INSERT dbo.brand(id, created_date, deleted, updated_date, code, name) VALUES (32, '1971-09-15', 1, '1997-10-09', '2KN4AUU', 'Lawson344')
INSERT dbo.brand(id, created_date, deleted, updated_date, code, name) VALUES (33, '2012-01-26', 1, '2006-08-20', '9BRZ06K', 'Hanlon859')
INSERT dbo.brand(id, created_date, deleted, updated_date, code, name) VALUES (34, '1999-08-09', 1, '1990-09-10', '56261SP', 'Joe2002')
INSERT dbo.brand(id, created_date, deleted, updated_date, code, name) VALUES (35, '2002-11-15', 1, '1975-01-05', '9W0D1DR', 'Atwell2028')
INSERT dbo.brand(id, created_date, deleted, updated_date, code, name) VALUES (36, '1970-01-05', 1, '1993-06-10', '2Z8HW8Z', 'Salerno2018')
INSERT dbo.brand(id, created_date, deleted, updated_date, code, name) VALUES (37, '2002-06-13', 0, '2011-03-15', 'R218VQ3', 'Barker7')
INSERT dbo.brand(id, created_date, deleted, updated_date, code, name) VALUES (38, '1970-04-08', 1, '1989-03-25', '1J76416', 'Janita2009')
INSERT dbo.brand(id, created_date, deleted, updated_date, code, name) VALUES (39, '1994-04-19', 0, '2008-02-06', 'JUK1D9P', 'Aguilera335')
INSERT dbo.brand(id, created_date, deleted, updated_date, code, name) VALUES (40, '1989-03-10', 0, '1976-01-13', '13S26W9', 'Kenna511')
INSERT dbo.brand(id, created_date, deleted, updated_date, code, name) VALUES (41, '1970-02-27', 0, '1999-10-01', '0N2JP33', 'Lucie2024')
INSERT dbo.brand(id, created_date, deleted, updated_date, code, name) VALUES (42, '1978-06-15', 0, '1970-01-07', 'BKXLR08', 'Marlin2013')
INSERT dbo.brand(id, created_date, deleted, updated_date, code, name) VALUES (43, '1970-02-23', 1, '1988-06-06', 'U5FXJKM', 'Atkinson8')
INSERT dbo.brand(id, created_date, deleted, updated_date, code, name) VALUES (44, '1971-01-18', 1, '1971-07-29', '3YPYFF9', 'Becker2004')
INSERT dbo.brand(id, created_date, deleted, updated_date, code, name) VALUES (45, '1970-09-01', 0, '1970-01-05', '9P8M1A8', 'Adena734')
INSERT dbo.brand(id, created_date, deleted, updated_date, code, name) VALUES (46, '1990-12-18', 0, '1970-02-10', 'V88QSK6', 'Sharp5')
INSERT dbo.brand(id, created_date, deleted, updated_date, code, name) VALUES (47, '2000-08-24', 0, '1992-06-07', 'H8I5F3N', 'Lazaro1990')
INSERT dbo.brand(id, created_date, deleted, updated_date, code, name) VALUES (48, '1979-09-05', 0, '2012-10-29', 'AB0SX5Z', 'Petrie21')
INSERT dbo.brand(id, created_date, deleted, updated_date, code, name) VALUES (49, '2015-02-14', 0, '2000-04-20', 'FNIVNN0', 'Wen186')
INSERT dbo.brand(id, created_date, deleted, updated_date, code, name) VALUES (50, '2020-06-06', 1, '2017-06-27', '3R04878', 'Aguiar177')
GO
SET IDENTITY_INSERT dbo.brand OFF
GO

--
-- Inserting data into table dbo.collar
--
SET IDENTITY_INSERT dbo.collar ON
GO
INSERT dbo.collar(id, created_date, deleted, updated_date, code, name) VALUES (1, '2019-05-21', 0, '1989-10-29', '7D4FAHD', 'Arthur154')
INSERT dbo.collar(id, created_date, deleted, updated_date, code, name) VALUES (2, '1971-07-24', 0, '1973-06-30', '86F19BK', 'Alyce59')
INSERT dbo.collar(id, created_date, deleted, updated_date, code, name) VALUES (3, '2021-10-13', 0, '1995-04-06', 'UB4K9K3', 'Bordelon1966')
INSERT dbo.collar(id, created_date, deleted, updated_date, code, name) VALUES (4, '1984-05-17', 1, '2013-02-24', 'ZPW4GW6', 'Gleason2015')
INSERT dbo.collar(id, created_date, deleted, updated_date, code, name) VALUES (5, '1984-05-14', 1, '2019-02-26', 'X48QLM3', 'Britteny278')
INSERT dbo.collar(id, created_date, deleted, updated_date, code, name) VALUES (6, '1970-01-06', 0, '1976-12-03', 'BH1ZQI6', 'Socorro4')
INSERT dbo.collar(id, created_date, deleted, updated_date, code, name) VALUES (7, '1977-01-02', 0, '1992-11-19', '9M27IB5', 'Olen1980')
INSERT dbo.collar(id, created_date, deleted, updated_date, code, name) VALUES (8, '1985-10-27', 0, '2003-07-04', '58H5866', 'Malik143')
INSERT dbo.collar(id, created_date, deleted, updated_date, code, name) VALUES (9, '2024-04-11', 0, '1986-10-26', '0B32156', 'Takisha2019')
INSERT dbo.collar(id, created_date, deleted, updated_date, code, name) VALUES (10, '1970-01-01', 1, '1993-03-23', 'V1F3LMB', 'Gerry1977')
INSERT dbo.collar(id, created_date, deleted, updated_date, code, name) VALUES (11, '1992-12-16', 0, '1970-01-05', 'X8CEQV6', 'Randa14')
INSERT dbo.collar(id, created_date, deleted, updated_date, code, name) VALUES (12, '1973-11-21', 0, '2010-12-16', '72GHT26', 'Novella6')
INSERT dbo.collar(id, created_date, deleted, updated_date, code, name) VALUES (13, '2007-02-05', 0, '2013-01-07', 'NAWYC0K', 'Byrnes7')
INSERT dbo.collar(id, created_date, deleted, updated_date, code, name) VALUES (14, '1984-03-09', 1, '2003-06-23', 'ZKK87L5', 'Audrey671')
INSERT dbo.collar(id, created_date, deleted, updated_date, code, name) VALUES (15, '1974-07-03', 1, '1970-07-02', 'QEE6552', 'Adela2')
INSERT dbo.collar(id, created_date, deleted, updated_date, code, name) VALUES (16, '1975-07-02', 1, '1979-01-10', '624369L', 'Genesis2025')
INSERT dbo.collar(id, created_date, deleted, updated_date, code, name) VALUES (17, '2018-07-08', 1, '1971-07-20', '7OV7D0G', 'Agustin3')
INSERT dbo.collar(id, created_date, deleted, updated_date, code, name) VALUES (18, '1986-05-24', 1, '1985-09-30', '8NGF226', 'Daniell417')
INSERT dbo.collar(id, created_date, deleted, updated_date, code, name) VALUES (19, '1994-03-24', 1, '1975-08-16', 'FQJ0Y75', 'Gayle2014')
INSERT dbo.collar(id, created_date, deleted, updated_date, code, name) VALUES (20, '1991-05-19', 1, '1978-01-28', '7I69357', 'Grace12')
INSERT dbo.collar(id, created_date, deleted, updated_date, code, name) VALUES (21, '1971-09-01', 0, '2006-10-20', 'Z2UTHC0', 'Colby523')
INSERT dbo.collar(id, created_date, deleted, updated_date, code, name) VALUES (22, '2018-01-24', 1, '1970-01-10', 'N5LVA93', 'Whipple2007')
INSERT dbo.collar(id, created_date, deleted, updated_date, code, name) VALUES (23, '1977-11-22', 1, '1970-01-24', '76O2HZJ', 'Delmar634')
INSERT dbo.collar(id, created_date, deleted, updated_date, code, name) VALUES (24, '1970-03-20', 0, '1999-05-15', 'C5QVZIB', 'Milford4')
INSERT dbo.collar(id, created_date, deleted, updated_date, code, name) VALUES (25, '2001-02-03', 0, '1995-03-18', 'T2E5876', 'Dino9')
INSERT dbo.collar(id, created_date, deleted, updated_date, code, name) VALUES (26, '1973-03-04', 0, '2001-04-20', 'C0P8412', 'Eddie378')
INSERT dbo.collar(id, created_date, deleted, updated_date, code, name) VALUES (27, '1983-02-26', 1, '2001-01-31', '3CNZJSL', 'Vince45')
INSERT dbo.collar(id, created_date, deleted, updated_date, code, name) VALUES (28, '1972-04-22', 0, '1985-12-15', '36EK1Q0', 'Enda128')
INSERT dbo.collar(id, created_date, deleted, updated_date, code, name) VALUES (29, '2020-09-29', 1, '2012-09-01', '238W65J', 'Isbell299')
INSERT dbo.collar(id, created_date, deleted, updated_date, code, name) VALUES (30, '1991-06-21', 0, '1970-03-23', '320QYOM', 'Rosie1977')
INSERT dbo.collar(id, created_date, deleted, updated_date, code, name) VALUES (31, '1972-04-16', 0, '2002-05-10', '9O66RV3', 'Trice993')
INSERT dbo.collar(id, created_date, deleted, updated_date, code, name) VALUES (32, '1996-05-15', 0, '1971-09-20', 'EX7L4WV', 'Bratton73')
INSERT dbo.collar(id, created_date, deleted, updated_date, code, name) VALUES (33, '2013-03-28', 0, '1997-05-29', 'P7JM2CH', 'Kinsey63')
INSERT dbo.collar(id, created_date, deleted, updated_date, code, name) VALUES (34, '1985-11-30', 1, '1987-11-08', 'KT12VYH', 'Alayna2020')
INSERT dbo.collar(id, created_date, deleted, updated_date, code, name) VALUES (35, '2014-12-06', 1, '2010-02-15', '08451J2', 'Andrew782')
INSERT dbo.collar(id, created_date, deleted, updated_date, code, name) VALUES (36, '2019-05-11', 1, '1992-10-18', 'I01V1V8', 'Naranjo926')
INSERT dbo.collar(id, created_date, deleted, updated_date, code, name) VALUES (37, '2023-08-10', 0, '2004-12-29', 'XO1151Q', 'Jeanmarie29')
INSERT dbo.collar(id, created_date, deleted, updated_date, code, name) VALUES (38, '1982-03-16', 1, '2022-12-20', 'M81AH69', 'Dugas2011')
INSERT dbo.collar(id, created_date, deleted, updated_date, code, name) VALUES (39, '1977-12-27', 0, '1992-03-04', '6FE5FA3', 'Chase1995')
INSERT dbo.collar(id, created_date, deleted, updated_date, code, name) VALUES (40, '2010-07-26', 1, '1984-12-21', 'AIP0AV8', 'Cleo9')
INSERT dbo.collar(id, created_date, deleted, updated_date, code, name) VALUES (41, '1970-03-31', 1, '1972-02-08', '0Q1M9U8', 'Abbott1970')
INSERT dbo.collar(id, created_date, deleted, updated_date, code, name) VALUES (42, '1990-08-02', 1, '1973-12-24', '453RU26', 'Neely39')
INSERT dbo.collar(id, created_date, deleted, updated_date, code, name) VALUES (43, '1985-01-13', 0, '1997-04-19', 'OM6D3Y1', 'Jospeh1994')
INSERT dbo.collar(id, created_date, deleted, updated_date, code, name) VALUES (44, '2006-11-10', 0, '2008-06-10', '0L8313M', 'Adelina62')
INSERT dbo.collar(id, created_date, deleted, updated_date, code, name) VALUES (45, '1995-09-18', 0, '1971-05-13', '65M0O7F', 'Rosario19')
INSERT dbo.collar(id, created_date, deleted, updated_date, code, name) VALUES (46, '1977-07-20', 1, '1998-11-30', '6ULC5C7', 'Adams2016')
INSERT dbo.collar(id, created_date, deleted, updated_date, code, name) VALUES (47, '1970-03-06', 0, '1970-04-04', 'TJB3F61', 'Travis1969')
INSERT dbo.collar(id, created_date, deleted, updated_date, code, name) VALUES (48, '1995-07-02', 0, '1981-03-06', 'J0S9U41', 'Kelley2011')
INSERT dbo.collar(id, created_date, deleted, updated_date, code, name) VALUES (49, '1973-03-07', 1, '1991-09-15', '78346CJ', 'Odis534')
INSERT dbo.collar(id, created_date, deleted, updated_date, code, name) VALUES (50, '1999-06-30', 0, '1996-09-26', 'B23634Z', 'Chance1959')
GO
SET IDENTITY_INSERT dbo.collar OFF
GO

--
-- Inserting data into table dbo.color
--
SET IDENTITY_INSERT dbo.color ON
GO
INSERT dbo.color(id, created_date, deleted, updated_date, code, name) VALUES (1, '1988-04-09', 0, '1970-02-24', '09P06UZ', 'Marlon2026')
INSERT dbo.color(id, created_date, deleted, updated_date, code, name) VALUES (2, '1970-01-18', 1, '1985-02-21', 'GO3C6K7', 'Oliver2000')
INSERT dbo.color(id, created_date, deleted, updated_date, code, name) VALUES (3, '2016-02-10', 1, '2009-04-28', 'ZY23H41', 'Denny59')
INSERT dbo.color(id, created_date, deleted, updated_date, code, name) VALUES (4, '2014-03-11', 0, '1978-04-01', 'KG4HUHZ', 'Villarreal371')
INSERT dbo.color(id, created_date, deleted, updated_date, code, name) VALUES (5, '2008-04-28', 0, '1990-08-25', '57T4937', 'Gentile2028')
INSERT dbo.color(id, created_date, deleted, updated_date, code, name) VALUES (6, '1992-07-01', 0, '1982-12-18', 'D6M290C', 'Abel2006')
INSERT dbo.color(id, created_date, deleted, updated_date, code, name) VALUES (7, '1970-02-13', 0, '2011-01-16', '14N99HU', 'Thomas1957')
INSERT dbo.color(id, created_date, deleted, updated_date, code, name) VALUES (8, '1978-06-23', 0, '1970-01-08', 'WUCO0C5', 'Lyndon1990')
INSERT dbo.color(id, created_date, deleted, updated_date, code, name) VALUES (9, '2005-08-03', 0, '1978-03-11', 'K877N32', 'Carey354')
INSERT dbo.color(id, created_date, deleted, updated_date, code, name) VALUES (10, '2016-08-30', 0, '1995-07-25', '90XY83O', 'Shandi2016')
INSERT dbo.color(id, created_date, deleted, updated_date, code, name) VALUES (11, '1971-01-19', 1, '2022-04-23', '41KNSJ8', 'Meeks2007')
INSERT dbo.color(id, created_date, deleted, updated_date, code, name) VALUES (12, '1971-04-03', 1, '1994-03-22', '2CYLL51', 'Noe1998')
INSERT dbo.color(id, created_date, deleted, updated_date, code, name) VALUES (13, '1987-04-28', 0, '2008-05-06', 'CL03G7M', 'Youngblood1996')
INSERT dbo.color(id, created_date, deleted, updated_date, code, name) VALUES (14, '1971-04-21', 1, '1985-01-08', 'XZ8Z7ZE', 'Honeycutt2001')
INSERT dbo.color(id, created_date, deleted, updated_date, code, name) VALUES (15, '2003-07-05', 1, '1971-06-23', '33X0TML', 'Augustus2018')
INSERT dbo.color(id, created_date, deleted, updated_date, code, name) VALUES (16, '1986-02-23', 1, '1970-01-02', 'VE85GNV', 'Dewitt9')
INSERT dbo.color(id, created_date, deleted, updated_date, code, name) VALUES (17, '1994-06-03', 1, '2020-02-16', '7KEK06Q', 'Tawana1976')
INSERT dbo.color(id, created_date, deleted, updated_date, code, name) VALUES (18, '2020-03-22', 1, '1972-10-31', '5653X8P', 'Lyle2017')
INSERT dbo.color(id, created_date, deleted, updated_date, code, name) VALUES (19, '1986-08-23', 1, '1970-12-28', '5F5KC5R', 'Criselda1963')
INSERT dbo.color(id, created_date, deleted, updated_date, code, name) VALUES (20, '1990-04-14', 1, '1997-11-29', '42NNQ2B', 'Abbott1987')
INSERT dbo.color(id, created_date, deleted, updated_date, code, name) VALUES (21, '1970-01-05', 0, '2019-09-30', '2B28A0D', 'Matt2017')
INSERT dbo.color(id, created_date, deleted, updated_date, code, name) VALUES (22, '1971-08-09', 0, '1970-03-24', 'B579UC4', 'Andrew393')
INSERT dbo.color(id, created_date, deleted, updated_date, code, name) VALUES (23, '1970-01-09', 0, '1970-01-10', '72M2V4I', 'Sherman2003')
INSERT dbo.color(id, created_date, deleted, updated_date, code, name) VALUES (24, '2024-01-04', 1, '1976-08-21', '9B518P1', 'Holmes423')
INSERT dbo.color(id, created_date, deleted, updated_date, code, name) VALUES (25, '1972-08-08', 1, '2007-05-27', '3PEI32I', 'Angel1996')
INSERT dbo.color(id, created_date, deleted, updated_date, code, name) VALUES (26, '1985-04-17', 1, '2005-12-17', 'N9H3O00', 'Dirk1977')
INSERT dbo.color(id, created_date, deleted, updated_date, code, name) VALUES (27, '2005-01-02', 0, '1970-11-29', '3069S3G', 'Redd2010')
INSERT dbo.color(id, created_date, deleted, updated_date, code, name) VALUES (28, '2018-03-17', 0, '1975-11-11', '4UM8GI2', 'Hong2012')
INSERT dbo.color(id, created_date, deleted, updated_date, code, name) VALUES (29, '1970-01-09', 0, '1986-02-10', 'F1W5ANI', 'Kanisha1974')
INSERT dbo.color(id, created_date, deleted, updated_date, code, name) VALUES (30, '2010-11-10', 1, '1978-11-05', '6H88PS5', 'Walter767')
INSERT dbo.color(id, created_date, deleted, updated_date, code, name) VALUES (31, '1997-08-27', 0, '1970-01-24', '15949NW', 'Crenshaw1965')
INSERT dbo.color(id, created_date, deleted, updated_date, code, name) VALUES (32, '1970-04-03', 1, '1970-04-04', 'O7BXK73', 'Scales299')
INSERT dbo.color(id, created_date, deleted, updated_date, code, name) VALUES (33, '1973-10-16', 1, '1970-01-04', 'L819Y31', 'Gatewood8')
INSERT dbo.color(id, created_date, deleted, updated_date, code, name) VALUES (34, '2001-06-30', 1, '1971-10-31', '5MPVIB7', 'Molina393')
INSERT dbo.color(id, created_date, deleted, updated_date, code, name) VALUES (35, '2002-05-16', 0, '1997-04-11', 'Q77BWNE', 'Castleberry2010')
INSERT dbo.color(id, created_date, deleted, updated_date, code, name) VALUES (36, '1970-04-06', 1, '1970-09-19', '7L6N4CE', 'Acevedo2009')
INSERT dbo.color(id, created_date, deleted, updated_date, code, name) VALUES (37, '2022-09-10', 1, '1977-02-22', 'Q53B44R', 'Kendrick68')
INSERT dbo.color(id, created_date, deleted, updated_date, code, name) VALUES (38, '1999-12-11', 0, '1970-01-02', '4I12NQ2', 'Jerry1966')
INSERT dbo.color(id, created_date, deleted, updated_date, code, name) VALUES (39, '1970-03-08', 0, '1980-04-24', '2OTQYP5', 'Macklin1950')
INSERT dbo.color(id, created_date, deleted, updated_date, code, name) VALUES (40, '1973-07-29', 1, '2023-12-16', '1QYM5J4', 'Belinda21')
INSERT dbo.color(id, created_date, deleted, updated_date, code, name) VALUES (41, '1970-01-19', 1, '1974-01-05', '2R4V7UM', 'Mose1996')
INSERT dbo.color(id, created_date, deleted, updated_date, code, name) VALUES (42, '1971-04-05', 0, '2001-07-14', 'DU81YK7', 'Griggs1998')
INSERT dbo.color(id, created_date, deleted, updated_date, code, name) VALUES (43, '1971-08-30', 0, '2008-01-22', '6O1HV7Z', 'Lavern1995')
INSERT dbo.color(id, created_date, deleted, updated_date, code, name) VALUES (44, '1995-10-25', 0, '2021-06-22', '9WX051Q', 'Gleason624')
INSERT dbo.color(id, created_date, deleted, updated_date, code, name) VALUES (45, '2004-03-03', 0, '1988-03-17', '6Q163P9', 'Fellows1951')
INSERT dbo.color(id, created_date, deleted, updated_date, code, name) VALUES (46, '2008-08-29', 1, '2018-12-02', 'P4JT2N5', 'Adela299')
INSERT dbo.color(id, created_date, deleted, updated_date, code, name) VALUES (47, '1996-08-23', 1, '1977-08-08', '923XM6Y', 'Bobbie898')
INSERT dbo.color(id, created_date, deleted, updated_date, code, name) VALUES (48, '2008-11-17', 0, '1970-01-03', '171FYK9', 'Foust87')
INSERT dbo.color(id, created_date, deleted, updated_date, code, name) VALUES (49, '1972-09-12', 0, '1980-06-13', 'LN707LA', 'Alina2029')
INSERT dbo.color(id, created_date, deleted, updated_date, code, name) VALUES (50, '1974-11-13', 1, '2001-05-09', 'GM4F6FA', 'Alfonso1968')
GO
SET IDENTITY_INSERT dbo.color OFF
GO

--
-- Inserting data into table dbo.customer
--
SET IDENTITY_INSERT dbo.customer ON
GO
INSERT dbo.customer(id, birth_day, created_date, deleted, updated_date, code, email, name, password, phone) VALUES (1, '1976-09-01', '1996-09-05', 0, '2021-10-23', 'NDH225B', 'Rodrigues@example.com', 'Ayanna518', 'n2cl9nn1VcC/W8Hou1aHRw==', '(715) 677-8668')
INSERT dbo.customer(id, birth_day, created_date, deleted, updated_date, code, email, name, password, phone) VALUES (2, '1970-11-16', '1984-05-28', 0, '1994-10-03', '00ZWO5Q', 'Rubin78@example.com', 'Karima847', '1kOwmq+6of12T1MG7flbzg==', '(428) 668-4543')
INSERT dbo.customer(id, birth_day, created_date, deleted, updated_date, code, email, name, password, phone) VALUES (3, '1974-11-17', '1986-03-10', 0, '1970-01-07', 'HK3RR15', 'Carlson@nowhere.com', 'Santos2004', 'XiF/Z1oFexcvQc5DMop+Ug==', '(291) 371-6811')
INSERT dbo.customer(id, birth_day, created_date, deleted, updated_date, code, email, name, password, phone) VALUES (4, '1970-02-16', '1972-05-09', 1, '1977-03-29', 'GSKUZ10', 'JerroldRyder@nowhere.com', 'Erwin1951', '7zhX1XzU1vyxym8PN473+w==', '(638) 837-2161')
INSERT dbo.customer(id, birth_day, created_date, deleted, updated_date, code, email, name, password, phone) VALUES (5, '1970-04-04', '2024-08-27', 0, '1980-03-13', 'B68027B', 'AdellaAmos7@example.com', 'Lekisha247', 'cJoM1JtYGd/lTQxZI++tYQ==', '(332) 879-4789')
INSERT dbo.customer(id, birth_day, created_date, deleted, updated_date, code, email, name, password, phone) VALUES (6, '1978-12-14', '1987-06-12', 1, '1986-06-04', 'I4752RJ', 'EasleyY@example.com', 'Miguel82', 'D9dHlFLZPA+iE3YMDUCTOg==', '(796) 239-0866')
INSERT dbo.customer(id, birth_day, created_date, deleted, updated_date, code, email, name, password, phone) VALUES (7, '1970-01-09', '1986-11-26', 0, '1972-03-12', '8F4BZG6', 'AlbertoFong1@example.com', 'Talbott2017', 'Ax9D5R2j9OE3u84bT/E90w==', '(344) 509-0175')
INSERT dbo.customer(id, birth_day, created_date, deleted, updated_date, code, email, name, password, phone) VALUES (8, '1970-02-08', '1970-01-08', 0, '2007-04-19', '12RKH05', 'Abreu@example.com', 'Neal434', '38txQ1dbU2bphdBJi9oosw==', '(437) 422-1089')
INSERT dbo.customer(id, birth_day, created_date, deleted, updated_date, code, email, name, password, phone) VALUES (9, '2005-12-12', '1970-01-09', 1, '1989-08-26', 'YSGV1V9', 'VirginaPulliam578@example.com', 'Darrin7', '+C+Rnnl1V7bX1H40mnAd7Q==', '(676) 408-2458')
INSERT dbo.customer(id, birth_day, created_date, deleted, updated_date, code, email, name, password, phone) VALUES (10, '1994-08-01', '2016-09-04', 0, '1991-12-24', '6GASSBZ', 'Cameron.Yang@example.com', 'Christal1', 'eNiDQM1OLz6XZkat9xFGfQ==', '(448) 360-2062')
INSERT dbo.customer(id, birth_day, created_date, deleted, updated_date, code, email, name, password, phone) VALUES (11, '1970-02-23', '1972-09-13', 0, '1987-03-11', 'XI42EGR', 'ShereeAbernathy1@nowhere.com', 'Austin1959', 'a+Qem9loKBwLV8MVh5GRJw==', '(796) 836-0895')
INSERT dbo.customer(id, birth_day, created_date, deleted, updated_date, code, email, name, password, phone) VALUES (12, '1972-11-12', '1992-05-22', 0, '1970-01-10', '56Y8FE2', 'Aguirre@example.com', 'Devon82', 'dxfT5NRceqQos71PdITd3g==', '(460) 545-2818')
INSERT dbo.customer(id, birth_day, created_date, deleted, updated_date, code, email, name, password, phone) VALUES (13, '1970-03-19', '1970-01-01', 1, '1970-10-26', 'M1UZ7LR', 'Cyril.Christian559@example.com', 'Vannesa1999', 'pkpFSaqjcuMZmX1yZPaicQ==', '(554) 883-3553')
INSERT dbo.customer(id, birth_day, created_date, deleted, updated_date, code, email, name, password, phone) VALUES (14, '1974-04-28', '2004-04-30', 1, '2006-09-18', 'G8995XZ', 'mlorpelv_xmfganzv@nowhere.com', 'Roger1983', 'zJMRcGDwhk8p450S5ogZqA==', '(724) 615-3662')
INSERT dbo.customer(id, birth_day, created_date, deleted, updated_date, code, email, name, password, phone) VALUES (15, '1970-03-13', '1976-05-04', 0, '1975-05-07', 'U34D2Y4', 'wduks8170@example.com', 'Addie5', 'osYU73F29ZEl4hQ9mwfd4Q==', '(686) 207-1885')
INSERT dbo.customer(id, birth_day, created_date, deleted, updated_date, code, email, name, password, phone) VALUES (16, '1974-04-03', '1977-05-17', 0, '2022-04-10', '0GC8F67', 'Glenn273@example.com', 'Milan2022', 'S+bthVPst/EJe/tkm2RYHg==', '(367) 705-7350')
INSERT dbo.customer(id, birth_day, created_date, deleted, updated_date, code, email, name, password, phone) VALUES (17, '1998-08-24', '1980-07-23', 1, '1994-03-08', '386699L', 'Lynsey_Bean@nowhere.com', 'Abernathy1950', '/38hPMtQN/mAnqkuuzZ3Yg==', '(770) 734-1465')
INSERT dbo.customer(id, birth_day, created_date, deleted, updated_date, code, email, name, password, phone) VALUES (18, '2004-07-07', '2019-08-03', 0, '2013-12-20', '137I101', 'FaustoAgnew@example.com', 'Rosalyn98', '1kEbDvnwBpQaNEbcTruHTg==', '(835) 455-9921')
INSERT dbo.customer(id, birth_day, created_date, deleted, updated_date, code, email, name, password, phone) VALUES (19, '2012-02-17', '1985-05-06', 1, '1970-01-07', '963CCPA', 'Lerner69@example.com', 'Kurt2016', 'rfJwOzKhDJXNeD8MGOkGFA==', '(440) 293-5380')
INSERT dbo.customer(id, birth_day, created_date, deleted, updated_date, code, email, name, password, phone) VALUES (20, '1970-01-10', '1987-03-31', 0, '1971-12-03', '6BA0130', 'Ackerman36@example.com', 'Herb83', 'kuTS2j0VKLyfZmi7wm1jPg==', '(837) 524-8846')
INSERT dbo.customer(id, birth_day, created_date, deleted, updated_date, code, email, name, password, phone) VALUES (21, '1991-02-25', '1971-11-17', 1, '1976-11-07', 'RG2658R', 'Treadwell952@example.com', 'Anthony31', 'aAoGfxuGOuqqbJjFrAieUA==', '(560) 984-5655')
INSERT dbo.customer(id, birth_day, created_date, deleted, updated_date, code, email, name, password, phone) VALUES (22, '1990-05-11', '1970-01-04', 1, '1977-02-28', 'Q4U4Z71', 'Culver754@example.com', 'Adam933', 'Ur019lwpLV/gaOw4URSm7g==', '(584) 321-1391')
INSERT dbo.customer(id, birth_day, created_date, deleted, updated_date, code, email, name, password, phone) VALUES (23, '1971-01-01', '1984-09-15', 0, '1994-04-19', '94E7955', 'Mcintyre@example.com', 'Abby9', 'TH1/tgsPaMB3he9h7OG9vg==', '(403) 928-0239')
INSERT dbo.customer(id, birth_day, created_date, deleted, updated_date, code, email, name, password, phone) VALUES (24, '2000-12-13', '1988-09-23', 0, '1980-07-06', '44QF25P', 'DonteAbbott@example.com', 'Ada2015', '159DzxmTq9MNsy1fIUT0Qg==', '(363) 434-2744')
INSERT dbo.customer(id, birth_day, created_date, deleted, updated_date, code, email, name, password, phone) VALUES (25, '1978-12-13', '1980-08-01', 1, '1989-05-04', 'DN0Z4NK', 'Adolph.Putnam@example.com', 'Champion1', '2Cmh5Vmo+rrT+iKFuMKw4w==', '(136) 597-9874')
INSERT dbo.customer(id, birth_day, created_date, deleted, updated_date, code, email, name, password, phone) VALUES (26, '1975-06-29', '1980-02-28', 1, '1970-04-29', '89M6Q0I', 'Bueno485@example.com', 'Doretha2011', 'jJwua3TkxLTSAmy5pHmanA==', '(652) 259-5547')
INSERT dbo.customer(id, birth_day, created_date, deleted, updated_date, code, email, name, password, phone) VALUES (27, '1978-03-13', '1991-11-16', 0, '1991-03-24', 'BE8J573', 'Terence.SRocha@nowhere.com', 'Marlena133', 't3efIQpOoMXYy3sboSh2Xw==', '(903) 199-7541')
INSERT dbo.customer(id, birth_day, created_date, deleted, updated_date, code, email, name, password, phone) VALUES (28, '1970-03-17', '1979-06-23', 1, '2001-06-21', 'R91C9CE', 'Carmichael6@example.com', 'Nutt2014', '1bsae2YCbr5lRT7eVCcRnA==', '(535) 006-8709')
INSERT dbo.customer(id, birth_day, created_date, deleted, updated_date, code, email, name, password, phone) VALUES (29, '1970-06-18', '1970-01-08', 1, '2004-08-18', '1A62116', 'Zapata4@example.com', 'Applegate5', 'Xvb1v8vmwSTExubGwYeyGw==', '(978) 635-6401')
INSERT dbo.customer(id, birth_day, created_date, deleted, updated_date, code, email, name, password, phone) VALUES (30, '1974-07-31', '1970-03-17', 0, '1974-12-06', 'VAK27PQ', 'Jorgensen@nowhere.com', 'Arnulfo722', 'xSTL9kCnlWNEbId12gvhVw==', '(244) 103-8844')
INSERT dbo.customer(id, birth_day, created_date, deleted, updated_date, code, email, name, password, phone) VALUES (31, '1996-08-25', '1971-02-19', 1, '2006-11-30', 'X091B2G', 'AlbinaAllen@nowhere.com', 'Alford1987', '8fNumK2kvfsviIkpGkCgww==', '(441) 708-6471')
INSERT dbo.customer(id, birth_day, created_date, deleted, updated_date, code, email, name, password, phone) VALUES (32, '2011-03-11', '2016-07-30', 0, '1979-02-12', '9QR6ZH6', 'Hung_Lundberg@example.com', 'Sharilyn1961', 'UD+Cc+P3SmpzzIrSNvJbGw==', '(900) 174-2439')
INSERT dbo.customer(id, birth_day, created_date, deleted, updated_date, code, email, name, password, phone) VALUES (33, '1977-03-01', '2016-01-26', 1, '1983-10-26', '143G18K', 'Larry_Leal9@nowhere.com', 'Maurice1993', 'q5FcHT6VGWDugi79/+gp3w==', '(292) 282-3646')
INSERT dbo.customer(id, birth_day, created_date, deleted, updated_date, code, email, name, password, phone) VALUES (34, '2018-12-17', '1973-09-15', 1, '2021-06-14', 'HXN6E48', 'DelorseG.Bello111@example.com', 'Rolando1997', 'EhuN9F8Ifc51oiBBDvoRRw==', '(288) 288-2939')
INSERT dbo.customer(id, birth_day, created_date, deleted, updated_date, code, email, name, password, phone) VALUES (35, '1999-04-22', '2001-07-01', 0, '2012-03-30', '146OM24', 'Arreola@example.com', 'Gallegos6', '7ThiR8xycPqbWLAzDaCcVw==', '(702) 921-8337')
INSERT dbo.customer(id, birth_day, created_date, deleted, updated_date, code, email, name, password, phone) VALUES (36, '1985-08-11', '2015-05-16', 1, '1978-10-02', '5BTX1X2', 'Stapleton@nowhere.com', 'Newton671', 'WI5PBNGdDigBhvsayL+iUA==', '(958) 835-2013')
INSERT dbo.customer(id, birth_day, created_date, deleted, updated_date, code, email, name, password, phone) VALUES (37, '1998-02-26', '2007-04-19', 1, '2009-08-12', '8CPN5GC', 'VerdinU274@example.com', 'Tyrone4', 'sed0wtRnkQlaOufWwWe1gA==', '(677) 314-9812')
INSERT dbo.customer(id, birth_day, created_date, deleted, updated_date, code, email, name, password, phone) VALUES (38, '2024-06-06', '1970-03-05', 0, '2003-03-04', '241MW2V', 'Lafleur@nowhere.com', 'Tim2022', 'irJdxL1Vf2fDLvdZYgH3wQ==', '(590) 129-4993')
INSERT dbo.customer(id, birth_day, created_date, deleted, updated_date, code, email, name, password, phone) VALUES (39, '1970-01-09', '1973-03-10', 1, '1982-03-30', 'N5A3GDO', 'Keven.Darling@nowhere.com', 'Darrel2008', 'NPG8/GR8+ikx9bHnjYAR0g==', '(561) 865-3569')
INSERT dbo.customer(id, birth_day, created_date, deleted, updated_date, code, email, name, password, phone) VALUES (40, '1973-05-16', '2008-06-27', 0, '1999-12-18', '73ZWYSM', 'Casper@nowhere.com', 'Brandon2013', '0F69CbGtE9p0yh+jSAZJOg==', '(920) 056-4004')
INSERT dbo.customer(id, birth_day, created_date, deleted, updated_date, code, email, name, password, phone) VALUES (41, '1970-02-25', '1997-01-27', 0, '1990-02-25', 'D06W564', 'TraceyIrving@example.com', 'Krieger2011', 'i0Pg5skKOKcdz9bjHxHDEg==', '(753) 266-8969')
INSERT dbo.customer(id, birth_day, created_date, deleted, updated_date, code, email, name, password, phone) VALUES (42, '1986-03-12', '1970-03-07', 1, '1970-01-08', '8A77T63', 'Darrin_Z_Landers@nowhere.com', 'Tanisha588', 'mqYQd9JF+3wTRfL3kQAtEg==', '(499) 371-8671')
INSERT dbo.customer(id, birth_day, created_date, deleted, updated_date, code, email, name, password, phone) VALUES (43, '2011-12-04', '1970-01-01', 0, '2005-01-08', 'E89U7TD', 'Smoot671@nowhere.com', 'Mel268', 'F+Ac0P7DqdbCQ7D9Qc551Q==', '(304) 475-3648')
INSERT dbo.customer(id, birth_day, created_date, deleted, updated_date, code, email, name, password, phone) VALUES (44, '1990-08-01', '1973-07-03', 1, '2023-07-11', '4F6P5AT', 'Allard633@example.com', 'Albert253', 'NHpNqmuntxFusgMJekV4Yg==', '(273) 376-3478')
INSERT dbo.customer(id, birth_day, created_date, deleted, updated_date, code, email, name, password, phone) VALUES (45, '1994-08-04', '2022-08-26', 0, '1979-08-27', '8IZDA19', 'Alicea396@example.com', 'Dominguez527', 'e+2Y3G7M6da1dewXIZYK/Q==', '(692) 366-3220')
INSERT dbo.customer(id, birth_day, created_date, deleted, updated_date, code, email, name, password, phone) VALUES (46, '1970-01-07', '1980-09-05', 0, '1970-04-02', '1XH7908', 'Joyce@example.com', 'Taft537', 'rWyxwCj9JuvkiVBrEcsnmA==', '(455) 697-1856')
INSERT dbo.customer(id, birth_day, created_date, deleted, updated_date, code, email, name, password, phone) VALUES (47, '1971-07-17', '2012-11-21', 1, '1987-09-13', 'QKL04QM', 'AbrahamW@example.com', 'Morgan1987', 'i0Pg5skKOKcdz9bjHxHDEg==', '(875) 248-6195')
INSERT dbo.customer(id, birth_day, created_date, deleted, updated_date, code, email, name, password, phone) VALUES (48, '1990-07-10', '1993-11-24', 0, '2014-09-02', 'MU9AX4C', 'Alves695@example.com', 'Sheena2008', 'QZkidc7j0Kj3XSMEhGsELA==', '(671) 459-4786')
INSERT dbo.customer(id, birth_day, created_date, deleted, updated_date, code, email, name, password, phone) VALUES (49, '1970-01-11', '1973-08-30', 0, '1990-06-05', '9KTFFF2', 'AbeHatch385@nowhere.com', 'Nicholas954', 'pGw7VPLJhxzYHa96kySZwA==', '(562) 718-6038')
INSERT dbo.customer(id, birth_day, created_date, deleted, updated_date, code, email, name, password, phone) VALUES (50, '1979-07-22', '1970-01-10', 1, '1971-11-01', 'F86MNWH', 'Abel.I.Boyer@example.com', 'Abney4', 'NBbxq42SMzu7sfWqKUrI6w==', '(443) 178-1765')
GO
SET IDENTITY_INSERT dbo.customer OFF
GO

--
-- Inserting data into table dbo.elasticity
--
SET IDENTITY_INSERT dbo.elasticity ON
GO
INSERT dbo.elasticity(id, created_date, deleted, updated_date, code, name) VALUES (1, '1970-01-01', 1, '1995-05-23', '8C54EWH', 'Abdul551')
INSERT dbo.elasticity(id, created_date, deleted, updated_date, code, name) VALUES (2, '2006-05-20', 0, '1971-11-23', 'K9XH7I8', 'Lizzette466')
INSERT dbo.elasticity(id, created_date, deleted, updated_date, code, name) VALUES (3, '2014-10-13', 0, '1980-05-03', 'VQTGJJD', 'Alonzo2022')
INSERT dbo.elasticity(id, created_date, deleted, updated_date, code, name) VALUES (4, '2000-10-04', 0, '1995-07-15', 'NM095X3', 'Abney7')
INSERT dbo.elasticity(id, created_date, deleted, updated_date, code, name) VALUES (5, '2016-07-19', 1, '1990-04-23', '02T6P12', 'Jarrod2023')
INSERT dbo.elasticity(id, created_date, deleted, updated_date, code, name) VALUES (6, '1970-01-31', 1, '1978-09-19', 'JHMO474', 'Alisa2016')
INSERT dbo.elasticity(id, created_date, deleted, updated_date, code, name) VALUES (7, '2018-12-21', 0, '2005-02-21', '2152T57', 'Bess1981')
INSERT dbo.elasticity(id, created_date, deleted, updated_date, code, name) VALUES (8, '1970-01-06', 1, '1970-01-09', 'NRQY0YE', 'Roark982')
INSERT dbo.elasticity(id, created_date, deleted, updated_date, code, name) VALUES (9, '1970-01-09', 1, '1987-07-31', 'CU87EO0', 'Chadwick842')
INSERT dbo.elasticity(id, created_date, deleted, updated_date, code, name) VALUES (10, '1997-04-22', 0, '2011-06-30', 'H7JWGYL', 'Alphonso8')
INSERT dbo.elasticity(id, created_date, deleted, updated_date, code, name) VALUES (11, '1970-03-04', 1, '1972-01-30', '1E3258H', 'Lacresha5')
INSERT dbo.elasticity(id, created_date, deleted, updated_date, code, name) VALUES (12, '2022-01-04', 1, '1980-09-03', '53RSH4H', 'Denham1998')
INSERT dbo.elasticity(id, created_date, deleted, updated_date, code, name) VALUES (13, '2012-07-15', 1, '1998-07-04', 'RMG65ZG', 'Antonina2029')
INSERT dbo.elasticity(id, created_date, deleted, updated_date, code, name) VALUES (14, '1992-06-20', 0, '1998-12-22', 'FAWZSQ6', 'Adolph1')
INSERT dbo.elasticity(id, created_date, deleted, updated_date, code, name) VALUES (15, '2003-01-14', 0, '1971-07-27', 'AU7794Z', 'Brandon1')
INSERT dbo.elasticity(id, created_date, deleted, updated_date, code, name) VALUES (16, '1970-01-11', 0, '1972-06-22', '18K8YF9', 'Dyan121')
INSERT dbo.elasticity(id, created_date, deleted, updated_date, code, name) VALUES (17, '1991-06-27', 1, '2019-05-27', '0983150', 'Adah395')
INSERT dbo.elasticity(id, created_date, deleted, updated_date, code, name) VALUES (18, '1994-09-28', 1, '1972-03-11', 'UX9I7TP', 'Alene2017')
INSERT dbo.elasticity(id, created_date, deleted, updated_date, code, name) VALUES (19, '2002-05-22', 1, '1983-03-16', 'Q8C9089', 'Lewis543')
INSERT dbo.elasticity(id, created_date, deleted, updated_date, code, name) VALUES (20, '1970-02-12', 1, '2004-08-20', 'GEJ514X', 'Nowlin1968')
INSERT dbo.elasticity(id, created_date, deleted, updated_date, code, name) VALUES (21, '1988-03-30', 1, '2019-09-14', '4649867', 'Barkley797')
INSERT dbo.elasticity(id, created_date, deleted, updated_date, code, name) VALUES (22, '1989-05-27', 0, '2020-01-31', 'K93O40T', 'Foster1958')
INSERT dbo.elasticity(id, created_date, deleted, updated_date, code, name) VALUES (23, '1976-05-12', 1, '1977-03-06', '9J96531', 'Laverne353')
INSERT dbo.elasticity(id, created_date, deleted, updated_date, code, name) VALUES (24, '1994-04-03', 1, '1998-06-04', 'UE4XIVW', 'Andrea989')
INSERT dbo.elasticity(id, created_date, deleted, updated_date, code, name) VALUES (25, '1991-08-24', 0, '2010-06-28', 'Q7H31Z7', 'Addie62')
INSERT dbo.elasticity(id, created_date, deleted, updated_date, code, name) VALUES (26, '1996-01-31', 1, '2018-07-29', 'J1T2U2I', 'Broderick361')
INSERT dbo.elasticity(id, created_date, deleted, updated_date, code, name) VALUES (27, '1998-12-31', 1, '2017-03-16', 'MK87994', 'Albert2005')
INSERT dbo.elasticity(id, created_date, deleted, updated_date, code, name) VALUES (28, '2015-06-25', 1, '2016-05-19', '6M88X2Q', 'Debbie1989')
INSERT dbo.elasticity(id, created_date, deleted, updated_date, code, name) VALUES (29, '2018-10-02', 1, '1996-02-14', '5003H14', 'Jacques876')
INSERT dbo.elasticity(id, created_date, deleted, updated_date, code, name) VALUES (30, '1971-08-08', 1, '1989-04-08', 'IH6Q46D', 'Jon996')
INSERT dbo.elasticity(id, created_date, deleted, updated_date, code, name) VALUES (31, '1971-12-12', 0, '1971-03-12', 'FSL176H', 'Kozlowski2024')
INSERT dbo.elasticity(id, created_date, deleted, updated_date, code, name) VALUES (32, '1991-03-16', 0, '2014-12-25', 'LWUYSP9', 'Ayala471')
INSERT dbo.elasticity(id, created_date, deleted, updated_date, code, name) VALUES (33, '1995-11-04', 1, '2001-12-04', 'S86B4FV', 'Charlie843')
INSERT dbo.elasticity(id, created_date, deleted, updated_date, code, name) VALUES (34, '1974-03-10', 1, '2018-05-27', '84SE4M6', 'Boss2018')
INSERT dbo.elasticity(id, created_date, deleted, updated_date, code, name) VALUES (35, '1980-06-13', 0, '2023-11-20', '9F5X6V5', 'Cherlyn1999')
INSERT dbo.elasticity(id, created_date, deleted, updated_date, code, name) VALUES (36, '1999-10-07', 0, '2012-12-28', '04715TP', 'Crittenden22')
INSERT dbo.elasticity(id, created_date, deleted, updated_date, code, name) VALUES (37, '1970-01-09', 0, '1987-01-22', '47074C0', 'Reita1975')
INSERT dbo.elasticity(id, created_date, deleted, updated_date, code, name) VALUES (38, '1971-12-21', 1, '2011-06-08', '97V42O0', 'Isidra27')
INSERT dbo.elasticity(id, created_date, deleted, updated_date, code, name) VALUES (39, '2007-05-02', 0, '1975-01-13', '7U2YDCF', 'Hershel91')
INSERT dbo.elasticity(id, created_date, deleted, updated_date, code, name) VALUES (40, '1970-01-02', 1, '1971-01-08', '313YR0G', 'Abby2022')
INSERT dbo.elasticity(id, created_date, deleted, updated_date, code, name) VALUES (41, '1973-12-06', 0, '2009-09-13', 'WOUEA85', 'Torie2023')
INSERT dbo.elasticity(id, created_date, deleted, updated_date, code, name) VALUES (42, '1970-01-05', 1, '1998-02-08', '098B421', 'Coretta2011')
INSERT dbo.elasticity(id, created_date, deleted, updated_date, code, name) VALUES (43, '1970-02-26', 0, '1976-12-04', '09B9S4X', 'Carey1985')
INSERT dbo.elasticity(id, created_date, deleted, updated_date, code, name) VALUES (44, '1984-11-10', 0, '2007-05-29', 'BICVO81', 'Tegan1993')
INSERT dbo.elasticity(id, created_date, deleted, updated_date, code, name) VALUES (45, '1996-03-11', 1, '1970-02-07', '5ZE91W2', 'Winfred328')
INSERT dbo.elasticity(id, created_date, deleted, updated_date, code, name) VALUES (46, '2011-04-28', 1, '1998-10-14', 'MY5KO8B', 'Lamont1963')
INSERT dbo.elasticity(id, created_date, deleted, updated_date, code, name) VALUES (47, '1998-05-30', 1, '1970-02-17', '6ZY192I', 'Abby1991')
INSERT dbo.elasticity(id, created_date, deleted, updated_date, code, name) VALUES (48, '1972-06-30', 0, '1994-10-12', 'YYM25B3', 'Brandenburg2008')
INSERT dbo.elasticity(id, created_date, deleted, updated_date, code, name) VALUES (49, '1978-11-16', 1, '1989-02-14', '946XUTE', 'Abdul1951')
INSERT dbo.elasticity(id, created_date, deleted, updated_date, code, name) VALUES (50, '2013-10-20', 0, '1974-05-02', '590TJJF', 'Flora931')
GO
SET IDENTITY_INSERT dbo.elasticity OFF
GO

--
-- Inserting data into table dbo.image
--
SET IDENTITY_INSERT dbo.image ON
GO
INSERT dbo.image(id, created_date, deleted, updated_date, code, name) VALUES (1, '2005-11-08', 1, '1970-02-10', '9T9S91D', 'Abby1966')
INSERT dbo.image(id, created_date, deleted, updated_date, code, name) VALUES (2, '1970-01-02', 0, '2014-08-08', 'YH33H5S', 'Folsom261')
INSERT dbo.image(id, created_date, deleted, updated_date, code, name) VALUES (3, '1978-12-13', 0, '1988-02-14', 'H11JB71', 'Easter1964')
INSERT dbo.image(id, created_date, deleted, updated_date, code, name) VALUES (4, '2023-02-12', 0, '1970-01-07', '8X762HN', 'Carmona618')
INSERT dbo.image(id, created_date, deleted, updated_date, code, name) VALUES (5, '1972-07-10', 1, '1996-05-29', '5PF9T5T', 'Terry2007')
INSERT dbo.image(id, created_date, deleted, updated_date, code, name) VALUES (6, '1971-03-30', 0, '1970-03-04', '2ME38R4', 'Zane413')
INSERT dbo.image(id, created_date, deleted, updated_date, code, name) VALUES (7, '1985-05-09', 0, '1985-11-04', '2I9778V', 'Massey695')
INSERT dbo.image(id, created_date, deleted, updated_date, code, name) VALUES (8, '1971-03-26', 1, '1986-05-03', '3KJ50Y6', 'Alston382')
INSERT dbo.image(id, created_date, deleted, updated_date, code, name) VALUES (9, '2019-09-27', 0, '1970-03-16', 'H8A336J', 'Alia5')
INSERT dbo.image(id, created_date, deleted, updated_date, code, name) VALUES (10, '2023-12-20', 1, '2010-05-26', '89WL063', 'Montez424')
INSERT dbo.image(id, created_date, deleted, updated_date, code, name) VALUES (11, '1970-01-03', 0, '1992-07-07', 'P75EQBU', 'Ashby2002')
INSERT dbo.image(id, created_date, deleted, updated_date, code, name) VALUES (12, '2020-05-08', 1, '1973-06-13', '83P1OX6', 'Adkins1972')
INSERT dbo.image(id, created_date, deleted, updated_date, code, name) VALUES (13, '1979-04-25', 1, '1981-10-13', '4908916', 'Haley13')
INSERT dbo.image(id, created_date, deleted, updated_date, code, name) VALUES (14, '2007-10-24', 0, '2010-09-20', 'S045B6F', 'Pike2003')
INSERT dbo.image(id, created_date, deleted, updated_date, code, name) VALUES (15, '1987-11-07', 0, '2000-07-30', '29H5WY7', 'Abe1960')
INSERT dbo.image(id, created_date, deleted, updated_date, code, name) VALUES (16, '1985-02-10', 1, '1970-12-28', '7QR4Y66', 'Nicol2004')
INSERT dbo.image(id, created_date, deleted, updated_date, code, name) VALUES (17, '2015-06-03', 0, '1970-01-09', 'OK6QPQ1', 'Vesta543')
INSERT dbo.image(id, created_date, deleted, updated_date, code, name) VALUES (18, '1973-11-21', 0, '2002-09-08', 'SV16C6H', 'Barker314')
INSERT dbo.image(id, created_date, deleted, updated_date, code, name) VALUES (19, '1970-01-11', 1, '1971-12-26', 'C38ISAG', 'Rheba271')
INSERT dbo.image(id, created_date, deleted, updated_date, code, name) VALUES (20, '1985-08-18', 0, '1998-02-13', 'B6L9SC5', 'Billye7')
INSERT dbo.image(id, created_date, deleted, updated_date, code, name) VALUES (21, '2002-01-07', 1, '2006-11-26', '5LL40PN', 'Brooks2018')
INSERT dbo.image(id, created_date, deleted, updated_date, code, name) VALUES (22, '1970-01-06', 0, '2012-09-29', 'WG15SR5', 'Shaunna1994')
INSERT dbo.image(id, created_date, deleted, updated_date, code, name) VALUES (23, '1972-09-14', 1, '1970-02-22', 'H0O627O', 'Lorrie1956')
INSERT dbo.image(id, created_date, deleted, updated_date, code, name) VALUES (24, '2015-07-13', 1, '1998-12-15', '9L3BYQ6', 'Tequila5')
INSERT dbo.image(id, created_date, deleted, updated_date, code, name) VALUES (25, '1971-12-06', 1, '2019-05-27', '21RY3RV', 'Davies2016')
INSERT dbo.image(id, created_date, deleted, updated_date, code, name) VALUES (26, '1978-07-02', 0, '1977-03-01', '28DG83G', 'Galen356')
INSERT dbo.image(id, created_date, deleted, updated_date, code, name) VALUES (27, '1971-08-09', 0, '1981-02-12', '104G7ZV', 'Carrie1')
INSERT dbo.image(id, created_date, deleted, updated_date, code, name) VALUES (28, '1973-08-23', 0, '1988-01-12', '8344MY2', 'Adam1')
INSERT dbo.image(id, created_date, deleted, updated_date, code, name) VALUES (29, '2010-06-23', 1, '2012-02-18', 'QGRJ8B7', 'Shockley769')
INSERT dbo.image(id, created_date, deleted, updated_date, code, name) VALUES (30, '1974-09-22', 1, '1970-01-07', 'TI2P9FE', 'Addie1951')
INSERT dbo.image(id, created_date, deleted, updated_date, code, name) VALUES (31, '2008-12-25', 1, '1984-11-04', '00M3A8B', 'Witt1955')
INSERT dbo.image(id, created_date, deleted, updated_date, code, name) VALUES (32, '2000-09-05', 0, '1997-02-21', '540PI33', 'Wayne184')
INSERT dbo.image(id, created_date, deleted, updated_date, code, name) VALUES (33, '2009-07-07', 0, '1993-10-13', 'JZ3K4G8', 'Dean983')
INSERT dbo.image(id, created_date, deleted, updated_date, code, name) VALUES (34, '1981-11-05', 0, '2021-03-08', '83168HB', 'Piper544')
INSERT dbo.image(id, created_date, deleted, updated_date, code, name) VALUES (35, '1970-03-22', 1, '2017-09-24', 'UNBQYP5', 'Theresia337')
INSERT dbo.image(id, created_date, deleted, updated_date, code, name) VALUES (36, '2003-07-18', 0, '1970-01-04', '32ZD7E9', 'Aguilar538')
INSERT dbo.image(id, created_date, deleted, updated_date, code, name) VALUES (37, '1988-11-14', 0, '1975-11-19', 'K0QV5S0', 'Alonso259')
INSERT dbo.image(id, created_date, deleted, updated_date, code, name) VALUES (38, '1970-01-06', 0, '1972-02-21', 'C13L7C5', 'Beauchamp721')
INSERT dbo.image(id, created_date, deleted, updated_date, code, name) VALUES (39, '1970-01-10', 1, '1990-12-31', 'I00Z260', 'Erick2017')
INSERT dbo.image(id, created_date, deleted, updated_date, code, name) VALUES (40, '1981-01-01', 0, '1993-05-30', '415AZ4U', 'Anisa2027')
INSERT dbo.image(id, created_date, deleted, updated_date, code, name) VALUES (41, '1989-06-02', 0, '2020-10-05', '1IZ1XTG', 'Rosalba1961')
INSERT dbo.image(id, created_date, deleted, updated_date, code, name) VALUES (42, '2000-03-17', 1, '2000-03-15', 'QO5Q8C4', 'Cyndi6')
INSERT dbo.image(id, created_date, deleted, updated_date, code, name) VALUES (43, '2018-10-01', 0, '1994-01-13', 'J7E2F3M', 'Alane868')
INSERT dbo.image(id, created_date, deleted, updated_date, code, name) VALUES (44, '2020-06-21', 0, '1994-05-09', '941Y9V8', 'Kathern1972')
INSERT dbo.image(id, created_date, deleted, updated_date, code, name) VALUES (45, '1978-07-12', 0, '2015-05-22', '6B83D2T', 'Rochelle2023')
INSERT dbo.image(id, created_date, deleted, updated_date, code, name) VALUES (46, '2009-09-02', 0, '1994-12-31', '8O06B13', 'Sammy2022')
INSERT dbo.image(id, created_date, deleted, updated_date, code, name) VALUES (47, '1975-06-08', 0, '1993-11-28', '3851HU5', 'Bayer2006')
INSERT dbo.image(id, created_date, deleted, updated_date, code, name) VALUES (48, '1970-01-26', 0, '1972-08-08', 'JF80578', 'Sarah1958')
INSERT dbo.image(id, created_date, deleted, updated_date, code, name) VALUES (49, '1979-02-02', 1, '1971-05-14', 'K7DLQNI', 'Garth1967')
INSERT dbo.image(id, created_date, deleted, updated_date, code, name) VALUES (50, '2023-01-07', 1, '1992-06-09', '5050RKJ', 'Abraham1962')
GO
SET IDENTITY_INSERT dbo.image OFF
GO

--
-- Inserting data into table dbo.material
--
SET IDENTITY_INSERT dbo.material ON
GO
INSERT dbo.material(id, created_date, deleted, updated_date, code, name) VALUES (1, '1972-09-07', 1, '2021-06-09', '3ER74M1CAK768273359G56637HL3H8X', 'Stock1993')
INSERT dbo.material(id, created_date, deleted, updated_date, code, name) VALUES (2, '1989-05-09', 1, '2016-07-29', 'WHMW61BO689633N6A7YSU09O', 'Kimberely724')
INSERT dbo.material(id, created_date, deleted, updated_date, code, name) VALUES (3, '1977-02-11', 0, '1970-03-18', '2N722G1IW4S31', 'Jamison1985')
INSERT dbo.material(id, created_date, deleted, updated_date, code, name) VALUES (4, '1988-05-20', 1, '2000-04-08', 'S', 'Allan63')
INSERT dbo.material(id, created_date, deleted, updated_date, code, name) VALUES (5, '1986-02-01', 0, '1977-04-23', 'I264V17NLLN510G2JN46GF', 'Leigh853')
INSERT dbo.material(id, created_date, deleted, updated_date, code, name) VALUES (6, '1971-04-11', 1, '1977-11-21', '2P2ED2143KZ950M', 'Andrew24')
INSERT dbo.material(id, created_date, deleted, updated_date, code, name) VALUES (7, '1990-05-15', 0, '2009-01-08', '8N3VK44', 'Hadden1999')
INSERT dbo.material(id, created_date, deleted, updated_date, code, name) VALUES (8, '2010-03-20', 1, '1971-04-23', 'WX2H8Q2J6', 'Faustino29')
INSERT dbo.material(id, created_date, deleted, updated_date, code, name) VALUES (9, '1972-09-19', 1, '1970-06-12', '7MT5AJ8TFD41QA0DQ1197', 'Alexis176')
INSERT dbo.material(id, created_date, deleted, updated_date, code, name) VALUES (10, '1978-08-13', 0, '1991-09-25', '38K56P3L4H5PZ3X1F92C6628W7FATQ2', 'Derick965')
INSERT dbo.material(id, created_date, deleted, updated_date, code, name) VALUES (11, '2003-10-20', 1, '1978-12-12', '3', 'Daniela4')
INSERT dbo.material(id, created_date, deleted, updated_date, code, name) VALUES (12, '1975-08-01', 0, '2016-01-10', '78X08BX9Y568533', 'Dowd356')
INSERT dbo.material(id, created_date, deleted, updated_date, code, name) VALUES (13, '2024-04-25', 0, '1983-01-01', 'LN855343WGAMW6', 'Alisa1987')
INSERT dbo.material(id, created_date, deleted, updated_date, code, name) VALUES (14, '2004-06-16', 0, '1970-01-29', 'B3WF7BM1GMT01F2B400X02UOL38HWMW81UN3QWQ', 'Shaffer1969')
INSERT dbo.material(id, created_date, deleted, updated_date, code, name) VALUES (15, '1987-02-07', 1, '1989-08-13', 'X2NR8O2T2D6374790FJBC8X3', 'Pitts168')
INSERT dbo.material(id, created_date, deleted, updated_date, code, name) VALUES (16, '1987-10-18', 1, '2017-01-19', 'VM7YW60OZTG5EI7H2ID', 'Janene2')
INSERT dbo.material(id, created_date, deleted, updated_date, code, name) VALUES (17, '1994-02-12', 0, '1970-01-02', '2X03FDFLW250L74L8B47MP12G3DF5AHAA', 'Branda2013')
INSERT dbo.material(id, created_date, deleted, updated_date, code, name) VALUES (18, '1981-01-29', 1, '1972-04-27', 'I24UWW6DVK53D7LIU56S9255881ZX8BP9HZ44EI7L745G56UL6VG3G5TAU543DYH43K8466H6KTIIM924P20216XPAND6U07440M9X2F14L36A9SEQQWUJEPIMQHT6H20OP1911U601EGPR22L68940X', 'Deann1977')
INSERT dbo.material(id, created_date, deleted, updated_date, code, name) VALUES (19, '2010-02-06', 1, '2012-02-15', '4N29RV6V5SGUB7D07', 'Jon523')
INSERT dbo.material(id, created_date, deleted, updated_date, code, name) VALUES (20, '1972-04-13', 1, '1986-04-07', '2CTEO0', 'Beau676')
INSERT dbo.material(id, created_date, deleted, updated_date, code, name) VALUES (21, '1982-11-25', 1, '1970-01-02', '63', 'Lakisha1993')
INSERT dbo.material(id, created_date, deleted, updated_date, code, name) VALUES (22, '1970-01-16', 1, '1987-08-31', 'WU2K193148228A80W33DTCS74ERTT8N02L3EQB5', 'Moya393')
INSERT dbo.material(id, created_date, deleted, updated_date, code, name) VALUES (23, '1972-09-05', 1, '1993-01-26', 'J8S32V8L02', 'Adell2025')
INSERT dbo.material(id, created_date, deleted, updated_date, code, name) VALUES (24, '1997-11-15', 1, '2013-04-16', 'A0TX01K4F7I6C8B8V0CK62A38P0S49444T968RAI628UC65073V570', 'Holbrook1954')
INSERT dbo.material(id, created_date, deleted, updated_date, code, name) VALUES (25, '2024-08-13', 1, '2014-12-10', '7SP80QOEA5X66OZ6N3060JQ78BY1R5O1VO5SBC4L0ORQ70X4J70BY9IF9H5OO57Z5C0I204KIWDJ9I10B5CWFO7967SCX1WVSE32CN56594QFY98230456G808', 'Suzy361')
INSERT dbo.material(id, created_date, deleted, updated_date, code, name) VALUES (26, '1994-06-24', 1, '1970-01-07', 'J', 'Maurice2017')
INSERT dbo.material(id, created_date, deleted, updated_date, code, name) VALUES (27, '1996-10-26', 1, '1999-12-02', 'M', 'Martin136')
INSERT dbo.material(id, created_date, deleted, updated_date, code, name) VALUES (28, '1970-01-01', 0, '2012-06-08', '23RS33O3', 'Gurley966')
INSERT dbo.material(id, created_date, deleted, updated_date, code, name) VALUES (29, '1978-12-31', 0, '2004-10-22', 'V21V035594QMXG6QWO4AEI80M745E6231XL7WTMB65NSDD9G4Q965E01A1L3I1I1T8KDZ77LDSO30871PHM', 'Serina1963')
INSERT dbo.material(id, created_date, deleted, updated_date, code, name) VALUES (30, '1979-08-20', 1, '1999-09-27', '4HU7697JBGRWRDD9WK364M17T2BJFILBL3I62RL868GZA0CBI22B6A', 'Holiday1953')
INSERT dbo.material(id, created_date, deleted, updated_date, code, name) VALUES (31, '1971-11-17', 0, '2011-03-06', '9XEO0337756P02V865', 'Davidson2021')
INSERT dbo.material(id, created_date, deleted, updated_date, code, name) VALUES (32, '1995-08-04', 1, '1977-11-09', '86WH4X5I9S8', 'Acker793')
INSERT dbo.material(id, created_date, deleted, updated_date, code, name) VALUES (33, '1972-09-22', 0, '2023-01-31', 'DE88TQ6', 'Manual1961')
INSERT dbo.material(id, created_date, deleted, updated_date, code, name) VALUES (34, '2004-12-07', 0, '1970-02-02', '86R0P1WOQ2OND8LZW9C858G5N6IGG13760Z210W41CEX5PL084HP7Z4WK1REL9K5QLP2A484TF3', 'Jody24')
INSERT dbo.material(id, created_date, deleted, updated_date, code, name) VALUES (35, '1976-01-16', 0, '1971-08-21', 'FA062O0O7QI6735I527XJ1J', 'Chas5')
INSERT dbo.material(id, created_date, deleted, updated_date, code, name) VALUES (36, '1970-06-22', 0, '1995-11-08', '6886ZEQICU5B55W9RXY0OL18N', 'Albertine2014')
INSERT dbo.material(id, created_date, deleted, updated_date, code, name) VALUES (37, '1970-01-09', 0, '1991-11-02', 'B86J0JD2OAZ3NA77277C414XWKSEJVTQG801N6GPBXG0B98', 'Bacon112')
INSERT dbo.material(id, created_date, deleted, updated_date, code, name) VALUES (38, '1970-12-03', 1, '1970-01-10', '259W332I1P8AQ4V1J', 'Lorine1962')
INSERT dbo.material(id, created_date, deleted, updated_date, code, name) VALUES (39, '2016-04-16', 0, '1980-02-05', '0X109', 'Gabriel1986')
INSERT dbo.material(id, created_date, deleted, updated_date, code, name) VALUES (40, '1970-01-08', 0, '1975-01-03', 'X', 'Amos1985')
INSERT dbo.material(id, created_date, deleted, updated_date, code, name) VALUES (41, '2024-01-18', 1, '1978-12-20', '9D237IG410FZT2H1GLQEZ96MH5G7F94P5RVNBZ63848CLM', 'Adrian746')
INSERT dbo.material(id, created_date, deleted, updated_date, code, name) VALUES (42, '1980-06-06', 0, '1971-10-12', '766F5M33R6WFH8S46Q6H6ME3NHD53C1', 'Rosenda299')
INSERT dbo.material(id, created_date, deleted, updated_date, code, name) VALUES (43, '2017-11-08', 0, '1975-10-28', '2C419PFHNQBSR18UZ4H980668I', 'Marisa2010')
INSERT dbo.material(id, created_date, deleted, updated_date, code, name) VALUES (44, '1990-08-10', 1, '1973-06-18', '6BF55R2Z5384', 'Windy2')
INSERT dbo.material(id, created_date, deleted, updated_date, code, name) VALUES (45, '2018-09-25', 0, '1971-03-12', 'O4T462026U2893', 'Marcotte8')
INSERT dbo.material(id, created_date, deleted, updated_date, code, name) VALUES (46, '1976-02-06', 0, '1970-01-17', '2631617A2UN41M7', 'Lennon1954')
INSERT dbo.material(id, created_date, deleted, updated_date, code, name) VALUES (47, '2007-12-24', 1, '1994-10-14', 'F1W67ZG5M6392F7K6', 'Clemencia2002')
INSERT dbo.material(id, created_date, deleted, updated_date, code, name) VALUES (48, '1989-01-06', 0, '1971-11-17', 'L3FF3S4TO33X8Y958K9MYDNN3GA36VFDHQ38TF7O043L85J3FG5729J39Z0YUDRQCK4NW63Q79ZOTZ97P1HQ0JCXAZ4HTF26FV8J', 'Beau1957')
INSERT dbo.material(id, created_date, deleted, updated_date, code, name) VALUES (49, '1974-04-22', 0, '1986-09-18', '5P', 'Marylin1970')
INSERT dbo.material(id, created_date, deleted, updated_date, code, name) VALUES (50, '2017-05-26', 0, '2008-01-28', '99NMSJ34MHFT53Q1S9KN5N', 'Barksdale2021')
GO
SET IDENTITY_INSERT dbo.material OFF
GO

--
-- Inserting data into table dbo.origin
--
SET IDENTITY_INSERT dbo.origin ON
GO
INSERT dbo.origin(id, created_date, deleted, updated_date, code, name) VALUES (1, '2017-10-29', 1, '1970-04-01', 'X5NX1ZZ', 'Keenan2027')
INSERT dbo.origin(id, created_date, deleted, updated_date, code, name) VALUES (2, '1970-03-30', 1, '1970-04-19', 'HB9W143', 'Lively2026')
INSERT dbo.origin(id, created_date, deleted, updated_date, code, name) VALUES (3, '1973-05-03', 1, '2020-06-23', 'AJ2H9S8', 'Vicenta6')
INSERT dbo.origin(id, created_date, deleted, updated_date, code, name) VALUES (4, '1970-02-23', 0, '1970-01-06', 'QBMAE44', 'Kendrick2018')
INSERT dbo.origin(id, created_date, deleted, updated_date, code, name) VALUES (5, '1983-08-01', 0, '1971-01-28', '2C6CTCD', 'Adam2013')
INSERT dbo.origin(id, created_date, deleted, updated_date, code, name) VALUES (6, '2008-01-22', 1, '1990-03-09', '28094WL', 'Herschel799')
INSERT dbo.origin(id, created_date, deleted, updated_date, code, name) VALUES (7, '1987-02-25', 1, '1970-07-16', '63LLFK3', 'Artie2007')
INSERT dbo.origin(id, created_date, deleted, updated_date, code, name) VALUES (8, '1987-03-26', 1, '1970-01-08', 'I05S3N0', 'Hassan1980')
INSERT dbo.origin(id, created_date, deleted, updated_date, code, name) VALUES (9, '1971-10-14', 1, '1975-06-02', '37SCN9K', 'Jefferson661')
INSERT dbo.origin(id, created_date, deleted, updated_date, code, name) VALUES (10, '1973-10-13', 0, '2006-08-24', '8401F05', 'Antonio1983')
INSERT dbo.origin(id, created_date, deleted, updated_date, code, name) VALUES (11, '2015-07-13', 0, '1970-01-09', 'OQ6J5P1', 'Maxwell12')
INSERT dbo.origin(id, created_date, deleted, updated_date, code, name) VALUES (12, '2001-10-12', 1, '1976-11-21', '11XK43A', 'Aguilar589')
INSERT dbo.origin(id, created_date, deleted, updated_date, code, name) VALUES (13, '1981-10-29', 0, '1988-07-08', 'O5144B3', 'Shaunda2000')
INSERT dbo.origin(id, created_date, deleted, updated_date, code, name) VALUES (14, '2017-01-26', 1, '1978-03-12', 'WG7C9X0', 'Demetria187')
INSERT dbo.origin(id, created_date, deleted, updated_date, code, name) VALUES (15, '2009-10-30', 0, '1982-12-28', 'X511B99', 'Detra286')
INSERT dbo.origin(id, created_date, deleted, updated_date, code, name) VALUES (16, '2013-06-07', 0, '1970-09-26', 'W1AQX2H', 'Jason2027')
INSERT dbo.origin(id, created_date, deleted, updated_date, code, name) VALUES (17, '1973-03-27', 0, '2023-05-19', 'O9Q743Z', 'Jospeh6')
INSERT dbo.origin(id, created_date, deleted, updated_date, code, name) VALUES (18, '1977-07-07', 1, '2013-11-24', '3L28ZHZ', 'Renae1990')
INSERT dbo.origin(id, created_date, deleted, updated_date, code, name) VALUES (19, '2010-06-23', 1, '1990-03-23', 'CCJ8IF3', 'Mason2022')
INSERT dbo.origin(id, created_date, deleted, updated_date, code, name) VALUES (20, '2004-09-18', 1, '1993-11-11', '6B96L28', 'Keith15')
INSERT dbo.origin(id, created_date, deleted, updated_date, code, name) VALUES (21, '1975-09-19', 0, '2011-09-22', 'H13XQGT', 'Adina9')
INSERT dbo.origin(id, created_date, deleted, updated_date, code, name) VALUES (22, '1973-08-23', 0, '1970-07-12', 'ISM5V3X', 'Kiefer96')
INSERT dbo.origin(id, created_date, deleted, updated_date, code, name) VALUES (23, '1979-08-01', 0, '2002-11-09', 'JEYQ6V5', 'Adolph2024')
INSERT dbo.origin(id, created_date, deleted, updated_date, code, name) VALUES (24, '1992-05-21', 0, '1988-04-30', 'A21A99F', 'Felicidad5')
INSERT dbo.origin(id, created_date, deleted, updated_date, code, name) VALUES (25, '1987-09-15', 1, '2008-08-04', 'TL98S93', 'Case53')
INSERT dbo.origin(id, created_date, deleted, updated_date, code, name) VALUES (26, '2009-03-26', 0, '1986-05-15', 'IEOJ7M6', 'Cherryl745')
INSERT dbo.origin(id, created_date, deleted, updated_date, code, name) VALUES (27, '1970-01-04', 1, '1981-04-02', '85G4182', 'Telma36')
INSERT dbo.origin(id, created_date, deleted, updated_date, code, name) VALUES (28, '1995-02-19', 1, '1978-07-03', '1NOQ8AQ', 'Naoma87')
INSERT dbo.origin(id, created_date, deleted, updated_date, code, name) VALUES (29, '1973-06-21', 1, '1992-08-16', 'H6240YK', 'Alanna979')
INSERT dbo.origin(id, created_date, deleted, updated_date, code, name) VALUES (30, '1973-10-03', 0, '2003-10-22', 'G638T2D', 'Dusti697')
INSERT dbo.origin(id, created_date, deleted, updated_date, code, name) VALUES (31, '1971-10-11', 0, '2006-10-18', '5IEK7K2', 'Colette273')
INSERT dbo.origin(id, created_date, deleted, updated_date, code, name) VALUES (32, '1976-04-07', 0, '1991-06-28', 'FC08M07', 'Quentin1951')
INSERT dbo.origin(id, created_date, deleted, updated_date, code, name) VALUES (33, '1970-01-07', 0, '1974-07-09', '79EA3EP', 'Eveline1977')
INSERT dbo.origin(id, created_date, deleted, updated_date, code, name) VALUES (34, '2021-01-08', 0, '2020-04-01', '9Z3R6KC', 'Khalilah2005')
INSERT dbo.origin(id, created_date, deleted, updated_date, code, name) VALUES (35, '2001-02-24', 1, '2016-05-29', 'RC61E3H', 'Corina2018')
INSERT dbo.origin(id, created_date, deleted, updated_date, code, name) VALUES (36, '1996-09-29', 0, '1970-01-02', 'M502YKK', 'Spinks1983')
INSERT dbo.origin(id, created_date, deleted, updated_date, code, name) VALUES (37, '1987-07-07', 1, '1970-01-01', 'P575TU0', 'Addie1966')
INSERT dbo.origin(id, created_date, deleted, updated_date, code, name) VALUES (38, '1971-06-17', 1, '1976-11-29', '1MXP825', 'Roma762')
INSERT dbo.origin(id, created_date, deleted, updated_date, code, name) VALUES (39, '2015-09-18', 1, '1992-09-29', '87JXOA5', 'Paige836')
INSERT dbo.origin(id, created_date, deleted, updated_date, code, name) VALUES (40, '1970-01-09', 0, '1970-01-10', '51PFG96', 'Talley972')
INSERT dbo.origin(id, created_date, deleted, updated_date, code, name) VALUES (41, '2007-06-26', 1, '2008-11-09', '4372P0S', 'Catheryn2026')
INSERT dbo.origin(id, created_date, deleted, updated_date, code, name) VALUES (42, '1998-12-07', 1, '1980-06-19', '5F9O2E0', 'Carmen1991')
INSERT dbo.origin(id, created_date, deleted, updated_date, code, name) VALUES (43, '1978-07-14', 1, '2009-05-07', 'I89IOSZ', 'Kenney3')
INSERT dbo.origin(id, created_date, deleted, updated_date, code, name) VALUES (44, '1970-06-23', 1, '2013-05-24', 'S8599SE', 'Cyril2020')
INSERT dbo.origin(id, created_date, deleted, updated_date, code, name) VALUES (45, '1983-09-09', 0, '1980-07-07', 'Z548TVO', 'Aleta495')
INSERT dbo.origin(id, created_date, deleted, updated_date, code, name) VALUES (46, '1983-05-02', 1, '1973-03-21', 'GNSO5D2', 'Acevedo845')
INSERT dbo.origin(id, created_date, deleted, updated_date, code, name) VALUES (47, '2019-11-14', 0, '1985-12-11', 'S3S576B', 'Abel2027')
INSERT dbo.origin(id, created_date, deleted, updated_date, code, name) VALUES (48, '2002-09-22', 0, '1996-06-06', '5QKONE9', 'Bauer2028')
INSERT dbo.origin(id, created_date, deleted, updated_date, code, name) VALUES (49, '1974-04-07', 0, '1973-12-26', 'WOJI94J', 'Cooke61')
INSERT dbo.origin(id, created_date, deleted, updated_date, code, name) VALUES (50, '2019-09-12', 0, '1970-01-06', '55QDRFE', 'Clair611')
GO
SET IDENTITY_INSERT dbo.origin OFF
GO

--
-- Inserting data into table dbo.payment
--
SET IDENTITY_INSERT dbo.payment ON
GO
INSERT dbo.payment(id, created_date, updated_date, code) VALUES (1, '1991-03-30', '2011-06-02', '7LB14W9')
INSERT dbo.payment(id, created_date, updated_date, code) VALUES (2, '1982-09-06', '2010-08-12', 'ORGHQ78')
INSERT dbo.payment(id, created_date, updated_date, code) VALUES (3, '1990-03-15', '2003-06-11', '24820R3')
INSERT dbo.payment(id, created_date, updated_date, code) VALUES (4, '1970-07-09', '1970-02-28', '00XU00W')
INSERT dbo.payment(id, created_date, updated_date, code) VALUES (5, '2021-07-19', '1986-05-03', 'JYI0K3J')
INSERT dbo.payment(id, created_date, updated_date, code) VALUES (6, '1970-04-10', '2011-11-27', '20J6011')
INSERT dbo.payment(id, created_date, updated_date, code) VALUES (7, '1995-10-11', '2002-04-25', '02RP7BD')
INSERT dbo.payment(id, created_date, updated_date, code) VALUES (8, '1970-01-05', '1991-10-04', '44B837J')
INSERT dbo.payment(id, created_date, updated_date, code) VALUES (9, '1984-05-10', '1970-11-14', '104GFXC')
INSERT dbo.payment(id, created_date, updated_date, code) VALUES (10, '1996-05-29', '2022-08-24', '8CY9EO0')
INSERT dbo.payment(id, created_date, updated_date, code) VALUES (11, '1970-04-25', '1983-09-13', 'G89K547')
INSERT dbo.payment(id, created_date, updated_date, code) VALUES (12, '1970-03-20', '1995-02-12', 'D9P8PSG')
INSERT dbo.payment(id, created_date, updated_date, code) VALUES (13, '2019-03-29', '1994-01-23', 'J93IQYZ')
INSERT dbo.payment(id, created_date, updated_date, code) VALUES (14, '1971-10-19', '1970-02-10', '6D329VP')
INSERT dbo.payment(id, created_date, updated_date, code) VALUES (15, '1980-02-14', '1970-01-08', 'S7ITT9S')
INSERT dbo.payment(id, created_date, updated_date, code) VALUES (16, '1970-01-04', '2003-03-07', 'J5HGD3E')
INSERT dbo.payment(id, created_date, updated_date, code) VALUES (17, '1999-01-26', '1974-04-11', '8ZZUQHM')
INSERT dbo.payment(id, created_date, updated_date, code) VALUES (18, '2006-10-10', '1970-01-01', 'Z5OGJQ4')
INSERT dbo.payment(id, created_date, updated_date, code) VALUES (19, '1970-01-05', '2003-05-14', 'T92X145')
INSERT dbo.payment(id, created_date, updated_date, code) VALUES (20, '1993-09-02', '1999-05-01', '01CMN9F')
INSERT dbo.payment(id, created_date, updated_date, code) VALUES (21, '2023-04-26', '1991-03-22', '9AHDS5Z')
INSERT dbo.payment(id, created_date, updated_date, code) VALUES (22, '2019-12-04', '2020-03-25', '424415T')
INSERT dbo.payment(id, created_date, updated_date, code) VALUES (23, '1978-12-20', '2006-05-24', 'U95IG4E')
INSERT dbo.payment(id, created_date, updated_date, code) VALUES (24, '1978-06-26', '1992-10-04', 'RXN42XT')
INSERT dbo.payment(id, created_date, updated_date, code) VALUES (25, '2018-04-08', '2000-02-21', '67O1126')
INSERT dbo.payment(id, created_date, updated_date, code) VALUES (26, '2004-02-14', '2010-08-20', 'G89VUKZ')
INSERT dbo.payment(id, created_date, updated_date, code) VALUES (27, '1970-01-08', '1993-03-16', '0RMN90P')
INSERT dbo.payment(id, created_date, updated_date, code) VALUES (28, '1970-04-09', '2013-03-18', '5629164')
INSERT dbo.payment(id, created_date, updated_date, code) VALUES (29, '1970-01-09', '1991-06-17', 'L8EPSM5')
INSERT dbo.payment(id, created_date, updated_date, code) VALUES (30, '2008-10-18', '2010-05-08', '3GOA54D')
INSERT dbo.payment(id, created_date, updated_date, code) VALUES (31, '2001-01-05', '1988-07-21', 'YC2F80T')
INSERT dbo.payment(id, created_date, updated_date, code) VALUES (32, '1992-12-01', '2017-07-16', 'G4UG3PX')
INSERT dbo.payment(id, created_date, updated_date, code) VALUES (33, '1972-07-23', '1970-01-03', '951V6ST')
INSERT dbo.payment(id, created_date, updated_date, code) VALUES (34, '1970-01-21', '1991-07-03', 'X6OH933')
INSERT dbo.payment(id, created_date, updated_date, code) VALUES (35, '1996-01-02', '2009-11-14', '0Z9N801')
INSERT dbo.payment(id, created_date, updated_date, code) VALUES (36, '2012-03-24', '1970-01-08', 'EB45131')
INSERT dbo.payment(id, created_date, updated_date, code) VALUES (37, '1970-01-02', '1971-03-27', '17CH2KW')
INSERT dbo.payment(id, created_date, updated_date, code) VALUES (38, '1974-01-24', '2015-01-12', '44CLCDJ')
INSERT dbo.payment(id, created_date, updated_date, code) VALUES (39, '1970-01-02', '1970-03-13', '5PVDR5R')
INSERT dbo.payment(id, created_date, updated_date, code) VALUES (40, '2012-11-24', '1981-10-20', 'R5VU25D')
INSERT dbo.payment(id, created_date, updated_date, code) VALUES (41, '2007-03-11', '2009-10-04', 'IG08469')
INSERT dbo.payment(id, created_date, updated_date, code) VALUES (42, '2008-03-23', '2010-07-13', '1N32T08')
INSERT dbo.payment(id, created_date, updated_date, code) VALUES (43, '2006-08-31', '1970-01-03', 'T2FVJ1J')
INSERT dbo.payment(id, created_date, updated_date, code) VALUES (44, '2007-08-24', '1970-03-05', '5EHHI02')
INSERT dbo.payment(id, created_date, updated_date, code) VALUES (45, '1970-01-02', '2006-12-22', 'LX41MDV')
INSERT dbo.payment(id, created_date, updated_date, code) VALUES (46, '2004-07-30', '1970-04-06', '8YQNT92')
INSERT dbo.payment(id, created_date, updated_date, code) VALUES (47, '1987-03-22', '2000-03-03', '740RCW2')
INSERT dbo.payment(id, created_date, updated_date, code) VALUES (48, '2002-03-08', '1999-06-14', '2KD1WPN')
INSERT dbo.payment(id, created_date, updated_date, code) VALUES (49, '1978-08-15', '1983-03-31', 'VXAM508')
INSERT dbo.payment(id, created_date, updated_date, code) VALUES (50, '2023-07-11', '1970-03-02', '09364MA')
GO
SET IDENTITY_INSERT dbo.payment OFF
GO

--
-- Inserting data into table dbo.product
--
SET IDENTITY_INSERT dbo.product ON
GO
INSERT dbo.product(id, created_date, deleted, updated_date, code, name) VALUES (1, '1981-11-10', 1, '2001-11-14', 'O9K4M1R1YK986', 'Comtaicer')
INSERT dbo.product(id, created_date, deleted, updated_date, code, name) VALUES (2, '1970-03-05', 1, '1981-08-17', 'SBIL3P9EUD5M41G718Y6', 'Tetopentor')
INSERT dbo.product(id, created_date, deleted, updated_date, code, name) VALUES (3, '1981-02-13', 1, '2013-04-11', '421X65YW4907E46I65Q74812', 'Tablifiletphone')
INSERT dbo.product(id, created_date, deleted, updated_date, code, name) VALUES (4, '2017-07-22', 1, '1978-05-21', '85J0', 'Stereofinder')
INSERT dbo.product(id, created_date, deleted, updated_date, code, name) VALUES (5, '2022-09-08', 0, '2011-02-05', '0N', 'Transtaentor')
INSERT dbo.product(id, created_date, deleted, updated_date, code, name) VALUES (6, '2024-04-22', 0, '1989-01-10', 'ZB2KU0P05CJ3T5K5E91I70RL80V2GJX28QQJGM3U14XNP36P5R97VRRA0IZT4C8420ZQ', 'Compickor')
INSERT dbo.product(id, created_date, deleted, updated_date, code, name) VALUES (7, '1976-02-21', 1, '1989-04-12', 'R25FK17RPYHHCQYH', 'Charlictollor')
INSERT dbo.product(id, created_date, deleted, updated_date, code, name) VALUES (8, '2022-10-06', 1, '2003-03-13', 'R5UK158S3289S68V424OZU5JB', 'Subplotticphone')
INSERT dbo.product(id, created_date, deleted, updated_date, code, name) VALUES (9, '1971-06-30', 0, '2007-07-24', '74F17BAGYL798527PC35R86G0CMU4NUY4KAL3HE889KR6W2QWVB9N513L2QKOW934551PN', 'Readholdplry')
INSERT dbo.product(id, created_date, deleted, updated_date, code, name) VALUES (10, '1996-01-16', 1, '2008-03-09', 'D579FDZ6X5CVLCLPELR58D63G9G14L', 'Suppickpllet')
INSERT dbo.product(id, created_date, deleted, updated_date, code, name) VALUES (11, '2010-10-28', 0, '1970-03-29', 'I0D0OT5Y2317M1J6PJZ7G7', 'Proplottedlet')
INSERT dbo.product(id, created_date, deleted, updated_date, code, name) VALUES (12, '2012-04-03', 1, '2024-08-19', 'H1666DM', 'Translictridge')
INSERT dbo.product(id, created_date, deleted, updated_date, code, name) VALUES (13, '1970-03-04', 0, '1994-05-28', 'B8H893L0E8I6963080742E33ORF6BD', 'Tablictopor')
INSERT dbo.product(id, created_date, deleted, updated_date, code, name) VALUES (14, '2006-05-01', 1, '1997-01-09', '4Z7VN0L391HNG368ED7IMIE10C88NP', 'Tabnilet')
INSERT dbo.product(id, created_date, deleted, updated_date, code, name) VALUES (15, '1984-07-06', 1, '1975-04-07', 'S657TQ292JP2074S51Q644E0V78K', 'Commutphone')
INSERT dbo.product(id, created_date, deleted, updated_date, code, name) VALUES (16, '1970-01-02', 1, '2002-03-17', 'O5I0ZPOP2PJ4YV04W58876P0SDVLRVZ4PDUEI', 'Ampmutoner')
INSERT dbo.product(id, created_date, deleted, updated_date, code, name) VALUES (17, '2003-06-25', 1, '1996-11-16', 'X5UJHMWL7OA9602GP06OC731HOL933F6D7OP8DQ12A54YUN9B9A8JGNLN97NUO1YL779302W85W706BNM31689', 'Recordlet')
INSERT dbo.product(id, created_date, deleted, updated_date, code, name) VALUES (18, '2006-01-27', 0, '1970-04-02', 'HR72PC81K2V9JT30DM5', 'Tabcordphone')
INSERT dbo.product(id, created_date, deleted, updated_date, code, name) VALUES (19, '1983-05-14', 0, '1997-12-12', '56M5M37E44', 'Stereotinor')
INSERT dbo.product(id, created_date, deleted, updated_date, code, name) VALUES (20, '1988-09-18', 0, '2001-11-25', '6386L5F06R1WU7MUR7H6YX', 'Micputfiphone')
INSERT dbo.product(id, created_date, deleted, updated_date, code, name) VALUES (21, '1970-01-10', 1, '1970-01-07', '939RW5EL1D59EB0L', 'Comleplon')
INSERT dbo.product(id, created_date, deleted, updated_date, code, name) VALUES (22, '1970-01-06', 0, '2009-12-07', '7BI9TIV36', 'Speaklifiar')
INSERT dbo.product(id, created_date, deleted, updated_date, code, name) VALUES (23, '2022-04-23', 1, '2003-11-05', '71OJV353XPSMM073VH998RW0B69VBLG7ZBM', 'Bitinimor')
INSERT dbo.product(id, created_date, deleted, updated_date, code, name) VALUES (24, '2000-01-09', 1, '1970-01-08', 'G1WSECL15345O8KTISUA2SJ137FC1IP4C846C6BLA7HAH7YOC0A3H6S6239286', 'Carttellerra')
INSERT dbo.product(id, created_date, deleted, updated_date, code, name) VALUES (25, '2010-04-27', 0, '1972-01-15', '1BB', 'Printjecter')
INSERT dbo.product(id, created_date, deleted, updated_date, code, name) VALUES (26, '1973-04-15', 1, '1971-05-03', '22Q0GAPC120Q82T9K99FVB52603IHYH71F77M3UI746VTJXSA1RA1XI83CX649X1BO576ZF9UW196H68CT', 'Speakplottra')
INSERT dbo.product(id, created_date, deleted, updated_date, code, name) VALUES (27, '1980-08-16', 1, '1977-03-16', 'Y37PHC8P81E7G6I4VWNIJ2300U86J6WU5S13ZRSCO15BW', 'Transmutedgphone')
INSERT dbo.product(id, created_date, deleted, updated_date, code, name) VALUES (28, '1970-03-06', 0, '2019-04-05', '6PSPQ103RD5Q03C9CPDIH6LS299E0R6W68522W38GO99RZDP3', 'Monputlet')
INSERT dbo.product(id, created_date, deleted, updated_date, code, name) VALUES (29, '2008-07-15', 1, '1999-03-16', '714C70B85V60RU88291D57JDIX98O3W9778TM07UGH8MF1W8O5SJC00BSPP1LZU', 'Commutphone')
INSERT dbo.product(id, created_date, deleted, updated_date, code, name) VALUES (30, '1972-01-29', 0, '1985-08-10', 'SCTRC88619470WY1A0ZO04Y78MW', 'Miclegaor')
INSERT dbo.product(id, created_date, deleted, updated_date, code, name) VALUES (31, '1995-05-27', 1, '1973-08-02', 'QZE2V4C68C6YIL3FEDORBB1S1', 'Sublifieder')
INSERT dbo.product(id, created_date, deleted, updated_date, code, name) VALUES (32, '1998-06-22', 0, '1972-06-28', 'GZ7LMCQJ444515JAY49S8W0HCGQI420MH5ZB878O7027047R795U1I7JD708RS3PDY627', 'Anceivupator')
INSERT dbo.product(id, created_date, deleted, updated_date, code, name) VALUES (33, '1991-02-17', 1, '1970-01-06', 'G848T3J', 'Comlifiommon')
INSERT dbo.product(id, created_date, deleted, updated_date, code, name) VALUES (34, '1998-10-10', 0, '2014-07-04', 'VQU03', 'Chartaor')
INSERT dbo.product(id, created_date, deleted, updated_date, code, name) VALUES (35, '2000-06-11', 0, '1977-09-11', 'S66PHDA385N34POX0IU65S4', 'Reniollry')
INSERT dbo.product(id, created_date, deleted, updated_date, code, name) VALUES (36, '1971-05-18', 1, '1974-12-06', 'N1931E739TLO2LA55K0DTA9FFE60B2KYY768F46F238K8', 'Ampwoofer')
INSERT dbo.product(id, created_date, deleted, updated_date, code, name) VALUES (37, '1984-08-11', 0, '2006-05-05', '7751097', 'Proholdphone')
INSERT dbo.product(id, created_date, deleted, updated_date, code, name) VALUES (38, '1976-01-18', 1, '2001-02-27', 'KF3P712N2MQH3U10FINZE87', 'Tweetholdimar')
INSERT dbo.product(id, created_date, deleted, updated_date, code, name) VALUES (39, '2020-08-09', 0, '1984-07-13', '47D3YK9', 'Stereotopinlet')
INSERT dbo.product(id, created_date, deleted, updated_date, code, name) VALUES (40, '2017-12-03', 1, '1976-05-07', '2671PAW5ZLY64FWBJ2R4A22MM9216499X12591X1746AIURW6', 'Ampwoofexridge')
INSERT dbo.product(id, created_date, deleted, updated_date, code, name) VALUES (41, '1970-03-28', 1, '1979-07-08', 'I1S8855YW50346SM9', 'Supniinar')
INSERT dbo.product(id, created_date, deleted, updated_date, code, name) VALUES (42, '1971-05-14', 0, '2012-11-10', '0351AIH2M0594V34YK4N5SEQA3I96252TU722X7K7HP', 'Cabcesson')
INSERT dbo.product(id, created_date, deleted, updated_date, code, name) VALUES (43, '1971-01-15', 1, '1983-11-23', '2D6E406Q08R02742ZW4Z2N60B4LFXRADK4UR3QJ352', 'Transtinadar')
INSERT dbo.product(id, created_date, deleted, updated_date, code, name) VALUES (44, '1995-08-05', 0, '1986-11-16', 'HS6588AX037T83293GA0332J3KR6PH69PMIQP0L7L2PR9E73915', 'Printputommor')
INSERT dbo.product(id, created_date, deleted, updated_date, code, name) VALUES (45, '2019-11-18', 0, '2002-04-27', '67N1Z7T16230B81X6V3W9CAPW84353K4H19147WF4MP0OPE8L483P9A7733R9Q74L399G59O8Q20BKR99VHMR60C2372K0R4M', 'Tabtellefon')
INSERT dbo.product(id, created_date, deleted, updated_date, code, name) VALUES (46, '1992-04-23', 0, '2005-11-02', '314ICT0172O8', 'Armlicter')
INSERT dbo.product(id, created_date, deleted, updated_date, code, name) VALUES (47, '1970-03-02', 1, '1996-05-12', '20R9X', 'Readtinentor')
INSERT dbo.product(id, created_date, deleted, updated_date, code, name) VALUES (48, '1972-09-21', 0, '1976-08-25', 'VP607', 'Armlifier')
INSERT dbo.product(id, created_date, deleted, updated_date, code, name) VALUES (49, '2009-10-24', 1, '1986-11-21', 'S', 'Bimutscope')
INSERT dbo.product(id, created_date, deleted, updated_date, code, name) VALUES (50, '2007-10-17', 1, '1998-06-16', 'L3X654P1S1V5', 'Biculentor')
GO
SET IDENTITY_INSERT dbo.product OFF
GO

--
-- Inserting data into table dbo.role
--
SET IDENTITY_INSERT dbo.role ON
GO
INSERT dbo.role(id, created_date, updated_date, code) VALUES (1, '2012-12-30', '1983-11-08', 'C6537C0')
INSERT dbo.role(id, created_date, updated_date, code) VALUES (2, '1970-01-10', '1972-07-30', '0D8CSWP')
INSERT dbo.role(id, created_date, updated_date, code) VALUES (3, '2010-12-26', '2014-12-20', 'XV88F62')
INSERT dbo.role(id, created_date, updated_date, code) VALUES (4, '1985-05-28', '1984-09-15', 'B35BPSR')
INSERT dbo.role(id, created_date, updated_date, code) VALUES (5, '1992-06-05', '1972-08-26', 'HI25IE6')
INSERT dbo.role(id, created_date, updated_date, code) VALUES (6, '1993-06-10', '1972-07-18', 'B230WN2')
INSERT dbo.role(id, created_date, updated_date, code) VALUES (7, '1981-10-12', '1988-11-02', 'Z6D32JA')
INSERT dbo.role(id, created_date, updated_date, code) VALUES (8, '1971-09-24', '1972-09-13', 'M82O4U0')
INSERT dbo.role(id, created_date, updated_date, code) VALUES (9, '2020-05-07', '1970-01-08', 'R44L4HF')
INSERT dbo.role(id, created_date, updated_date, code) VALUES (10, '2024-05-24', '2018-07-20', 'B019BSW')
INSERT dbo.role(id, created_date, updated_date, code) VALUES (11, '1989-11-14', '2011-11-02', 'ZIFU5G7')
INSERT dbo.role(id, created_date, updated_date, code) VALUES (12, '1970-01-05', '1988-02-28', 'G23T17H')
INSERT dbo.role(id, created_date, updated_date, code) VALUES (13, '1997-08-25', '1970-08-28', 'R6CO90U')
INSERT dbo.role(id, created_date, updated_date, code) VALUES (14, '1970-01-08', '2021-02-16', '1Z27417')
INSERT dbo.role(id, created_date, updated_date, code) VALUES (15, '1982-12-22', '1970-02-03', '474370G')
INSERT dbo.role(id, created_date, updated_date, code) VALUES (16, '1982-02-21', '1970-01-02', '1L51W7C')
INSERT dbo.role(id, created_date, updated_date, code) VALUES (17, '1992-10-27', '1982-04-10', '6LZ2QQ6')
INSERT dbo.role(id, created_date, updated_date, code) VALUES (18, '1970-01-03', '1990-05-22', '97FH14Y')
INSERT dbo.role(id, created_date, updated_date, code) VALUES (19, '1970-03-22', '1970-01-01', '30V62RA')
INSERT dbo.role(id, created_date, updated_date, code) VALUES (20, '2010-11-07', '1987-05-27', '57KSGWB')
INSERT dbo.role(id, created_date, updated_date, code) VALUES (21, '1975-06-22', '1971-05-17', 'F79357N')
INSERT dbo.role(id, created_date, updated_date, code) VALUES (22, '1988-08-17', '1970-03-27', '59X1WX3')
INSERT dbo.role(id, created_date, updated_date, code) VALUES (23, '1970-01-10', '2015-03-20', 'BM5A063')
INSERT dbo.role(id, created_date, updated_date, code) VALUES (24, '2006-02-22', '1970-01-07', '96F90B4')
INSERT dbo.role(id, created_date, updated_date, code) VALUES (25, '2020-12-26', '1980-11-26', 'D57503F')
INSERT dbo.role(id, created_date, updated_date, code) VALUES (26, '1986-03-21', '2008-06-01', '8C961ID')
INSERT dbo.role(id, created_date, updated_date, code) VALUES (27, '2004-09-04', '2010-03-25', '0008H01')
INSERT dbo.role(id, created_date, updated_date, code) VALUES (28, '1978-11-10', '1973-12-10', 'M5HUSO3')
INSERT dbo.role(id, created_date, updated_date, code) VALUES (29, '1972-03-28', '1985-06-01', '0N783PJ')
INSERT dbo.role(id, created_date, updated_date, code) VALUES (30, '1970-01-29', '2015-07-25', 'F6C0C2S')
INSERT dbo.role(id, created_date, updated_date, code) VALUES (31, '1971-07-24', '1973-08-10', '3TX257V')
INSERT dbo.role(id, created_date, updated_date, code) VALUES (32, '2000-02-25', '2002-01-24', '182NTIT')
INSERT dbo.role(id, created_date, updated_date, code) VALUES (33, '1970-01-19', '1970-01-03', '79DAI6Q')
INSERT dbo.role(id, created_date, updated_date, code) VALUES (34, '1972-11-08', '1970-01-08', '79686H8')
INSERT dbo.role(id, created_date, updated_date, code) VALUES (35, '1996-12-19', '1970-01-08', 'ENH2LG8')
INSERT dbo.role(id, created_date, updated_date, code) VALUES (36, '1996-09-02', '1987-08-19', '52H22JJ')
INSERT dbo.role(id, created_date, updated_date, code) VALUES (37, '2019-05-31', '1979-02-10', '805FCN2')
INSERT dbo.role(id, created_date, updated_date, code) VALUES (38, '1970-03-28', '1971-11-12', '718O7C4')
INSERT dbo.role(id, created_date, updated_date, code) VALUES (39, '1994-04-18', '1990-07-24', 'V7GMOHB')
INSERT dbo.role(id, created_date, updated_date, code) VALUES (40, '2015-05-23', '1979-06-30', 'X4RKB6C')
INSERT dbo.role(id, created_date, updated_date, code) VALUES (41, '1974-12-04', '1970-02-19', '71P06H1')
INSERT dbo.role(id, created_date, updated_date, code) VALUES (42, '2006-12-09', '2005-07-29', 'W973RI6')
INSERT dbo.role(id, created_date, updated_date, code) VALUES (43, '1970-01-07', '1970-01-19', '8D916GQ')
INSERT dbo.role(id, created_date, updated_date, code) VALUES (44, '1971-05-18', '1986-11-26', '02Y7NGX')
INSERT dbo.role(id, created_date, updated_date, code) VALUES (45, '2006-08-21', '2012-05-27', 'F43UXCD')
INSERT dbo.role(id, created_date, updated_date, code) VALUES (46, '2008-11-14', '2001-01-17', '0AOW4JH')
INSERT dbo.role(id, created_date, updated_date, code) VALUES (47, '1995-03-05', '1977-12-17', '8AONT24')
INSERT dbo.role(id, created_date, updated_date, code) VALUES (48, '2001-05-05', '1982-11-11', '04583TZ')
INSERT dbo.role(id, created_date, updated_date, code) VALUES (49, '1987-03-02', '2014-11-04', 'MFG27LV')
INSERT dbo.role(id, created_date, updated_date, code) VALUES (50, '1996-09-13', '1970-01-05', '12R57PD')
GO
SET IDENTITY_INSERT dbo.role OFF
GO

--
-- Inserting data into table dbo.size
--
SET IDENTITY_INSERT dbo.size ON
GO
INSERT dbo.size(id, created_date, deleted, updated_date, code, name) VALUES (1, '2003-06-14', 1, '1973-11-22', '3328IQV', 'Gilbert1963')
INSERT dbo.size(id, created_date, deleted, updated_date, code, name) VALUES (2, '2008-05-24', 1, '1980-12-05', 'M2AM6V8', 'Carlo2019')
INSERT dbo.size(id, created_date, deleted, updated_date, code, name) VALUES (3, '2018-10-02', 1, '1970-01-07', '10W261Q', 'Arriaga1950')
INSERT dbo.size(id, created_date, deleted, updated_date, code, name) VALUES (4, '1983-01-21', 1, '2010-05-06', 'Z484518', 'Alicea1971')
INSERT dbo.size(id, created_date, deleted, updated_date, code, name) VALUES (5, '2022-10-22', 1, '1981-12-23', '5XH3E48', 'Michelina1953')
INSERT dbo.size(id, created_date, deleted, updated_date, code, name) VALUES (6, '1973-05-07', 1, '1985-01-12', 'LM8BLDV', 'Adelaida116')
INSERT dbo.size(id, created_date, deleted, updated_date, code, name) VALUES (7, '1970-03-22', 0, '1983-01-05', 'E116LB8', 'Oneil2016')
INSERT dbo.size(id, created_date, deleted, updated_date, code, name) VALUES (8, '1983-08-01', 1, '1988-02-23', 'SCK88CB', 'Bartholomew1968')
INSERT dbo.size(id, created_date, deleted, updated_date, code, name) VALUES (9, '1970-10-14', 1, '1988-01-21', '2X25D70', 'Lorelei2001')
INSERT dbo.size(id, created_date, deleted, updated_date, code, name) VALUES (10, '2018-03-29', 1, '2023-03-07', 'MAJ1IKH', 'Keisha325')
INSERT dbo.size(id, created_date, deleted, updated_date, code, name) VALUES (11, '2002-02-01', 1, '2002-02-17', '7YQ0A6A', 'Norberto48')
INSERT dbo.size(id, created_date, deleted, updated_date, code, name) VALUES (12, '1999-02-12', 0, '1970-03-10', '7D60EOG', 'Caskey4')
INSERT dbo.size(id, created_date, deleted, updated_date, code, name) VALUES (13, '2010-03-13', 1, '1978-01-10', '239W43C', 'Conklin1971')
INSERT dbo.size(id, created_date, deleted, updated_date, code, name) VALUES (14, '1970-02-14', 0, '1970-06-11', 'F2F115P', 'Beverly95')
INSERT dbo.size(id, created_date, deleted, updated_date, code, name) VALUES (15, '2012-05-29', 1, '1989-11-27', 'H6TD2BK', 'Clemons91')
INSERT dbo.size(id, created_date, deleted, updated_date, code, name) VALUES (16, '2021-10-12', 0, '2015-06-02', '5YK686X', 'Bittner2024')
INSERT dbo.size(id, created_date, deleted, updated_date, code, name) VALUES (17, '1993-05-28', 1, '1975-12-14', '6E945V9', 'Barbee7')
INSERT dbo.size(id, created_date, deleted, updated_date, code, name) VALUES (18, '1992-03-28', 1, '1979-11-06', 'B222IH6', 'French412')
INSERT dbo.size(id, created_date, deleted, updated_date, code, name) VALUES (19, '1981-12-22', 1, '2022-02-18', '6P839X6', 'Georgia633')
INSERT dbo.size(id, created_date, deleted, updated_date, code, name) VALUES (20, '1970-11-28', 1, '1980-01-30', '9LR8KMO', 'Chin1965')
INSERT dbo.size(id, created_date, deleted, updated_date, code, name) VALUES (21, '2008-03-27', 1, '1992-01-09', '47770XQ', 'Cota671')
INSERT dbo.size(id, created_date, deleted, updated_date, code, name) VALUES (22, '1980-08-10', 0, '2023-05-16', '664IRI3', 'Rosaline39')
INSERT dbo.size(id, created_date, deleted, updated_date, code, name) VALUES (23, '1973-04-19', 1, '1995-12-23', 'OI3C0WS', 'Adam517')
INSERT dbo.size(id, created_date, deleted, updated_date, code, name) VALUES (24, '1995-04-05', 1, '2007-04-25', '4OAZBH0', 'Mallory1967')
INSERT dbo.size(id, created_date, deleted, updated_date, code, name) VALUES (25, '1987-03-07', 0, '1971-12-31', 'RY72V9J', 'Vest2019')
INSERT dbo.size(id, created_date, deleted, updated_date, code, name) VALUES (26, '1970-01-03', 1, '2004-12-20', 'D9PO4YD', 'Bob2025')
INSERT dbo.size(id, created_date, deleted, updated_date, code, name) VALUES (27, '2005-07-27', 1, '2008-03-29', 'BT34M63', 'Sharie574')
INSERT dbo.size(id, created_date, deleted, updated_date, code, name) VALUES (28, '1970-02-24', 1, '2019-06-11', 'UXGZ3YR', 'Scott1974')
INSERT dbo.size(id, created_date, deleted, updated_date, code, name) VALUES (29, '1970-01-28', 1, '1989-07-10', '91F11MD', 'Copeland7')
INSERT dbo.size(id, created_date, deleted, updated_date, code, name) VALUES (30, '1993-12-04', 0, '2005-06-29', 'V41J58P', 'Josue569')
INSERT dbo.size(id, created_date, deleted, updated_date, code, name) VALUES (31, '1989-03-29', 1, '1980-03-27', '97NN01X', 'Hilliard1954')
INSERT dbo.size(id, created_date, deleted, updated_date, code, name) VALUES (32, '2016-03-28', 1, '2010-10-17', '9HLV05I', 'Malcolm515')
INSERT dbo.size(id, created_date, deleted, updated_date, code, name) VALUES (33, '2021-11-06', 1, '2003-01-08', '8H4U6NJ', 'Tracy1998')
INSERT dbo.size(id, created_date, deleted, updated_date, code, name) VALUES (34, '1994-11-22', 1, '1998-11-21', 'CDKC204', 'Grigsby2021')
INSERT dbo.size(id, created_date, deleted, updated_date, code, name) VALUES (35, '1986-08-06', 0, '2002-09-08', 'XBW61EB', 'Roby833')
INSERT dbo.size(id, created_date, deleted, updated_date, code, name) VALUES (36, '2019-12-05', 0, '1970-01-02', '6UWKQVQ', 'Graham2020')
INSERT dbo.size(id, created_date, deleted, updated_date, code, name) VALUES (37, '1977-11-03', 0, '2003-06-03', 'J77A546', 'Michel2004')
INSERT dbo.size(id, created_date, deleted, updated_date, code, name) VALUES (38, '2020-11-08', 0, '1986-09-01', 'A0B16S2', 'Gearldine1955')
INSERT dbo.size(id, created_date, deleted, updated_date, code, name) VALUES (39, '1978-07-18', 0, '1984-01-10', '2H5P612', 'German993')
INSERT dbo.size(id, created_date, deleted, updated_date, code, name) VALUES (40, '1970-01-27', 0, '2021-01-05', '68B64F8', 'Chavez252')
INSERT dbo.size(id, created_date, deleted, updated_date, code, name) VALUES (41, '1982-01-03', 1, '1970-01-03', '6PS0D8J', 'Allena1953')
INSERT dbo.size(id, created_date, deleted, updated_date, code, name) VALUES (42, '1976-01-18', 1, '1994-02-11', '0518874', 'Benoit533')
INSERT dbo.size(id, created_date, deleted, updated_date, code, name) VALUES (43, '2000-07-12', 1, '1970-01-25', 'LE4X6DE', 'Margarito833')
INSERT dbo.size(id, created_date, deleted, updated_date, code, name) VALUES (44, '1970-01-10', 0, '1970-01-03', '1IQ78E0', 'Laraine2021')
INSERT dbo.size(id, created_date, deleted, updated_date, code, name) VALUES (45, '1970-02-02', 0, '2020-04-25', '0Y1ZO67', 'Bobbitt1')
INSERT dbo.size(id, created_date, deleted, updated_date, code, name) VALUES (46, '1970-02-09', 0, '1975-03-28', '001CD4Q', 'Faustino1')
INSERT dbo.size(id, created_date, deleted, updated_date, code, name) VALUES (47, '1970-08-27', 1, '2008-05-04', '96GOBZ0', 'Nichol62')
INSERT dbo.size(id, created_date, deleted, updated_date, code, name) VALUES (48, '2005-05-16', 1, '1988-02-10', '1E038H1', 'Adam229')
INSERT dbo.size(id, created_date, deleted, updated_date, code, name) VALUES (49, '1981-04-03', 0, '1976-09-12', 'DI3F9A8', 'Janetta1960')
INSERT dbo.size(id, created_date, deleted, updated_date, code, name) VALUES (50, '2001-12-26', 0, '1988-08-11', '2GQ60OB', 'Jamison2')
GO
SET IDENTITY_INSERT dbo.size OFF
GO

--
-- Inserting data into table dbo.sleeve
--
SET IDENTITY_INSERT dbo.sleeve ON
GO
INSERT dbo.sleeve(id, created_date, deleted, updated_date, code, name) VALUES (1, '1993-11-26', 1, '2019-01-13', 'E4H0Z03', 'Mccaffrey48')
INSERT dbo.sleeve(id, created_date, deleted, updated_date, code, name) VALUES (2, '1970-03-11', 0, '1989-10-04', 'H4N884G', 'Hoy973')
INSERT dbo.sleeve(id, created_date, deleted, updated_date, code, name) VALUES (3, '2009-09-11', 1, '2009-04-19', 'ITI0S05', 'Dennis1958')
INSERT dbo.sleeve(id, created_date, deleted, updated_date, code, name) VALUES (4, '1970-11-25', 1, '1987-07-28', '973FZUV', 'Demarcus372')
INSERT dbo.sleeve(id, created_date, deleted, updated_date, code, name) VALUES (5, '2001-08-12', 1, '2006-09-27', '27BS25B', 'Delmar4')
INSERT dbo.sleeve(id, created_date, deleted, updated_date, code, name) VALUES (6, '2007-10-14', 1, '1970-01-05', '9TLJO30', 'Dodd1956')
INSERT dbo.sleeve(id, created_date, deleted, updated_date, code, name) VALUES (7, '2001-08-12', 0, '1977-06-02', 'VS5Z6QM', 'Tanner2005')
INSERT dbo.sleeve(id, created_date, deleted, updated_date, code, name) VALUES (8, '2005-11-19', 1, '1983-12-29', '9S1CQ41', 'Tabatha1980')
INSERT dbo.sleeve(id, created_date, deleted, updated_date, code, name) VALUES (9, '2023-09-20', 1, '1989-06-24', '85672TS', 'Hale1')
INSERT dbo.sleeve(id, created_date, deleted, updated_date, code, name) VALUES (10, '1996-02-11', 1, '2020-03-11', '0Y73LCB', 'Cheyenne995')
INSERT dbo.sleeve(id, created_date, deleted, updated_date, code, name) VALUES (11, '1984-08-02', 0, '1985-03-06', '8L3Y413', 'Carlos7')
INSERT dbo.sleeve(id, created_date, deleted, updated_date, code, name) VALUES (12, '2014-02-26', 1, '2002-01-12', 'YMQ39V5', 'Raymundo1980')
INSERT dbo.sleeve(id, created_date, deleted, updated_date, code, name) VALUES (13, '2000-06-22', 0, '1994-08-20', '5GGWU10', 'Davis377')
INSERT dbo.sleeve(id, created_date, deleted, updated_date, code, name) VALUES (14, '1988-06-21', 1, '1993-03-04', '36AIABR', 'Brain27')
INSERT dbo.sleeve(id, created_date, deleted, updated_date, code, name) VALUES (15, '1970-01-03', 0, '2009-05-25', 'E5PMY7N', 'Emery2016')
INSERT dbo.sleeve(id, created_date, deleted, updated_date, code, name) VALUES (16, '1991-04-20', 0, '1970-08-22', '206ECTM', 'Gregory1954')
INSERT dbo.sleeve(id, created_date, deleted, updated_date, code, name) VALUES (17, '1981-11-21', 1, '2011-09-01', '2L26K8G', 'Emilie1957')
INSERT dbo.sleeve(id, created_date, deleted, updated_date, code, name) VALUES (18, '1985-01-30', 0, '1972-01-01', 'BMFSY2P', 'Abel2012')
INSERT dbo.sleeve(id, created_date, deleted, updated_date, code, name) VALUES (19, '1979-12-25', 1, '1993-01-27', 'W21Y073', 'Hipolito1963')
INSERT dbo.sleeve(id, created_date, deleted, updated_date, code, name) VALUES (20, '1970-08-24', 1, '2000-06-14', 'GG305F0', 'Christene1950')
INSERT dbo.sleeve(id, created_date, deleted, updated_date, code, name) VALUES (21, '1970-03-06', 0, '1970-01-10', 'BDW2FC0', 'Beckie14')
INSERT dbo.sleeve(id, created_date, deleted, updated_date, code, name) VALUES (22, '2021-02-16', 1, '1995-03-29', '7015549', 'Ricarda1989')
INSERT dbo.sleeve(id, created_date, deleted, updated_date, code, name) VALUES (23, '1993-05-03', 0, '1975-02-04', 'TG1D95O', 'Mayola1981')
INSERT dbo.sleeve(id, created_date, deleted, updated_date, code, name) VALUES (24, '2003-10-03', 0, '2017-06-08', 'ZPMFTF6', 'Trout59')
INSERT dbo.sleeve(id, created_date, deleted, updated_date, code, name) VALUES (25, '1998-02-05', 0, '1986-07-31', '6N4W3C7', 'Jody1969')
INSERT dbo.sleeve(id, created_date, deleted, updated_date, code, name) VALUES (26, '1971-02-13', 1, '1991-06-04', 'XWM9Q64', 'Judi383')
INSERT dbo.sleeve(id, created_date, deleted, updated_date, code, name) VALUES (27, '1978-02-04', 0, '1999-12-15', 'W7Z9W0C', 'Jared1990')
INSERT dbo.sleeve(id, created_date, deleted, updated_date, code, name) VALUES (28, '1970-02-14', 1, '1970-03-26', 'ACLTU3L', 'Benito75')
INSERT dbo.sleeve(id, created_date, deleted, updated_date, code, name) VALUES (29, '2022-04-11', 0, '1988-03-04', 'MS5WN56', 'Hatfield453')
INSERT dbo.sleeve(id, created_date, deleted, updated_date, code, name) VALUES (30, '2019-02-16', 1, '1972-12-15', '18B1LG0', 'Gerald2028')
INSERT dbo.sleeve(id, created_date, deleted, updated_date, code, name) VALUES (31, '2019-12-20', 1, '1970-01-05', '39A2116', 'Dorman2025')
INSERT dbo.sleeve(id, created_date, deleted, updated_date, code, name) VALUES (32, '2003-08-02', 0, '1970-01-07', 'TOJB7X2', 'Dwight7')
INSERT dbo.sleeve(id, created_date, deleted, updated_date, code, name) VALUES (33, '1974-02-21', 0, '1990-04-20', 'W16MAJ9', 'Dayna1973')
INSERT dbo.sleeve(id, created_date, deleted, updated_date, code, name) VALUES (34, '1981-11-26', 1, '1996-11-09', 'D6WKSJ2', 'Melania1969')
INSERT dbo.sleeve(id, created_date, deleted, updated_date, code, name) VALUES (35, '1970-06-26', 1, '1996-03-05', 'BBLD1VZ', 'Berry2012')
INSERT dbo.sleeve(id, created_date, deleted, updated_date, code, name) VALUES (36, '1970-05-06', 0, '1978-02-21', '37NY9CC', 'Rhett135')
INSERT dbo.sleeve(id, created_date, deleted, updated_date, code, name) VALUES (37, '1997-10-07', 1, '2023-04-08', '9913GQ1', 'Pedro678')
INSERT dbo.sleeve(id, created_date, deleted, updated_date, code, name) VALUES (38, '1991-05-14', 1, '2003-12-19', 'PM22ZHK', 'Fincher2026')
INSERT dbo.sleeve(id, created_date, deleted, updated_date, code, name) VALUES (39, '1995-12-26', 1, '1970-02-20', 'P0B098D', 'Simon1996')
INSERT dbo.sleeve(id, created_date, deleted, updated_date, code, name) VALUES (40, '1976-04-01', 0, '1975-03-16', '89502OU', 'Bertrand168')
INSERT dbo.sleeve(id, created_date, deleted, updated_date, code, name) VALUES (41, '1970-01-09', 0, '1993-02-08', 'SMIT497', 'Howard2016')
INSERT dbo.sleeve(id, created_date, deleted, updated_date, code, name) VALUES (42, '1970-03-24', 0, '2000-08-09', 'FM8LCWI', 'Harder1960')
INSERT dbo.sleeve(id, created_date, deleted, updated_date, code, name) VALUES (43, '1972-04-22', 1, '2000-01-11', 'SRMWUZJ', 'Sturgill197')
INSERT dbo.sleeve(id, created_date, deleted, updated_date, code, name) VALUES (44, '1986-09-16', 1, '1970-01-02', 'K1LE47W', 'Abraham1958')
INSERT dbo.sleeve(id, created_date, deleted, updated_date, code, name) VALUES (45, '2001-06-02', 0, '2000-03-08', 'I4J7XG0', 'Ezra64')
INSERT dbo.sleeve(id, created_date, deleted, updated_date, code, name) VALUES (46, '2015-02-09', 0, '1970-01-01', 'KI8TO8Y', 'Johnathon2027')
INSERT dbo.sleeve(id, created_date, deleted, updated_date, code, name) VALUES (47, '1998-06-28', 0, '2000-07-11', '3I474P0', 'Abel493')
INSERT dbo.sleeve(id, created_date, deleted, updated_date, code, name) VALUES (48, '1979-08-06', 1, '1972-08-13', '9I350HG', 'Freeman435')
INSERT dbo.sleeve(id, created_date, deleted, updated_date, code, name) VALUES (49, '2008-06-09', 1, '1970-09-23', '776LC97', 'Jeramy976')
INSERT dbo.sleeve(id, created_date, deleted, updated_date, code, name) VALUES (50, '1981-01-10', 0, '2000-03-21', '5HC2B29', 'Rueben1995')
GO
SET IDENTITY_INSERT dbo.sleeve OFF
GO

--
-- Inserting data into table dbo.style
--
SET IDENTITY_INSERT dbo.style ON
GO
INSERT dbo.style(id, created_date, deleted, updated_date, code, name) VALUES (1, '1970-01-25', 1, '2024-08-06', '3ZZ5P3B', 'Alfonso855')
INSERT dbo.style(id, created_date, deleted, updated_date, code, name) VALUES (2, '1972-08-21', 0, '1970-07-12', '8ZT899M', 'Dorsey2016')
INSERT dbo.style(id, created_date, deleted, updated_date, code, name) VALUES (3, '1973-12-14', 1, '2022-12-09', 'JS6P40L', 'Manson1984')
INSERT dbo.style(id, created_date, deleted, updated_date, code, name) VALUES (4, '1978-09-07', 0, '2002-03-15', 'UM1D8CM', 'Kerry35')
INSERT dbo.style(id, created_date, deleted, updated_date, code, name) VALUES (5, '2016-11-26', 1, '1970-08-13', 'ID62E46', 'Refugia2023')
INSERT dbo.style(id, created_date, deleted, updated_date, code, name) VALUES (6, '1970-03-31', 1, '1971-03-24', 'DXCEL26', 'Burchett1952')
INSERT dbo.style(id, created_date, deleted, updated_date, code, name) VALUES (7, '1970-03-29', 0, '1970-05-21', '14GWG65', 'Golden677')
INSERT dbo.style(id, created_date, deleted, updated_date, code, name) VALUES (8, '1970-01-09', 0, '1970-01-03', '02CDJ7D', 'Soriano2028')
INSERT dbo.style(id, created_date, deleted, updated_date, code, name) VALUES (9, '1970-01-01', 1, '1973-09-27', '2T10Y84', 'Coleman975')
INSERT dbo.style(id, created_date, deleted, updated_date, code, name) VALUES (10, '1985-11-27', 0, '2008-02-13', 'QBQ9RB6', 'Abbie2008')
INSERT dbo.style(id, created_date, deleted, updated_date, code, name) VALUES (11, '1970-01-18', 1, '1996-09-01', '2FIE6VK', 'Maximo932')
INSERT dbo.style(id, created_date, deleted, updated_date, code, name) VALUES (12, '1972-02-14', 0, '2021-03-03', 'T22XUU0', 'Dell734')
INSERT dbo.style(id, created_date, deleted, updated_date, code, name) VALUES (13, '1970-03-23', 0, '2001-03-15', 'MD84Q89', 'Alley2024')
INSERT dbo.style(id, created_date, deleted, updated_date, code, name) VALUES (14, '1970-03-05', 0, '2016-03-25', '91HP55G', 'Lowell2001')
INSERT dbo.style(id, created_date, deleted, updated_date, code, name) VALUES (15, '2004-11-13', 0, '1975-05-16', '0BSLYAH', 'Abraham122')
INSERT dbo.style(id, created_date, deleted, updated_date, code, name) VALUES (16, '1980-02-18', 1, '2012-07-05', '5A27G58', 'Jerald2028')
INSERT dbo.style(id, created_date, deleted, updated_date, code, name) VALUES (17, '2001-04-24', 1, '2013-10-06', '79J2VT0', 'Chavis1991')
INSERT dbo.style(id, created_date, deleted, updated_date, code, name) VALUES (18, '1971-08-15', 0, '2012-10-23', 'DN5C29E', 'Abe5')
INSERT dbo.style(id, created_date, deleted, updated_date, code, name) VALUES (19, '1989-04-29', 1, '1987-02-11', 'H7OI231', 'Coleman82')
INSERT dbo.style(id, created_date, deleted, updated_date, code, name) VALUES (20, '1996-10-10', 0, '2002-10-19', '4394TWT', 'Bethanie2015')
INSERT dbo.style(id, created_date, deleted, updated_date, code, name) VALUES (21, '2013-07-28', 0, '1970-03-19', 'Q29TT65', 'Aubrey2003')
INSERT dbo.style(id, created_date, deleted, updated_date, code, name) VALUES (22, '2002-05-19', 1, '1995-03-02', 'UVMU95V', 'Harland1965')
INSERT dbo.style(id, created_date, deleted, updated_date, code, name) VALUES (23, '1979-08-18', 0, '1984-08-28', '38YV5H1', 'Kirsten133')
INSERT dbo.style(id, created_date, deleted, updated_date, code, name) VALUES (24, '1985-11-18', 1, '2012-06-02', '4GR8CCE', 'Bowers1995')
INSERT dbo.style(id, created_date, deleted, updated_date, code, name) VALUES (25, '1970-01-06', 1, '1970-03-24', 'U47QF02', 'Daniel623')
INSERT dbo.style(id, created_date, deleted, updated_date, code, name) VALUES (26, '1970-09-30', 0, '1993-02-27', '953UNRG', 'Vest638')
INSERT dbo.style(id, created_date, deleted, updated_date, code, name) VALUES (27, '1996-10-04', 0, '1971-10-13', 'GK9TVFW', 'Byers36')
INSERT dbo.style(id, created_date, deleted, updated_date, code, name) VALUES (28, '1970-03-08', 0, '2010-09-15', 'ZR3O7KK', 'Dunbar2027')
INSERT dbo.style(id, created_date, deleted, updated_date, code, name) VALUES (29, '1984-05-14', 0, '2020-05-03', '385XV5A', 'Addie2022')
INSERT dbo.style(id, created_date, deleted, updated_date, code, name) VALUES (30, '1970-04-10', 0, '1974-11-25', '417NVA0', 'Gregoria2014')
INSERT dbo.style(id, created_date, deleted, updated_date, code, name) VALUES (31, '2014-03-25', 0, '2020-08-19', 'N0J688I', 'Cinda557')
INSERT dbo.style(id, created_date, deleted, updated_date, code, name) VALUES (32, '1999-07-06', 0, '1980-03-13', 'R9440A7', 'Upshaw963')
INSERT dbo.style(id, created_date, deleted, updated_date, code, name) VALUES (33, '1970-11-23', 0, '1991-02-01', 'S187NZA', 'Alford1987')
INSERT dbo.style(id, created_date, deleted, updated_date, code, name) VALUES (34, '1970-01-08', 1, '1970-01-10', 'X578VVZ', 'Vivian2023')
INSERT dbo.style(id, created_date, deleted, updated_date, code, name) VALUES (35, '1970-01-03', 0, '2023-12-12', '8A31Q7H', 'Evers249')
INSERT dbo.style(id, created_date, deleted, updated_date, code, name) VALUES (36, '1988-03-28', 1, '1992-07-11', '74399QC', 'Woodrow1974')
INSERT dbo.style(id, created_date, deleted, updated_date, code, name) VALUES (37, '1995-06-12', 1, '2006-08-16', 'B0155HH', 'Laraine391')
INSERT dbo.style(id, created_date, deleted, updated_date, code, name) VALUES (38, '1992-06-03', 0, '2009-02-06', 'CI0N4O0', 'Antione1985')
INSERT dbo.style(id, created_date, deleted, updated_date, code, name) VALUES (39, '2012-12-11', 1, '1976-03-28', 'Z51N3JK', 'Delbert3')
INSERT dbo.style(id, created_date, deleted, updated_date, code, name) VALUES (40, '1970-06-24', 0, '1970-01-09', '43P52LL', 'Shay1962')
INSERT dbo.style(id, created_date, deleted, updated_date, code, name) VALUES (41, '1988-02-16', 1, '1970-01-05', '9Z58VE0', 'Nieves438')
INSERT dbo.style(id, created_date, deleted, updated_date, code, name) VALUES (42, '1980-10-23', 0, '1978-07-30', 'LKZL5TU', 'Alicea6')
INSERT dbo.style(id, created_date, deleted, updated_date, code, name) VALUES (43, '1988-11-02', 1, '1979-01-01', 'FBMXAD2', 'Fortner1962')
INSERT dbo.style(id, created_date, deleted, updated_date, code, name) VALUES (44, '1984-10-24', 0, '2003-02-16', '234A688', 'Ackerman2018')
INSERT dbo.style(id, created_date, deleted, updated_date, code, name) VALUES (45, '1997-04-17', 1, '2008-12-25', '4I07U2T', 'Nubia2004')
INSERT dbo.style(id, created_date, deleted, updated_date, code, name) VALUES (46, '2005-05-13', 0, '2016-10-14', '63LGEL7', 'Azucena545')
INSERT dbo.style(id, created_date, deleted, updated_date, code, name) VALUES (47, '1975-02-01', 1, '1992-12-06', 'O78RZEU', 'Jennifer1957')
INSERT dbo.style(id, created_date, deleted, updated_date, code, name) VALUES (48, '1993-05-21', 1, '1982-01-25', 'NVIO7F7', 'Rasheeda53')
INSERT dbo.style(id, created_date, deleted, updated_date, code, name) VALUES (49, '1987-11-05', 0, '1995-11-25', '2PXF5DH', 'Garrett1988')
INSERT dbo.style(id, created_date, deleted, updated_date, code, name) VALUES (50, '1972-01-07', 0, '2017-04-12', '2ZD97DE', 'Reagan2')
GO
SET IDENTITY_INSERT dbo.style OFF
GO

--
-- Inserting data into table dbo.sysdiagrams
--
SET IDENTITY_INSERT dbo.sysdiagrams ON
GO
INSERT dbo.sysdiagrams(diagram_id, name, principal_id, version, definition) VALUES (1, N'Norris244', 47, -1513594708, 0x44C6319AEA5FF1CD09DC0C2FF3)
INSERT dbo.sysdiagrams(diagram_id, name, principal_id, version, definition) VALUES (2, N'Greer1979', 9, -1481374140, 0x85CF7EA73A468F4F0E599F057341BC2FC63B0A428F39CFFEEBD072D104E9058791E2A039FA60C40958E8407420021FF2F589043DFF09BF065E803DB4F73FA6EC0B944345FDF43E340D05C4F291848FAA56B85A955FDA1445CD84F77772C7DFCC86DE11DC5FE25326FDA95E1274AE34D6E304A4B108EB9DB11B44028102070405F033B7869DFC838A3D6E26B6A8E66AD441AEDB52E45B0CB3)
INSERT dbo.sysdiagrams(diagram_id, name, principal_id, version, definition) VALUES (3, N'Krista2003', 18, -1500222778, 0x490BBC0232C1B6598746FB4C4CD5184D5BFD83E156A83A07097167EB47DF3EC5C8BB88FC9A1516F40BDC847D19DF0826053E0257B3846D44729F6F66E464C43972C38F75FBFE52C51A86F60535E497A5F65EBA1C4E5A5B02A255B57EF80802EAB9ED31910C4BB783F284B40038BEF00DD54B3208ED0A871A66D8688D1AAD4FB249BDBC0B20CAF1F7BFA21D4D47CF7364183CC00360E023254DD637C400DB8C4D06BF8948D51D73E1BFE99F5912FABF973758CA7202CCADB93F)
INSERT dbo.sysdiagrams(diagram_id, name, principal_id, version, definition) VALUES (4, N'Arnold2023', 4, -1895659471, 0x6D859EBD14BC9F3F950D7BC321C59457C903ACAE8D366038FB946CA2B6A7840558DD3F160E04CC120E01F9B507705F30300629242F165662EF392DC4E3A489C4F8DCAD7058766AD1A05D324B8F8F1DB87844A653E4B95570E4BA7BEE6FB1023CC5F5CAEC4132FD9120D433678AF2944FC14A41D2168F6B1DE68D21E38AB24239A119C41906346243F2B2084429C98F0109E3072655501072A46C710E32C6775C963CB0D94908A32ED49A2BD007021D26EA63194507EB370CA0465A3D19031CA595091816)
INSERT dbo.sysdiagrams(diagram_id, name, principal_id, version, definition) VALUES (5, N'Dwain654', 28, -1235640934, 0x15048C5E7C0B9EB9043341B123F4C7E5392223066FE1EA119AF51EE934FEA0041307CFA6CA807B54EC09C5297EC4069D01045D2539D0650C725903C0C208A66804C810E6D0B9F68C08F856E9F77125710400390302191764AFC573BE2CF2F43DE491C6B356026377303A5EE3B4A428E8066E4A24263962584DA2130BCDEBC0B8E177C5F927DE49B708CD86A100D501A8A47755863FB9B67FD391D6693E8500089B93425C140DC50E50FDDE482EF55823255109A7B850CE2A230810)
INSERT dbo.sysdiagrams(diagram_id, name, principal_id, version, definition) VALUES (6, N'Shannan1955', 50, -2092422422, 0x8D2D938BB999027C26FC4BAC03DBA7BF3E855C379348779B4B162D8B546A5020BFC2C3DB9BB7882DC9DB49A9F95908071495920720CC87066200FD1FEA623F823F3916E96C22060B95811424B47042A0612F4BB8C31533A0817641244001FCFFF3CF09B802BB4251CB0F39BD4B09C2532AB28425C0E77303700831093F2B1A1E9A538A397F8389469E5AC9B42131EB0024)
INSERT dbo.sysdiagrams(diagram_id, name, principal_id, version, definition) VALUES (7, N'Jack821', 45, -535925153, 0x41286012076E4E4900A805F993710BCF6031C5349C421A459EA383EB492E7645187F8FDEFEBD07A4)
INSERT dbo.sysdiagrams(diagram_id, name, principal_id, version, definition) VALUES (8, N'Lavone1996', 48, -619371279, 0xEEDF8D450872B24B992B51E96ED98ED41D95785AF2BF4B9E21F706DE539E17A03AFEDE8B9A62CBCFFAAE0174521160B50A7AC9A358987DF3D4F4655B23B15B8A3E0B92754B40C7A245A73C2EA206454C2F0507A576E1350A07A13C1A1E08278AF19F7986BB7ED24FD83886A7431A4D71C49CCA145F04B1A6AF3D244000297325062DCABFC8082153033851067EE489F8ADAE62809928026D0C87D6E106387B583C)
INSERT dbo.sysdiagrams(diagram_id, name, principal_id, version, definition) VALUES (9, N'Archie1988', 46, -1132074547, 0x7D1E03971BD7C92CBA3DE83DA61EBF5BBE99CCA05E79BC11778DE01E029F0931066B6308038EBF01DA084AA14A08F7E8ACF39C5E0909786F333365265768AA34E29A460308A1966864EF095A04E6F0393E07BDAB303826067ABA0670B631A2769B36E55C347419193023186D01FA05A73C89073ABCBD7C375BFE9C5884615646455ECE)
INSERT dbo.sysdiagrams(diagram_id, name, principal_id, version, definition) VALUES (10, N'Colby2012', 23, 914, 0x2AF81087FFEA8C60A21BBC91F7F2092A0D00E004BD1A52F9404A8CE46881A21A7F7C26DE2E6FBA2CF84E62FE17DE2FBB38C6D926157D3B7C678407283FEE03398E0D7C98C02DB1382ED34EE7327CC11CF3924EB8A9BE050714DFA0717B0CD5CF7963B1365CF2315029C03A1E5E7D77050B8ECBF07406F5BB3D37492E44F7047F0761CE3A3EFF5252290218)
INSERT dbo.sysdiagrams(diagram_id, name, principal_id, version, definition) VALUES (11, N'Rudolf2006', 13, -1555284004, 0x968CE16DB2CD5724276522124EDCAFA21517CA19455746BF0204771B85B014EDD8CDFE8D09C231106EBEBD3C0327D40131029B06DBF4CB2CC5CC4B2EAF2FA120C421187029C464265CF88B20CD076C00B0A5422A8217B679B8675140545E192FBB0397EF112FC8911BCDDE65086823E7FB69C8085DE59C0E010195)
INSERT dbo.sysdiagrams(diagram_id, name, principal_id, version, definition) VALUES (12, N'Mclean986', 19, 122, 0x0A34051F142FD28B180A722215CAC818014832C580D436125A6EF5F6CB09C71D63A2AC688FBCC553E0E0F8871D6970BE)
INSERT dbo.sysdiagrams(diagram_id, name, principal_id, version, definition) VALUES (13, N'Hackney2015', 42, -2077788113, 0x6C5552311A02F23B1DD62005A04C038A51F96003069C9432A329D97253AFCB11AB5BE923E9A424AA04512A10017BFE447E7DBDA08E7278F02CD0E6467E3755C7A6E9317AA492C8BBF858DB112F9F22707A8C49094D178011190ED6183E7EC50B36CC015333475B2373494855AE085B531D9A66F63E00A69C6881C81ED617C3D85D33BC2D06286F69E8)
INSERT dbo.sysdiagrams(diagram_id, name, principal_id, version, definition) VALUES (14, N'Brittanie86', 14, -1201852941, 0x26)
INSERT dbo.sysdiagrams(diagram_id, name, principal_id, version, definition) VALUES (15, N'Charlton1972', 20, -542045897, 0x06D5A0626DD60025F167C97CE19ABE7BB91CFFB136136AD681B7C05BE0AFB15F40E6CAB8C7F3421509610E3E08B0ADF8B9E46792AC08EE0F68)
INSERT dbo.sysdiagrams(diagram_id, name, principal_id, version, definition) VALUES (16, N'Abby274', 49, -108410235, 0xDEEBAB67D8F5D04BAAA87B538D4B2708DF85696EBC04E55670C84DFB3157BF6C2B96195FD5FA49084D6F39E7BDB25AA706)
INSERT dbo.sysdiagrams(diagram_id, name, principal_id, version, definition) VALUES (17, N'Clifford2019', 15, -350, 0x924D40B1534407EA042F2CF4BBC703D7FC3174D375FC5013780650F181F352B890040CCC)
INSERT dbo.sysdiagrams(diagram_id, name, principal_id, version, definition) VALUES (18, N'Erin1972', 37, -1706074963, 0xE5209B8A224A5705DDBE9A71D9AA5A086CE5F01774A33D89D14CEEB612D5407F6E610D492022ADA1B248FEB4A4C7A3F3336E1BAD23D41AE7291C23C615AAFD0B11FC483C073B07FAE9F456455466DC025414764820E18634D12F02C2EC429155FCCA869A5CEAC9F8FD31020853F5512C50C29D5ED60AC188D6DFBD1F0226D91340DC962DF16C7C790943C4B11D1809E770DE9C44D93E2A675F0A7E743F023622532AE2006D9D4A521520DE6CA01F4C74A90A4663003584B6474C057E43F984)
INSERT dbo.sysdiagrams(diagram_id, name, principal_id, version, definition) VALUES (19, N'Gates2009', 43, -1853908224, 0xA5E1063BF2)
INSERT dbo.sysdiagrams(diagram_id, name, principal_id, version, definition) VALUES (20, N'Shala1964', 21, -1718990195, 0xC32E7209667707E907B8CD16CEA321F6055244358D5F337735AF0536082A23310A9EE5E6C40382821DBE3D2E77BAFEC890B56A47D5D9D81CE6308BD9A53AC86BE7A4FC30AB5E246D8A)
INSERT dbo.sysdiagrams(diagram_id, name, principal_id, version, definition) VALUES (21, N'Benjamin8', 29, -1969377879, 0xEB9E08CA42019E8A14)
INSERT dbo.sysdiagrams(diagram_id, name, principal_id, version, definition) VALUES (22, N'Stuart1953', 38, -796168375, 0x330A5ABF9D58A2A3CFE7301A198D898576BB0083E417CDB78A04F61E189C744B7F2ACE495D6351B1EAAA1FEE7465F7E8097216D97DFF54DE050905737E0F20C9E51DBF158EEA0602A40013C3840AD6563421C1530128941715416D4BBD00D75E40836C0B49C85FE20B2A24D512FE6B3CB1CE604292BE3BED60150F750D02944A98390DE0C36ABBFC2487AFC7BF01BB5D7E68D9328F0152835C0191D20BA49B1ED8328101042E317229)
INSERT dbo.sysdiagrams(diagram_id, name, principal_id, version, definition) VALUES (23, N'Marylouise69', 10, -912582346, 0x599E0207516BFEAB630601D80408EA0916A157098A75E8468E7F9CFE86147DC94D003481BD06EF1C6508C1B867C876B6E8A2253AFB0C16630002867CBCE17B5842A0AADB6579078F00B82AF361A40068095785F2C6D01A0506ECFF60C9019E02D1D3F660F363D4060304010704186E07D0DB52119BC35C16C352254C69C9E1897A9D087CDC)
INSERT dbo.sysdiagrams(diagram_id, name, principal_id, version, definition) VALUES (24, N'Andersen757', 16, -1660957754, 0x44272CE6585503803E3C424D7072130AD97205AAD72FB13A6C07D6F89102A8A9B4A56C400B229BA4390901A467E892017409169298C84B041855DF2C5B42D49FB32A0F144C452ECC61253A71C32D3B7F00D80A3512A8B889600516C6EC1A173CC3C61638B490024E5C9D36EEF94A9E4008A459B9D5365ED489EB8073E5193BAC28407E196D6CB70E04B14CE1D5FDE4002EB1C7C0918D669D76095A59F417CBE25BC2)
INSERT dbo.sysdiagrams(diagram_id, name, principal_id, version, definition) VALUES (25, N'Kurt1978', 5, -412825761, 0x1385B99BEDEA726D349721CB4BD0573C03F0DD08300F857392830751D35B2F7802505C095B24D4723EFC74E10A019502CBD73775794107710052F68B7E5ADB5408A907315BB5A3D4099261479A06C71C4CFD0B220ACAB50730719B88FCF40613430E2A092743F59BA4)
INSERT dbo.sysdiagrams(diagram_id, name, principal_id, version, definition) VALUES (26, N'Dominga3', 11, -1737096550, 0x5A2E0503899FBA0661C5003EBDF095C623074353F62DAE51A4FEE030F5591B7D9EA6B245E00717ADA9030E07A646BCFD68DF92C1F7E9F66F7C8B386D6111727F8EF87D3001BA29EDFA02148513429AA66856903D010F1188921409CC5F7F57D0C3AE52038E79019582876B1E7E1D275C1CC2F4DFDF6800673CE28B1506A0800127DC4B9FD51BE0B202FFDE61351B5A63EE8D96)
INSERT dbo.sysdiagrams(diagram_id, name, principal_id, version, definition) VALUES (27, N'Gala534', 24, -1030275024, 0x20A9F1)
INSERT dbo.sysdiagrams(diagram_id, name, principal_id, version, definition) VALUES (28, N'Saxon1996', 30, -552590854, 0x73FF3A8E8103)
INSERT dbo.sysdiagrams(diagram_id, name, principal_id, version, definition) VALUES (29, N'Merrick1955', 25, -1, 0xCE5BF2A8F6F2BA504E081924FDA4F4023D05742FFA091E3E3BB24915634F71DB0120BE491B8005C376CA00F5AD68A4684ABAF205DAE5B85805079E8EEFBD8BAD2F5C553242ED3301D53BE08010F4432FD44CAF8DA7967F3B5954D21A01A17D8C082A)
INSERT dbo.sysdiagrams(diagram_id, name, principal_id, version, definition) VALUES (30, N'Kittie7', 22, -383342615, 0xFE7806B7BE94F66E07FFA3B076D81BE6400115BF36822BC8E9407EAB2B99EA4A051A08DB975F4E63175E3C6A4F01A526020C4E08CE5CF344B7FD5EC6A9C907E928469462C7D17C33F47300790716625F4FF99FCF8B28E938103156D179FF11C64FF68D9492ED587BA98499E99CB5A89BD2C503229052C68A8D9C)
INSERT dbo.sysdiagrams(diagram_id, name, principal_id, version, definition) VALUES (31, N'Sams2022', 44, 6369, 0xA0BD9B23A26B852E4742449D624C79E356D623BA6FE9B7079B6639026C6F0663080009B87756C73451099A6E12C8BE58BED59ADA82B0331A4D99A18758577B55DB327F2D0551E76265A356025416FD4F703E0B07CFD8BF43FE3C73027008BB22C7E74674F9E3E46F0A98358F8A42C2CB031FA1023177)
INSERT dbo.sysdiagrams(diagram_id, name, principal_id, version, definition) VALUES (32, N'Adalberto1952', 6, -988818403, 0x82F1D212215F9B789CB4809DC125A15D06F35AFC64730642617D27622929AA0F94021C4E5C751F0CB0798DA6A61693567B073F8301CDBAD0EF7E6108C9871C3F214911ED34EE1E91BF31E731273712AE016A6240DBD18398668E970722FFE446977388A726996871745813357908514CC601DA78B9064A7D22C9)
INSERT dbo.sysdiagrams(diagram_id, name, principal_id, version, definition) VALUES (33, N'Corcoran5', 31, -2118902111, 0x335FCF697BDE319DA52A5237B7E49F04500DA3D53DAB0532815ED97DC94A7FBD83902DE32B896255054A7828CB399C3C16F33A5F083F32DE063121F050213AD01F8628389F7C73444DD6C1E89FC075D4015E0273CABF169AFCCA7F000704)
INSERT dbo.sysdiagrams(diagram_id, name, principal_id, version, definition) VALUES (34, N'Lynette2020', 39, 602, 0x19002C19F63792440E9B51109AECFA6A4DB8035A4981DA8300EE517FC5F30603D62805472EB865A5F7C400E2B0AE508844)
INSERT dbo.sysdiagrams(diagram_id, name, principal_id, version, definition) VALUES (35, N'Fermin1', 26, -717277686, 0x40DF662D0308FBE06B)
INSERT dbo.sysdiagrams(diagram_id, name, principal_id, version, definition) VALUES (36, N'Nicholle2020', 32, -1984146622, 0x66D94F0C2AED3E65E36B6CC50937D9A8031F014D9A5EC803F4146D9C8AC3CB615728F3E80A3307754E29ED3705487CC903410102BEEE66223903627B9C019916AF3A1EE0FDF8362BDF8B2F8071080317031ADA7B5F0B9424FDB5B0197BFD05DB00061C71CC5C029402AE4ABFE8AA3CD9832F714E4F6DB3A922E5D20D1BBB7435D7CC1980E53A8B73A5B9D8F48BF2604E1C1DCB996AE6EF72998E02EFF84D4B18539C07C021411B1BBC3C71CC6D610ED65C024E84EEB406855B85054575123DB1587E63839117)
INSERT dbo.sysdiagrams(diagram_id, name, principal_id, version, definition) VALUES (37, N'Trammell1984', 17, -414918257, 0xD41005833C32A6A738002DDC27BBF82F15B401F289FB7B97516A125287B232809A3F602007183873DFDB48E2692F5EE7CE274BE19C374309297454CD1E11FF924CAA3B1A004D4A2B3C2F3C001C0006562F03ECEF0CD1D68D88E9700DB1F34B94954E2AEC020E0643F1031D5CD1AAA3A1EB088F8FEC941ACE81C4FA0580B05C2203C60782092424BA4C20299D633DDA1CD5BFC104E5AA07B3035EE8884CD41BB7A04A1462652B06)
INSERT dbo.sysdiagrams(diagram_id, name, principal_id, version, definition) VALUES (38, N'Abdul279', 12, -4195271, 0x3D01291ABF6FBAF81CE287B5C4185D2483535D0174AB41CD9E35F5C38F5A2B5DDAA69B98A40405101809205AC060B0397176C9BD1C859443250097CE04F2644B1240D805151F046D88C28063A89A76CA1C6D0D930865794647CA04C047DC6F731587CE08B69B1F35A60543BA574DF36C8BDBD954B0D2CC0C0F7288A43A6A08AE86CB1D34DD652D8501067501B7531AF9B445066C36A1F8071A7A6212)
INSERT dbo.sysdiagrams(diagram_id, name, principal_id, version, definition) VALUES (39, N'Vince1986', 1, -625199153, 0x74B46407C545C628716F4E252E88642E2457046F0C31E91BF06EB507F9831135DF65A7A7C87304B0B6042A4A5C55A022C0A1E7F8A1DD5D5A521A9C6B2D25E14A3E09F9D64C82FF023C34EB1B120C22CB4FF103B4187B57B22D9FE2681F8EB2380F6053B50044E6083047D3F60522C7262C3A0158C38CEA33CF055800362305254C8CA969227D1799270DAD94D88381017D030159990F5B03F6930B4888A518004B437537111C9D6BFA31F57DEA460668AE5AB5661A7A072FCC71A23D885BF7AE81150D8004)
INSERT dbo.sysdiagrams(diagram_id, name, principal_id, version, definition) VALUES (40, N'Castle9', 34, -855, 0x9314E14157B4795C510EEEA64DE4095109978B423724BF8024FA677C4762711D471E40C9A9E56CFB82E247C6)
INSERT dbo.sysdiagrams(diagram_id, name, principal_id, version, definition) VALUES (41, N'Wilburn9', 40, -30668413, 0x66176A5D2E519736442B10AC19A4F87B6B42FED3A8FB0807E6B757802F1D22191CE6065E154FDD6E7303BE1F64CC6107C223C4430784D600525C1BCA024460E12B6481519E15479F3C24B92E9493137707E8022B6423DBF00783A64F57A40A)
INSERT dbo.sysdiagrams(diagram_id, name, principal_id, version, definition) VALUES (42, N'Zepeda1961', 27, -134234453, 0xEA551D33C5126FD808D5692C392206EECE1929B5F9E92B5F70CA5DA87361323CEFDC2AF5BC1C01B998F94C443335B7F583082A2550E5E1A52F6EF53158D14F801F1623963B2EDC64AD07816E64D30B73464401EFA2536D0067AC9A15481B4A2BB102711EC5024066CEB1A4397BBAE830BC4D60F0C7BE15E74B31FF8B6BFC42D5999500)
INSERT dbo.sysdiagrams(diagram_id, name, principal_id, version, definition) VALUES (43, N'Abreu2029', 33, -92, 0x929400720434A0BE61C38D91E7534C2B3422938DE468FF68658D0DAB01061E967D7F7E49870903047739D9C58CDDDF0B8FE35FEC4032C0CA498CA6470007B2D5E0BE12940247E396A3)
INSERT dbo.sysdiagrams(diagram_id, name, principal_id, version, definition) VALUES (44, N'Alexis462', 7, -1208990803, 0x0562DD02094885B468E01BC5B230EE3DF400AFFBF8546A061D5E697C5A4F765F16CE7CB30345A832B3AAE6EE431B730ED6047A7A652E16C852E53F030B058E190476724BE16D62C1EB)
INSERT dbo.sysdiagrams(diagram_id, name, principal_id, version, definition) VALUES (45, N'Jarvis1979', 35, -535546926, 0x638E0986A4FBCF176BD8FDF502AEF719753AE95915ED84AE07F40480043772575D044504101B86DD4D1F07CB44FC67D5813560EF037A317591D3CC83C48A5CA8)
INSERT dbo.sysdiagrams(diagram_id, name, principal_id, version, definition) VALUES (46, N'Martin8', 41, -869319556, 0x0E90C2A33780288451963623552CD681FB81F85B882C11FA280400800EF409EF0B2DE7E040615FB5CD16855063E94400498BC749D8C0917255821A7D1F0802E6080607063393938057064443E5C1093913D2A77D0555A19D3313FCB3585E21919E1630C0F1D80A6BC27815C1E49B2FD901FCA344C0748108473C0135D2080169B3AF6F3B28D42B9DC7EE12005D7A30)
INSERT dbo.sysdiagrams(diagram_id, name, principal_id, version, definition) VALUES (47, N'Wyman8', 36, -59, 0x340297D0F31CC2A1011B7F426D750983AEAE0356FB800DEFB78F96AE02987C2DB0EA342C292C0024330F954D4F2B49603F2F5EECB5C304C9020A9ADBF07DF1A1E5174A36D7B72ADFE2D90706510F085D2B3D078B66C55CB6244F1FA094D450133E4A1A05F5CBBE01B837C3C401C9FF1E030AA847900F13291038F8C29D5FCF983DBB792F60B52A6DE25B006B07BE284809CF3B62842254CC37B358)
INSERT dbo.sysdiagrams(diagram_id, name, principal_id, version, definition) VALUES (48, N'Odell1983', 2, -1067264623, 0x92C242EEBE1AC5D6A30327B47D444C4341A8A01B8FB390BDA97DECDD7C346C99D36D08ED0612CFC52A22B1053D040B5A7E82189E76091A50EA4127DBE40B0A3F756E)
INSERT dbo.sysdiagrams(diagram_id, name, principal_id, version, definition) VALUES (49, N'Wasson1989', 8, -2042294164, 0x2D9CE2D9C8DAB1)
INSERT dbo.sysdiagrams(diagram_id, name, principal_id, version, definition) VALUES (50, N'Alejandro699', 3, -192992583, 0x6497F583008D0A89A8BF6D8EB35E)
GO
SET IDENTITY_INSERT dbo.sysdiagrams OFF
GO

--
-- Inserting data into table dbo.texture
--
SET IDENTITY_INSERT dbo.texture ON
GO
INSERT dbo.texture(id, created_date, deleted, updated_date, code, name) VALUES (1, '1970-01-08', 1, '1988-08-18', '97NX43E', 'Adan1951')
INSERT dbo.texture(id, created_date, deleted, updated_date, code, name) VALUES (2, '2008-01-27', 1, '1972-07-31', '0T9F496', 'Haight52')
INSERT dbo.texture(id, created_date, deleted, updated_date, code, name) VALUES (3, '1970-02-05', 1, '1999-08-28', 'Q964328', 'Larsen62')
INSERT dbo.texture(id, created_date, deleted, updated_date, code, name) VALUES (4, '1989-09-07', 0, '1970-01-09', '2501Y69', 'Dorene2004')
INSERT dbo.texture(id, created_date, deleted, updated_date, code, name) VALUES (5, '1996-09-16', 1, '1976-07-11', '65ID5L7', 'Keck5')
INSERT dbo.texture(id, created_date, deleted, updated_date, code, name) VALUES (6, '1994-07-31', 0, '1974-12-23', 'HVF0N9J', 'Jospeh5')
INSERT dbo.texture(id, created_date, deleted, updated_date, code, name) VALUES (7, '2000-11-14', 0, '1970-04-27', '5WFYQ32', 'Aguirre312')
INSERT dbo.texture(id, created_date, deleted, updated_date, code, name) VALUES (8, '1999-01-18', 0, '1974-11-24', '32739U8', 'Aldrich1953')
INSERT dbo.texture(id, created_date, deleted, updated_date, code, name) VALUES (9, '2010-11-08', 0, '1993-05-04', 'DSN0JU0', 'Cardenas2020')
INSERT dbo.texture(id, created_date, deleted, updated_date, code, name) VALUES (10, '2015-11-27', 1, '1992-07-02', 'IK3XLZU', 'Mckeever1984')
INSERT dbo.texture(id, created_date, deleted, updated_date, code, name) VALUES (11, '1995-11-30', 0, '1972-04-18', 'H7DPG51', 'Sprague2008')
INSERT dbo.texture(id, created_date, deleted, updated_date, code, name) VALUES (12, '1976-02-25', 0, '1970-10-03', 'ST6Z6O4', 'Drew1953')
INSERT dbo.texture(id, created_date, deleted, updated_date, code, name) VALUES (13, '2001-01-28', 1, '1996-07-26', 'J380198', 'Lockett1995')
INSERT dbo.texture(id, created_date, deleted, updated_date, code, name) VALUES (14, '2022-08-26', 0, '1973-07-09', '9T9Z1TK', 'Mckinley1951')
INSERT dbo.texture(id, created_date, deleted, updated_date, code, name) VALUES (15, '1996-11-04', 1, '2012-06-26', 'GR49LEW', 'Corey2026')
INSERT dbo.texture(id, created_date, deleted, updated_date, code, name) VALUES (16, '2023-12-17', 0, '1978-06-04', '89B7VAM', 'Aisha499')
INSERT dbo.texture(id, created_date, deleted, updated_date, code, name) VALUES (17, '2010-06-29', 0, '1970-11-24', '0E30NKT', 'Sheppard2004')
INSERT dbo.texture(id, created_date, deleted, updated_date, code, name) VALUES (18, '2017-09-08', 1, '1970-01-16', '0X3HSB4', 'Parrish8')
INSERT dbo.texture(id, created_date, deleted, updated_date, code, name) VALUES (19, '1980-07-26', 1, '1972-04-24', '0657H26', 'Abreu2003')
INSERT dbo.texture(id, created_date, deleted, updated_date, code, name) VALUES (20, '2006-04-23', 1, '1994-06-17', 'EC72QK6', 'Hutson1997')
INSERT dbo.texture(id, created_date, deleted, updated_date, code, name) VALUES (21, '1987-08-03', 1, '1970-01-12', 'AB6IG28', 'Quintin1')
INSERT dbo.texture(id, created_date, deleted, updated_date, code, name) VALUES (22, '1976-02-01', 1, '1973-01-19', 'PAFS3DV', 'Lien1976')
INSERT dbo.texture(id, created_date, deleted, updated_date, code, name) VALUES (23, '2024-02-11', 1, '2022-03-04', '3Z2UNA1', 'Ahmed31')
INSERT dbo.texture(id, created_date, deleted, updated_date, code, name) VALUES (24, '1970-01-05', 0, '2004-02-13', '490X560', 'Eloy2')
INSERT dbo.texture(id, created_date, deleted, updated_date, code, name) VALUES (25, '2012-01-01', 0, '2009-03-24', 'EUN05C5', 'Natalia2023')
INSERT dbo.texture(id, created_date, deleted, updated_date, code, name) VALUES (26, '1971-05-12', 1, '1984-02-22', 'E22VA25', 'Camarillo2001')
INSERT dbo.texture(id, created_date, deleted, updated_date, code, name) VALUES (27, '1972-05-11', 1, '1970-07-07', 'F43IV4O', 'Bradford437')
INSERT dbo.texture(id, created_date, deleted, updated_date, code, name) VALUES (28, '1972-06-23', 1, '2015-02-26', 'L0M7V14', 'Shaver6')
INSERT dbo.texture(id, created_date, deleted, updated_date, code, name) VALUES (29, '1998-07-22', 0, '1970-01-03', 'XKQT5ZX', 'Keeley721')
INSERT dbo.texture(id, created_date, deleted, updated_date, code, name) VALUES (30, '1972-08-16', 1, '2018-05-12', '1JF8900', 'Briseno167')
INSERT dbo.texture(id, created_date, deleted, updated_date, code, name) VALUES (31, '1992-04-02', 1, '2003-08-03', '2GII67X', 'Laurel6')
INSERT dbo.texture(id, created_date, deleted, updated_date, code, name) VALUES (32, '1980-07-28', 0, '2020-02-27', '630BM9D', 'Mara2025')
INSERT dbo.texture(id, created_date, deleted, updated_date, code, name) VALUES (33, '1985-01-26', 1, '1984-01-26', 'Q547907', 'Argelia149')
INSERT dbo.texture(id, created_date, deleted, updated_date, code, name) VALUES (34, '1970-01-08', 0, '1994-04-05', '9XT26S5', 'Maisie123')
INSERT dbo.texture(id, created_date, deleted, updated_date, code, name) VALUES (35, '1995-04-14', 1, '2019-02-17', '8J70DDA', 'Joshua1980')
INSERT dbo.texture(id, created_date, deleted, updated_date, code, name) VALUES (36, '1971-01-06', 1, '2008-03-11', 'T09OUDF', 'Mariah1967')
INSERT dbo.texture(id, created_date, deleted, updated_date, code, name) VALUES (37, '1979-04-10', 1, '2014-10-02', '4YD65A8', 'Evelynn682')
INSERT dbo.texture(id, created_date, deleted, updated_date, code, name) VALUES (38, '2004-07-22', 0, '2007-10-26', '41Z78F5', 'Reedy9')
INSERT dbo.texture(id, created_date, deleted, updated_date, code, name) VALUES (39, '1970-01-01', 0, '2007-07-03', '6AW6113', 'Candida5')
INSERT dbo.texture(id, created_date, deleted, updated_date, code, name) VALUES (40, '1990-02-20', 1, '2022-05-14', 'D2Q1976', 'Whitten1959')
INSERT dbo.texture(id, created_date, deleted, updated_date, code, name) VALUES (41, '1995-01-17', 1, '2004-02-13', '1IL4BEX', 'Wampler784')
INSERT dbo.texture(id, created_date, deleted, updated_date, code, name) VALUES (42, '1999-09-03', 0, '2012-07-17', '9609S9Y', 'Carlos8')
INSERT dbo.texture(id, created_date, deleted, updated_date, code, name) VALUES (43, '2017-09-28', 0, '1985-06-15', 'HPAR00V', 'Charisse474')
INSERT dbo.texture(id, created_date, deleted, updated_date, code, name) VALUES (44, '1989-08-11', 1, '2008-06-22', 'S9UXF6W', 'Franz28')
INSERT dbo.texture(id, created_date, deleted, updated_date, code, name) VALUES (45, '2015-05-03', 0, '2011-04-11', 'M7O79Q4', 'Trahan1963')
INSERT dbo.texture(id, created_date, deleted, updated_date, code, name) VALUES (46, '1979-08-25', 1, '1996-08-24', 'ZO4433K', 'Winford2010')
INSERT dbo.texture(id, created_date, deleted, updated_date, code, name) VALUES (47, '2003-04-04', 1, '1983-07-22', '44A52JI', 'Kenyetta481')
INSERT dbo.texture(id, created_date, deleted, updated_date, code, name) VALUES (48, '1975-02-26', 1, '1976-09-07', '7Y7J051', 'Gurley2008')
INSERT dbo.texture(id, created_date, deleted, updated_date, code, name) VALUES (49, '1970-01-15', 1, '2020-05-02', '80D09YV', 'Nabors881')
INSERT dbo.texture(id, created_date, deleted, updated_date, code, name) VALUES (50, '1970-01-10', 1, '2002-05-03', 'P2Z54EK', 'Oliver986')
GO
SET IDENTITY_INSERT dbo.texture OFF
GO

--
-- Inserting data into table dbo.thickness
--
SET IDENTITY_INSERT dbo.thickness ON
GO
INSERT dbo.thickness(id, created_date, deleted, updated_date, code, name) VALUES (1, '2008-08-22', 1, '1979-01-31', '34SVGJR', 'Paula2025')
INSERT dbo.thickness(id, created_date, deleted, updated_date, code, name) VALUES (2, '2005-08-13', 0, '1978-02-24', 'M8LH7I4', 'Lyndon855')
INSERT dbo.thickness(id, created_date, deleted, updated_date, code, name) VALUES (3, '1991-02-25', 0, '2000-08-09', '40BYA5X', 'Wilson2014')
INSERT dbo.thickness(id, created_date, deleted, updated_date, code, name) VALUES (4, '1972-08-16', 1, '2024-03-10', 'CLK7R95', 'Cleary2000')
INSERT dbo.thickness(id, created_date, deleted, updated_date, code, name) VALUES (5, '1970-01-04', 1, '2000-05-11', 'RKA1F8K', 'Tyler2000')
INSERT dbo.thickness(id, created_date, deleted, updated_date, code, name) VALUES (6, '2011-08-04', 1, '2020-12-06', 'RY4GPKS', 'Sherril1996')
INSERT dbo.thickness(id, created_date, deleted, updated_date, code, name) VALUES (7, '2009-06-30', 0, '1975-09-22', 'G4Q10U4', 'Albert5')
INSERT dbo.thickness(id, created_date, deleted, updated_date, code, name) VALUES (8, '1970-05-13', 0, '1970-07-29', 'KLHE5XD', 'Weldon2019')
INSERT dbo.thickness(id, created_date, deleted, updated_date, code, name) VALUES (9, '1970-01-03', 0, '1988-08-28', '3JIZJD1', 'Alisha2023')
INSERT dbo.thickness(id, created_date, deleted, updated_date, code, name) VALUES (10, '2006-04-09', 0, '1987-12-07', '521Q907', 'Chandler2024')
INSERT dbo.thickness(id, created_date, deleted, updated_date, code, name) VALUES (11, '1980-09-21', 1, '1970-03-19', 'PKOW7J1', 'Addie1974')
INSERT dbo.thickness(id, created_date, deleted, updated_date, code, name) VALUES (12, '1970-03-16', 1, '1973-11-29', 'NE7XRXZ', 'Ault1997')
INSERT dbo.thickness(id, created_date, deleted, updated_date, code, name) VALUES (13, '1972-02-18', 0, '1998-01-09', '0O5OY2E', 'Marquis1994')
INSERT dbo.thickness(id, created_date, deleted, updated_date, code, name) VALUES (14, '1978-11-13', 0, '2018-12-10', 'R342TVN', 'Adam2023')
INSERT dbo.thickness(id, created_date, deleted, updated_date, code, name) VALUES (15, '2008-03-25', 0, '1996-06-29', 'JEIT57S', 'Nieves443')
INSERT dbo.thickness(id, created_date, deleted, updated_date, code, name) VALUES (16, '1995-10-30', 0, '2007-10-14', '70GBX57', 'Nesmith1988')
INSERT dbo.thickness(id, created_date, deleted, updated_date, code, name) VALUES (17, '1979-03-07', 0, '2020-10-29', '42530H0', 'Bula7')
INSERT dbo.thickness(id, created_date, deleted, updated_date, code, name) VALUES (18, '1992-05-11', 0, '1970-01-03', 'EC96AX8', 'Mcdonough1993')
INSERT dbo.thickness(id, created_date, deleted, updated_date, code, name) VALUES (19, '2019-03-03', 1, '2023-07-23', '1G7LI7Q', 'Newton1977')
INSERT dbo.thickness(id, created_date, deleted, updated_date, code, name) VALUES (20, '1983-11-27', 1, '1973-07-13', '9F90J1V', 'Alonso1975')
INSERT dbo.thickness(id, created_date, deleted, updated_date, code, name) VALUES (21, '1989-03-16', 1, '1975-07-28', 'E765O7U', 'Cleary1965')
INSERT dbo.thickness(id, created_date, deleted, updated_date, code, name) VALUES (22, '2000-10-03', 0, '1986-09-11', 'QT4A2C4', 'Bauman2027')
INSERT dbo.thickness(id, created_date, deleted, updated_date, code, name) VALUES (23, '1971-04-29', 0, '1994-10-09', 'O7Y54Z4', 'Branson2001')
INSERT dbo.thickness(id, created_date, deleted, updated_date, code, name) VALUES (24, '1977-09-23', 1, '1983-05-20', 'P0X5768', 'Alisa1969')
INSERT dbo.thickness(id, created_date, deleted, updated_date, code, name) VALUES (25, '2003-02-03', 0, '1970-07-28', '7I8B37W', 'Willy732')
INSERT dbo.thickness(id, created_date, deleted, updated_date, code, name) VALUES (26, '2010-10-06', 0, '2021-10-28', 'K2GU0T6', 'Reyna1951')
INSERT dbo.thickness(id, created_date, deleted, updated_date, code, name) VALUES (27, '1970-01-05', 0, '1970-01-07', '6UP5T7T', 'Tommie275')
INSERT dbo.thickness(id, created_date, deleted, updated_date, code, name) VALUES (28, '1970-02-07', 1, '2005-07-27', 'EDZA4OE', 'Heike737')
INSERT dbo.thickness(id, created_date, deleted, updated_date, code, name) VALUES (29, '1970-05-08', 1, '1970-12-15', '7Q8C3C2', 'Madlyn1960')
INSERT dbo.thickness(id, created_date, deleted, updated_date, code, name) VALUES (30, '1979-11-16', 0, '1982-07-13', '4S6U2YS', 'Lankford1967')
INSERT dbo.thickness(id, created_date, deleted, updated_date, code, name) VALUES (31, '1971-08-18', 0, '1992-06-14', '03J84Z9', 'Major489')
INSERT dbo.thickness(id, created_date, deleted, updated_date, code, name) VALUES (32, '1970-02-26', 1, '2013-09-24', 'TZE1V11', 'Acevedo2015')
INSERT dbo.thickness(id, created_date, deleted, updated_date, code, name) VALUES (33, '2009-06-13', 1, '1999-07-17', 'STU3G9D', 'Arthur1960')
INSERT dbo.thickness(id, created_date, deleted, updated_date, code, name) VALUES (34, '1971-02-24', 0, '1997-11-08', '1249G4F', 'Noble531')
INSERT dbo.thickness(id, created_date, deleted, updated_date, code, name) VALUES (35, '2007-01-17', 0, '1970-01-08', 'O7362Q5', 'Alda1982')
INSERT dbo.thickness(id, created_date, deleted, updated_date, code, name) VALUES (36, '1970-03-27', 0, '1970-11-26', '39Y7IAJ', 'Lyles2013')
INSERT dbo.thickness(id, created_date, deleted, updated_date, code, name) VALUES (37, '1990-04-25', 1, '2012-12-22', 'ZZK8Y1L', 'Apodaca1962')
INSERT dbo.thickness(id, created_date, deleted, updated_date, code, name) VALUES (38, '1975-01-29', 0, '1987-03-10', 'S1180Q3', 'Giroux2005')
INSERT dbo.thickness(id, created_date, deleted, updated_date, code, name) VALUES (39, '1977-10-14', 1, '1984-10-14', '3XR6V6B', 'Phillis223')
INSERT dbo.thickness(id, created_date, deleted, updated_date, code, name) VALUES (40, '2014-12-19', 1, '2004-03-26', 'Y6050Y3', 'Paulette8')
INSERT dbo.thickness(id, created_date, deleted, updated_date, code, name) VALUES (41, '2016-02-01', 0, '1970-01-08', 'J2046XW', 'Coburn725')
INSERT dbo.thickness(id, created_date, deleted, updated_date, code, name) VALUES (42, '1990-09-10', 1, '1970-04-06', '2YENWTS', 'Roderick1973')
INSERT dbo.thickness(id, created_date, deleted, updated_date, code, name) VALUES (43, '1970-03-30', 0, '1991-03-21', '0B98XB2', 'Darren1961')
INSERT dbo.thickness(id, created_date, deleted, updated_date, code, name) VALUES (44, '1976-07-09', 0, '1970-01-23', 'T9FWOKF', 'Erlene2')
INSERT dbo.thickness(id, created_date, deleted, updated_date, code, name) VALUES (45, '1974-06-26', 0, '1970-01-02', '6X9M03U', 'Arden1994')
INSERT dbo.thickness(id, created_date, deleted, updated_date, code, name) VALUES (46, '2008-02-29', 1, '1986-03-23', 'Z3S0IZA', 'Gretchen4')
INSERT dbo.thickness(id, created_date, deleted, updated_date, code, name) VALUES (47, '1970-02-10', 1, '2005-02-19', 'J2NYAF4', 'Ai782')
INSERT dbo.thickness(id, created_date, deleted, updated_date, code, name) VALUES (48, '1998-09-04', 1, '1985-06-20', 'BG85JPX', 'Field1998')
INSERT dbo.thickness(id, created_date, deleted, updated_date, code, name) VALUES (49, '2010-10-19', 1, '1970-11-24', '69CAG7Q', 'Hennessey785')
INSERT dbo.thickness(id, created_date, deleted, updated_date, code, name) VALUES (50, '1970-01-21', 0, '1995-11-01', '0G88CV7', 'Marth244')
GO
SET IDENTITY_INSERT dbo.thickness OFF
GO

--
-- Inserting data into table dbo.voucher
--
SET IDENTITY_INSERT dbo.voucher ON
GO
INSERT dbo.voucher(id, created_date, deleted, end_date, max_percent, min_amount, quantity, start_date, updated_date, code, name, type_ticket) VALUES (1, '1999-02-04', 1, '1970-01-12', -2138696191, 49, 11, '2003-09-28', '2023-10-02', 'DIWB84X', 'Hedges1980', 'Everybody')
INSERT dbo.voucher(id, created_date, deleted, end_date, max_percent, min_amount, quantity, start_date, updated_date, code, name, type_ticket) VALUES (2, '1970-02-14', 1, '1972-02-15', -44, 44, 63, '2016-07-11', '1989-01-22', '064728S', 'Blondell667', 'Everybody')
INSERT dbo.voucher(id, created_date, deleted, end_date, max_percent, min_amount, quantity, start_date, updated_date, code, name, type_ticket) VALUES (3, '1987-03-13', 0, '1970-01-06', -181886139, 9, 90, '1991-02-25', '1970-02-01', 'Z62Z06U', 'Alethea1986', 'Individual')
INSERT dbo.voucher(id, created_date, deleted, end_date, max_percent, min_amount, quantity, start_date, updated_date, code, name, type_ticket) VALUES (4, '2001-09-17', 0, '1974-08-01', -1786021191, 84, 64, '2015-09-24', '2000-09-14', 'PW6RO68', 'Adolph16', 'Everybody')
INSERT dbo.voucher(id, created_date, deleted, end_date, max_percent, min_amount, quantity, start_date, updated_date, code, name, type_ticket) VALUES (5, '1997-02-21', 1, '1985-05-30', -347511292, 71, 45, '2013-07-13', '2003-07-26', 'IJ3QV32', 'Copeland941', 'Individual')
INSERT dbo.voucher(id, created_date, deleted, end_date, max_percent, min_amount, quantity, start_date, updated_date, code, name, type_ticket) VALUES (6, '1995-04-24', 1, '2012-12-07', -760707781, 67, 53, '1971-12-10', '2010-07-11', '48KP50Q', 'Doyle1952', 'Everybody')
INSERT dbo.voucher(id, created_date, deleted, end_date, max_percent, min_amount, quantity, start_date, updated_date, code, name, type_ticket) VALUES (7, '1991-09-05', 1, '1988-07-21', -7917, 53, 50, '1971-04-18', '1996-05-28', 'ABA70D1', 'Houston2028', 'Individual')
INSERT dbo.voucher(id, created_date, deleted, end_date, max_percent, min_amount, quantity, start_date, updated_date, code, name, type_ticket) VALUES (8, '2005-11-02', 0, '2011-12-24', -1148996508, 16, 99, '2019-01-25', '1984-12-04', '970U24E', 'Corrinne24', 'Everybody')
INSERT dbo.voucher(id, created_date, deleted, end_date, max_percent, min_amount, quantity, start_date, updated_date, code, name, type_ticket) VALUES (9, '1970-01-03', 1, '2001-11-18', 277, 89, 91, '2024-05-06', '1982-05-24', 'D42NU24', 'Curley926', 'Individual')
INSERT dbo.voucher(id, created_date, deleted, end_date, max_percent, min_amount, quantity, start_date, updated_date, code, name, type_ticket) VALUES (10, '1970-01-01', 0, '1983-01-24', 0, 96, 91, '1977-09-02', '1970-01-05', 'UZ1815G', 'Ethelene1988', 'Individual')
INSERT dbo.voucher(id, created_date, deleted, end_date, max_percent, min_amount, quantity, start_date, updated_date, code, name, type_ticket) VALUES (11, '1978-03-28', 0, '2015-06-27', -972170903, 61, 30, '1970-01-10', '1974-05-01', '31DXQ99', 'Mirna2003', 'Individual')
INSERT dbo.voucher(id, created_date, deleted, end_date, max_percent, min_amount, quantity, start_date, updated_date, code, name, type_ticket) VALUES (12, '1997-01-15', 0, '1978-09-08', -1279991894, 83, 63, '2000-02-20', '1973-06-27', '3Y7MDB9', 'Marcellus2016', 'Individual')
INSERT dbo.voucher(id, created_date, deleted, end_date, max_percent, min_amount, quantity, start_date, updated_date, code, name, type_ticket) VALUES (13, '1970-01-01', 1, '1970-01-08', 8, 5, 78, '1986-10-21', '1976-05-07', '2OH1BL9', 'Arsenault2006', 'Individual')
INSERT dbo.voucher(id, created_date, deleted, end_date, max_percent, min_amount, quantity, start_date, updated_date, code, name, type_ticket) VALUES (14, '2020-10-13', 0, '1990-02-16', -887874057, 44, 11, '1970-01-04', '1976-03-09', 'J6LQS3E', 'Wilbur515', 'Individual')
INSERT dbo.voucher(id, created_date, deleted, end_date, max_percent, min_amount, quantity, start_date, updated_date, code, name, type_ticket) VALUES (15, '1973-01-27', 1, '2013-04-22', -58774921, 37, 23, '1986-04-23', '1970-01-08', '96QU16S', 'Jerald2004', 'Individual')
INSERT dbo.voucher(id, created_date, deleted, end_date, max_percent, min_amount, quantity, start_date, updated_date, code, name, type_ticket) VALUES (16, '1997-09-27', 1, '1970-01-02', -1294512627, 18, 42, '1991-03-14', '1996-03-25', '34P2J74', 'Ali893', 'Everybody')
INSERT dbo.voucher(id, created_date, deleted, end_date, max_percent, min_amount, quantity, start_date, updated_date, code, name, type_ticket) VALUES (17, '2020-09-30', 0, '2018-04-18', -788633446, 17, 19, '1970-01-03', '1970-04-06', '7Z1MNZO', 'Steve571', 'Everybody')
INSERT dbo.voucher(id, created_date, deleted, end_date, max_percent, min_amount, quantity, start_date, updated_date, code, name, type_ticket) VALUES (18, '1996-07-28', 0, '1989-10-22', -970, 12, 35, '1990-07-02', '1970-01-07', '4Q1F98X', 'Abraham344', 'Individual')
INSERT dbo.voucher(id, created_date, deleted, end_date, max_percent, min_amount, quantity, start_date, updated_date, code, name, type_ticket) VALUES (19, '1971-02-02', 1, '1984-09-04', -63414589, 54, 59, '2019-01-31', '2019-11-06', 'G9BF3OJ', 'Adan1969', 'Individual')
INSERT dbo.voucher(id, created_date, deleted, end_date, max_percent, min_amount, quantity, start_date, updated_date, code, name, type_ticket) VALUES (20, '1987-10-04', 0, '2019-08-03', -1745897361, 75, 18, '1998-03-11', '2007-05-04', '1L7LDS6', 'Elton1977', 'Individual')
INSERT dbo.voucher(id, created_date, deleted, end_date, max_percent, min_amount, quantity, start_date, updated_date, code, name, type_ticket) VALUES (21, '1970-02-02', 0, '1997-09-04', 3251, 6, 4, '1976-11-09', '1970-01-09', 'HV6NN4T', 'Leslee2015', 'Everybody')
INSERT dbo.voucher(id, created_date, deleted, end_date, max_percent, min_amount, quantity, start_date, updated_date, code, name, type_ticket) VALUES (22, '2013-03-19', 1, '1981-05-01', -1039295669, 65, 9, '1970-02-21', '1985-11-25', '6W9958W', 'Alaine1964', 'Everybody')
INSERT dbo.voucher(id, created_date, deleted, end_date, max_percent, min_amount, quantity, start_date, updated_date, code, name, type_ticket) VALUES (23, '2021-03-10', 1, '2001-11-26', -1435001924, 84, 83, '1973-07-15', '1982-10-17', 'GR8X9T8', 'Corley2007', 'Individual')
INSERT dbo.voucher(id, created_date, deleted, end_date, max_percent, min_amount, quantity, start_date, updated_date, code, name, type_ticket) VALUES (24, '1970-01-08', 1, '2001-02-12', 7, 22, 23, '1980-04-20', '1970-01-02', 'J7549MS', 'Cherryl82', 'Individual')
INSERT dbo.voucher(id, created_date, deleted, end_date, max_percent, min_amount, quantity, start_date, updated_date, code, name, type_ticket) VALUES (25, '1972-03-30', 1, '1994-03-19', -8, 65, 7, '1975-10-14', '2015-01-03', '4U613XI', 'Augustine2022', 'Individual')
INSERT dbo.voucher(id, created_date, deleted, end_date, max_percent, min_amount, quantity, start_date, updated_date, code, name, type_ticket) VALUES (26, '2008-11-16', 0, '1979-08-25', -953006534, 67, 28, '1997-11-02', '1970-01-07', 'BL9I61K', 'Caleb9', 'Individual')
INSERT dbo.voucher(id, created_date, deleted, end_date, max_percent, min_amount, quantity, start_date, updated_date, code, name, type_ticket) VALUES (27, '1980-07-20', 0, '1985-05-14', -491752027, 81, 34, '1989-08-07', '2002-10-05', 'ISJVXN6', 'Elton7', 'Individual')
INSERT dbo.voucher(id, created_date, deleted, end_date, max_percent, min_amount, quantity, start_date, updated_date, code, name, type_ticket) VALUES (28, '1992-02-25', 0, '1986-11-27', -2036106880, 18, 39, '1981-12-13', '1990-04-18', '99F345Z', 'Tajuana2013', 'Individual')
INSERT dbo.voucher(id, created_date, deleted, end_date, max_percent, min_amount, quantity, start_date, updated_date, code, name, type_ticket) VALUES (29, '1973-04-27', 0, '1990-05-10', -2069733261, 47, 99, '2012-01-15', '1973-10-14', '6B35OFW', 'Frank277', 'Individual')
INSERT dbo.voucher(id, created_date, deleted, end_date, max_percent, min_amount, quantity, start_date, updated_date, code, name, type_ticket) VALUES (30, '1971-11-28', 1, '1990-06-17', -69, 91, 78, '2001-01-14', '1974-05-03', 'H919M5I', 'Ada1982', 'Individual')
INSERT dbo.voucher(id, created_date, deleted, end_date, max_percent, min_amount, quantity, start_date, updated_date, code, name, type_ticket) VALUES (31, '1988-03-14', 0, '1970-04-13', -110987346, 61, 92, '2020-09-15', '2020-09-25', '8809I38', 'Christopher2027', 'Individual')
INSERT dbo.voucher(id, created_date, deleted, end_date, max_percent, min_amount, quantity, start_date, updated_date, code, name, type_ticket) VALUES (32, '1971-11-30', 0, '1996-07-29', -6, 64, 95, '2023-11-29', '1979-10-08', 'ZP0G548', 'Santos581', 'Everybody')
INSERT dbo.voucher(id, created_date, deleted, end_date, max_percent, min_amount, quantity, start_date, updated_date, code, name, type_ticket) VALUES (33, '2004-05-14', 0, '1980-04-28', -545652620, 3, 40, '2014-11-22', '1988-12-01', 'E22134G', 'Teodoro467', 'Individual')
INSERT dbo.voucher(id, created_date, deleted, end_date, max_percent, min_amount, quantity, start_date, updated_date, code, name, type_ticket) VALUES (34, '1971-06-05', 0, '2003-08-26', -52, 9, 4, '1971-08-02', '1970-03-04', '807X59Z', 'Noble833', 'Individual')
INSERT dbo.voucher(id, created_date, deleted, end_date, max_percent, min_amount, quantity, start_date, updated_date, code, name, type_ticket) VALUES (35, '1990-03-12', 0, '1998-12-29', -737, 3, 12, '2016-06-04', '1974-10-21', 'N393556', 'Toney326', 'Individual')
INSERT dbo.voucher(id, created_date, deleted, end_date, max_percent, min_amount, quantity, start_date, updated_date, code, name, type_ticket) VALUES (36, '2012-07-26', 0, '1988-04-09', -465075708, 48, 22, '2011-11-18', '1971-07-19', '3N91O0P', 'Reyes2017', 'Individual')
INSERT dbo.voucher(id, created_date, deleted, end_date, max_percent, min_amount, quantity, start_date, updated_date, code, name, type_ticket) VALUES (37, '1977-07-13', 0, '2012-11-12', -1538708039, 31, 44, '1970-04-01', '1992-08-26', '0ROAZYF', 'Delbert7', 'Individual')
INSERT dbo.voucher(id, created_date, deleted, end_date, max_percent, min_amount, quantity, start_date, updated_date, code, name, type_ticket) VALUES (38, '1975-12-11', 1, '2010-10-07', -684580765, 48, 62, '1982-01-04', '1972-02-14', 'QR76352', 'Gough1991', 'Individual')
INSERT dbo.voucher(id, created_date, deleted, end_date, max_percent, min_amount, quantity, start_date, updated_date, code, name, type_ticket) VALUES (39, '2010-12-03', 0, '1970-01-04', -1774492222, 27, 18, '2008-02-24', '1978-05-24', '2VO524K', 'Chauncey336', 'Everybody')
INSERT dbo.voucher(id, created_date, deleted, end_date, max_percent, min_amount, quantity, start_date, updated_date, code, name, type_ticket) VALUES (40, '1974-12-20', 1, '1993-07-13', -181, 2, 50, '1970-01-10', '1991-10-03', '4O5WBHC', 'Alphonso1964', 'Individual')
INSERT dbo.voucher(id, created_date, deleted, end_date, max_percent, min_amount, quantity, start_date, updated_date, code, name, type_ticket) VALUES (41, '2008-07-10', 1, '1971-02-16', -45424928, 19, 67, '2001-04-10', '2002-12-22', '6FI8E73', 'Mammie1978', 'Everybody')
INSERT dbo.voucher(id, created_date, deleted, end_date, max_percent, min_amount, quantity, start_date, updated_date, code, name, type_ticket) VALUES (42, '2010-02-04', 1, '1970-01-09', -1227191863, 78, 78, '1979-09-26', '1999-06-25', '0IF2456', 'Adelaida2023', 'Everybody')
INSERT dbo.voucher(id, created_date, deleted, end_date, max_percent, min_amount, quantity, start_date, updated_date, code, name, type_ticket) VALUES (43, '2002-04-27', 0, '2004-02-20', -2043807899, 2, 21, '2009-01-26', '1971-05-21', '1C075D5', 'Max1967', 'Everybody')
INSERT dbo.voucher(id, created_date, deleted, end_date, max_percent, min_amount, quantity, start_date, updated_date, code, name, type_ticket) VALUES (44, '1971-08-25', 0, '1975-08-26', -838067134, 12, 79, '1977-03-20', '2010-11-17', 'NPW0XC0', 'Gillis846', 'Individual')
INSERT dbo.voucher(id, created_date, deleted, end_date, max_percent, min_amount, quantity, start_date, updated_date, code, name, type_ticket) VALUES (45, '2021-05-22', 0, '1982-11-20', -1207367595, 17, 67, '1985-09-27', '1970-01-02', 'TFG3QUF', 'Larraine2022', 'Individual')
INSERT dbo.voucher(id, created_date, deleted, end_date, max_percent, min_amount, quantity, start_date, updated_date, code, name, type_ticket) VALUES (46, '1998-02-18', 0, '2000-04-18', -1707987240, 5, 26, '1997-03-03', '1996-02-29', '3GCJ4UQ', 'Jennings1', 'Individual')
INSERT dbo.voucher(id, created_date, deleted, end_date, max_percent, min_amount, quantity, start_date, updated_date, code, name, type_ticket) VALUES (47, '1990-07-02', 0, '1970-01-22', -1093361928, 44, 60, '2014-07-19', '1974-11-11', '3D9Z2A8', 'Gutierrez1973', 'Everybody')
INSERT dbo.voucher(id, created_date, deleted, end_date, max_percent, min_amount, quantity, start_date, updated_date, code, name, type_ticket) VALUES (48, '1971-06-13', 1, '1974-08-22', -5, 16, 50, '2016-06-17', '1990-05-16', 'LJN94WC', 'Trask973', 'Individual')
INSERT dbo.voucher(id, created_date, deleted, end_date, max_percent, min_amount, quantity, start_date, updated_date, code, name, type_ticket) VALUES (49, '1970-02-03', 0, '2012-03-29', 334, 43, 61, '1970-01-09', '2016-10-14', 'J7U7M09', 'Lacy354', 'Everybody')
INSERT dbo.voucher(id, created_date, deleted, end_date, max_percent, min_amount, quantity, start_date, updated_date, code, name, type_ticket) VALUES (50, '1970-01-10', 0, '1972-05-15', 9, 6, 34, '2023-10-16', '2022-01-25', '09071KT', 'Tereasa1974', 'Everybody')
GO
SET IDENTITY_INSERT dbo.voucher OFF
GO

--
-- Inserting data into table dbo.bill
--
SET IDENTITY_INSERT dbo.bill ON
GO
INSERT dbo.bill(id, created_date, customer_id, deleted, sub_total, total, updated_date, voucher_id, address, code, phone, status, type) VALUES (1, '2020-03-25', 24, 1, 63720415007.96, 67960020508.86, '1985-07-21', 3, '1388 Parkwood Loop, STE 31, Lansing, Michigan, 24438', 'J3818I3', '(951) 501-9191', 'PENDING', 'INSTORE')
INSERT dbo.bill(id, created_date, customer_id, deleted, sub_total, total, updated_date, voucher_id, address, code, phone, status, type) VALUES (2, '1999-01-20', 10, 0, 25816206083.41, -83210086971.68, '1997-07-14', 23, '2083 SE Bayview Hwy, Diamond Bldg, Austin, Texas, 35512', '3KP76Q2', '(873) 033-1497', 'PENDING', 'ONLINE')
INSERT dbo.bill(id, created_date, customer_id, deleted, sub_total, total, updated_date, voucher_id, address, code, phone, status, type) VALUES (3, '1983-01-15', 21, 0, -476.53, -83700422870.47, '1999-08-15', 18, '3782 Hidden Meadowview Avenue, Comcast Bldg, Phoenix, AZ, 14366', '62B9IYZ', '(286) 206-7080', 'CANCELLED', 'INSTORE')
INSERT dbo.bill(id, created_date, customer_id, deleted, sub_total, total, updated_date, voucher_id, address, code, phone, status, type) VALUES (4, '1985-11-15', 28, 1, 64284420908.61, -59580123096.18, '2018-11-10', 42, '56 Front Way, 7th Floor, Salem, Oregon, 66021', '9783DS1', '(826) 193-9372', 'PENDING', 'ONLINE')
INSERT dbo.bill(id, created_date, customer_id, deleted, sub_total, total, updated_date, voucher_id, address, code, phone, status, type) VALUES (5, '2019-09-21', 34, 0, 85232869560.37, -70861306019.69, '1987-04-24', 20, '646 SE Ironwood Avenue, Little Rock, Arkansas, 83249', '3BW5720', '(967) 582-3086', 'FAILED', 'ONLINE')
INSERT dbo.bill(id, created_date, customer_id, deleted, sub_total, total, updated_date, voucher_id, address, code, phone, status, type) VALUES (6, '1976-02-23', 14, 1, 26660444458.83, -82014792059.9, '2021-04-13', 46, '1086 Brentwood Blvd, Dover, DE, 59369', '52491F8', '(812) 301-5300', 'PENDING', 'INSTORE')
INSERT dbo.bill(id, created_date, customer_id, deleted, sub_total, total, updated_date, voucher_id, address, code, phone, status, type) VALUES (7, '1992-09-01', 13, 1, 17125569442.97, 41803592538.61, '1987-07-04', 30, '94 North Chapel Hill Pkwy, APT 436, Frankfort, Kentucky, 94314', 'Z36CCWL', '(537) 222-1190', 'SUCCESS', 'ONLINE')
INSERT dbo.bill(id, created_date, customer_id, deleted, sub_total, total, updated_date, voucher_id, address, code, phone, status, type) VALUES (8, '2017-06-12', 39, 0, 75475150807.22, 23981519134.48, '1975-08-05', 18, '3543 Rockwood Way, Bartlett Building, Santa Fe, NM, 74100', '4W0A3HU', '(236) 929-0143', 'SUCCESS', 'ONLINE')
INSERT dbo.bill(id, created_date, customer_id, deleted, sub_total, total, updated_date, voucher_id, address, code, phone, status, type) VALUES (9, '1976-11-07', 12, 1, 30890666736.5, -53.34, '1971-06-17', 19, '296 SW Rockwood Blvd, Comcast Building, Saint Paul, Minnesota, 63918', '5T5WXN4', '(748) 666-0948', 'FAILED', 'INSTORE')
INSERT dbo.bill(id, created_date, customer_id, deleted, sub_total, total, updated_date, voucher_id, address, code, phone, status, type) VALUES (10, '2005-02-20', 20, 1, -31481835538.41, -29.73, '1970-10-21', 47, '291 E Market Pkwy, Helena, MT, 32277', '8F8436U', '(173) 265-2255', 'SUCCESS', 'INSTORE')
INSERT dbo.bill(id, created_date, customer_id, deleted, sub_total, total, updated_date, voucher_id, address, code, phone, status, type) VALUES (11, '1970-01-07', 8, 0, 6.95, 468162239.61, '2009-11-21', 39, '1811 S Rock Hill Blvd, Juneau, AK, 04145', '50K8PW8', '(131) 136-7890', 'PENDING', 'ONLINE')
INSERT dbo.bill(id, created_date, customer_id, deleted, sub_total, total, updated_date, voucher_id, address, code, phone, status, type) VALUES (12, '2017-11-23', 4, 0, -52841148533.84, -54376540325.02, '1974-11-28', 3, '2676 E Prospect Hill Ave, Lincoln, NE, 15194', '619830K', '(357) 166-5983', 'PENDING', 'INSTORE')
INSERT dbo.bill(id, created_date, customer_id, deleted, sub_total, total, updated_date, voucher_id, address, code, phone, status, type) VALUES (13, '1974-08-08', 31, 0, 41162043428.51, -38279842529.14, '2002-03-03', 27, '605 White Rock Hill Lane, 86th Floor, Montpelier, VT, 67021', 'M083NHG', '(640) 849-9808', 'SUCCESS', 'ONLINE')
INSERT dbo.bill(id, created_date, customer_id, deleted, sub_total, total, updated_date, voucher_id, address, code, phone, status, type) VALUES (14, '2007-02-10', 27, 1, -71624296905.23, 5.23, '1970-01-06', 11, '441 S Ski Hill Highway, Bartlett Building, Boise, Idaho, 94526', '512359C', '(121) 928-0709', 'CANCELLED', 'INSTORE')
INSERT dbo.bill(id, created_date, customer_id, deleted, sub_total, total, updated_date, voucher_id, address, code, phone, status, type) VALUES (15, '1995-05-07', 29, 1, -18786669647.42, 61498663691.67, '1978-04-15', 10, '2526 West Pine Tree Highway, Diamond Building, Salt Lake City, Utah, 01418', '69YP0RY', '(838) 048-5399', 'PENDING', 'ONLINE')
INSERT dbo.bill(id, created_date, customer_id, deleted, sub_total, total, updated_date, voucher_id, address, code, phone, status, type) VALUES (16, '1980-06-10', 33, 0, 10596595362.36, 26220955188.99, '2005-04-09', 19, '2815 W Ashwood Pkwy, 9th Floor, Indianapolis, IN, 35378', 'ICEYZW8', '(221) 768-2554', 'CANCELLED', 'INSTORE')
INSERT dbo.bill(id, created_date, customer_id, deleted, sub_total, total, updated_date, voucher_id, address, code, phone, status, type) VALUES (17, '2007-02-15', 26, 1, -8319863012.2, -5.6, '1971-05-27', 2, '653 NE Edgewood St, Columbia, South Carolina, 96021', 'U4Z6100', '(870) 923-0471', 'CANCELLED', 'ONLINE')
INSERT dbo.bill(id, created_date, customer_id, deleted, sub_total, total, updated_date, voucher_id, address, code, phone, status, type) VALUES (18, '1979-12-11', 38, 0, -3631.34, -7517.34, '1990-08-01', 34, '75 Town Ln, Frankfort, Kentucky, 24833', '96Q1WXX', '(914) 555-5068', 'SUCCESS', 'INSTORE')
INSERT dbo.bill(id, created_date, customer_id, deleted, sub_total, total, updated_date, voucher_id, address, code, phone, status, type) VALUES (19, '1974-01-05', 33, 0, -43755216836.04, 69067298722.78, '2013-08-13', 29, '694 Hidden Ironwood Loop, Standard Bldg, Denver, CO, 06597', 'ABCU70W', '(723) 311-9006', 'PENDING', 'ONLINE')
INSERT dbo.bill(id, created_date, customer_id, deleted, sub_total, total, updated_date, voucher_id, address, code, phone, status, type) VALUES (20, '2001-08-16', 13, 1, 27808287514.38, -33505098403.58, '1999-03-31', 24, '1547 NE Ski Hill Dr, Kearns Building, Jackson, Mississippi, 91926', '00W3W94', '(241) 260-0002', 'CANCELLED', 'ONLINE')
INSERT dbo.bill(id, created_date, customer_id, deleted, sub_total, total, updated_date, voucher_id, address, code, phone, status, type) VALUES (21, '1978-05-10', 28, 1, -34681142914.99, -96685739203.64, '2005-05-18', 14, '1858 Waterview Ln, Appartment 67, Topeka, Kansas, 31062', '18NDI7V', '(192) 966-7218', 'SUCCESS', 'ONLINE')
INSERT dbo.bill(id, created_date, customer_id, deleted, sub_total, total, updated_date, voucher_id, address, code, phone, status, type) VALUES (22, '1995-12-08', 2, 0, -34047592865.03, -20673799937.61, '1987-03-21', 10, '2130 White Mountain Street, First Security Bldg, Indianapolis, Indiana, 45948', 'H1CKA6M', '(361) 203-3649', 'SUCCESS', 'ONLINE')
INSERT dbo.bill(id, created_date, customer_id, deleted, sub_total, total, updated_date, voucher_id, address, code, phone, status, type) VALUES (23, '1999-01-05', 36, 1, -88551121618.33, -6059540498.37, '2013-02-27', 33, '3250 East Riverside Road, Phoenix, AZ, 34596', '2T010P7', '(932) 094-5575', 'FAILED', 'INSTORE')
INSERT dbo.bill(id, created_date, customer_id, deleted, sub_total, total, updated_date, voucher_id, address, code, phone, status, type) VALUES (24, '1972-05-17', 47, 1, -8.78, -61927906574.02, '1978-06-02', 12, '1179 North Mountain Hwy, Des Moines, Iowa, 27520', '5B5HUWR', '(244) 448-4768', 'PENDING', 'ONLINE')
INSERT dbo.bill(id, created_date, customer_id, deleted, sub_total, total, updated_date, voucher_id, address, code, phone, status, type) VALUES (25, '1970-01-07', 43, 0, 63.97, -19812942559.72, '1977-05-31', 15, '1964 NE Rose Hill Lane, Columbia, South Carolina, 97413', 'X7Q425Z', '(164) 563-1078', 'FAILED', 'INSTORE')
INSERT dbo.bill(id, created_date, customer_id, deleted, sub_total, total, updated_date, voucher_id, address, code, phone, status, type) VALUES (26, '2013-03-14', 26, 1, -71976353115.26, -741.94, '1990-04-23', 34, '422 Fox Hill Hwy, Suite 515, Lincoln, Nebraska, 90113', '0VO463T', '(164) 347-4821', 'SUCCESS', 'ONLINE')
INSERT dbo.bill(id, created_date, customer_id, deleted, sub_total, total, updated_date, voucher_id, address, code, phone, status, type) VALUES (27, '1983-11-05', 41, 0, 39287311233.83, -81002060312.28, '2022-05-07', 32, '3265 Market Lane, Dover, Delaware, 26858', '08W2S1G', '(651) 163-8918', 'CANCELLED', 'ONLINE')
INSERT dbo.bill(id, created_date, customer_id, deleted, sub_total, total, updated_date, voucher_id, address, code, phone, status, type) VALUES (28, '2004-05-24', 7, 0, -98863441048.25, 36564692142.95, '1996-03-24', 20, '58 E Quailwood Ct, Diamond Bldg, Tallahassee, Florida, 10323', 'U13X46N', '(190) 513-7373', 'SUCCESS', 'ONLINE')
INSERT dbo.bill(id, created_date, customer_id, deleted, sub_total, total, updated_date, voucher_id, address, code, phone, status, type) VALUES (29, '2000-07-09', 7, 1, 18258986032.53, 32.62, '1970-01-04', 34, '969 Burwood Court, Appartment 47, Sacramento, California, 04454', 'V21444H', '(362) 919-2462', 'FAILED', 'ONLINE')
INSERT dbo.bill(id, created_date, customer_id, deleted, sub_total, total, updated_date, voucher_id, address, code, phone, status, type) VALUES (30, '1970-01-12', 12, 1, 110.42, -35617833084.69, '1973-07-31', 36, '67 Hidden Lake Blvd, Diamond Bldg, Raleigh, NC, 20451', '2QVZ8PU', '(833) 067-7569', 'CANCELLED', 'ONLINE')
INSERT dbo.bill(id, created_date, customer_id, deleted, sub_total, total, updated_date, voucher_id, address, code, phone, status, type) VALUES (31, '1986-11-22', 15, 1, -5061765824.24, 3055284828.78, '2002-02-07', 5, '316 Church Blvd, Juneau, AK, 41935', 'L60364P', '(576) 204-9105', 'SUCCESS', 'ONLINE')
INSERT dbo.bill(id, created_date, customer_id, deleted, sub_total, total, updated_date, voucher_id, address, code, phone, status, type) VALUES (32, '2013-06-03', 10, 1, 50958445870.26, -8052104882.22, '1980-07-16', 16, '758 Prospect Hill Dr, 52th FL, Annapolis, Maryland, 40674', '05W29GB', '(583) 420-8609', 'CANCELLED', 'ONLINE')
INSERT dbo.bill(id, created_date, customer_id, deleted, sub_total, total, updated_date, voucher_id, address, code, phone, status, type) VALUES (33, '2012-06-27', 33, 0, 2940947676.07, -69810534095.62, '2006-10-14', 8, '31 S Stonewood Loop, STE 87, Juneau, Alaska, 53219', 'MP97TP0', '(659) 344-2951', 'PENDING', 'ONLINE')
INSERT dbo.bill(id, created_date, customer_id, deleted, sub_total, total, updated_date, voucher_id, address, code, phone, status, type) VALUES (34, '2020-06-30', 35, 1, 42370586225.97, -5.13, '1971-07-03', 44, '63 Pine Tree Ave, Judge Building, Lansing, Michigan, 06118', 'NPN0Z33', '(782) 164-8595', 'CANCELLED', 'ONLINE')
INSERT dbo.bill(id, created_date, customer_id, deleted, sub_total, total, updated_date, voucher_id, address, code, phone, status, type) VALUES (35, '1977-08-24', 44, 0, 85803373425.52, -585.83, '1986-01-10', 10, '319 Prospect Hill Blvd, Keith Bldg, Boise, Idaho, 76994', 'V2L1138', '(982) 826-6553', 'FAILED', 'INSTORE')
INSERT dbo.bill(id, created_date, customer_id, deleted, sub_total, total, updated_date, voucher_id, address, code, phone, status, type) VALUES (36, '1972-06-15', 6, 0, -8.96, -945.18, '1995-11-19', 22, '238 Hunting Hill Way, Honolulu, Hawaii, 19687', '7F9014J', '(603) 260-6674', 'PENDING', 'ONLINE')
INSERT dbo.bill(id, created_date, customer_id, deleted, sub_total, total, updated_date, voucher_id, address, code, phone, status, type) VALUES (37, '2018-10-27', 39, 0, 76307528093.73, -98311307284.99, '1991-04-20', 1, '61 Ironwood Parkway, Plaza Bldg, Baton Rouge, Louisiana, 38502', 'KJGK143', '(568) 730-2747', 'SUCCESS', 'INSTORE')
INSERT dbo.bill(id, created_date, customer_id, deleted, sub_total, total, updated_date, voucher_id, address, code, phone, status, type) VALUES (38, '2021-08-09', 49, 1, -64168097872.52, -78759864468.06, '2015-12-14', 41, '1761 Front Lane, Salt Lake City, Utah, 70320', 'D4P24MN', '(340) 205-9308', 'CANCELLED', 'INSTORE')
INSERT dbo.bill(id, created_date, customer_id, deleted, sub_total, total, updated_date, voucher_id, address, code, phone, status, type) VALUES (39, '2000-02-28', 48, 0, 14430414351.01, 65560469737.51, '1975-01-31', 13, '2513 SW Pine Tree Parkway, 3rd FL, Tallahassee, FL, 28146', '16014W2', '(494) 993-6629', 'PENDING', 'INSTORE')
INSERT dbo.bill(id, created_date, customer_id, deleted, sub_total, total, updated_date, voucher_id, address, code, phone, status, type) VALUES (40, '1988-11-26', 6, 0, 97760997817.84, -87878766494.71, '1997-04-17', 41, '122 White Edgewood Ave, Atlanta, Georgia, 14003', 'P9A80O9', '(907) 223-8253', 'FAILED', 'ONLINE')
INSERT dbo.bill(id, created_date, customer_id, deleted, sub_total, total, updated_date, voucher_id, address, code, phone, status, type) VALUES (41, '1978-02-27', 18, 0, -26063691178.35, -746.87, '1990-06-10', 5, '2619 New Flintwood Hwy, Boise, ID, 31658', '49U7EAE', '(918) 918-5124', 'CANCELLED', 'ONLINE')
INSERT dbo.bill(id, created_date, customer_id, deleted, sub_total, total, updated_date, voucher_id, address, code, phone, status, type) VALUES (42, '1970-03-03', 27, 0, 6199.15, 20492432993.38, '1976-12-26', 30, '2158 South Hazelwood Highway, Duke Energy Building, Hartford, Connecticut, 46929', 'GH325W5', '(584) 346-1791', 'SUCCESS', 'INSTORE')
INSERT dbo.bill(id, created_date, customer_id, deleted, sub_total, total, updated_date, voucher_id, address, code, phone, status, type) VALUES (43, '2012-02-18', 23, 0, 43318897397.49, -46925440064.55, '2007-07-20', 3, '1503 Market Cir, Concord, NH, 29993', '42LW455', '(981) 682-5876', 'FAILED', 'ONLINE')
INSERT dbo.bill(id, created_date, customer_id, deleted, sub_total, total, updated_date, voucher_id, address, code, phone, status, type) VALUES (44, '1977-04-30', 40, 0, -57093290677.47, 28577991288.59, '1975-10-10', 44, '1495 Rose Hill Rd, Guardian Building, Salem, OR, 07561', '31T0C63', '(205) 787-0309', 'PENDING', 'INSTORE')
INSERT dbo.bill(id, created_date, customer_id, deleted, sub_total, total, updated_date, voucher_id, address, code, phone, status, type) VALUES (45, '1971-03-06', 15, 1, 7803371304.35, -75679131770.28, '1978-03-15', 4, '2094 N Pine Tree Circle, Frankfort, Kentucky, 59405', 'XF93756', '(657) 216-0159', 'FAILED', 'ONLINE')
INSERT dbo.bill(id, created_date, customer_id, deleted, sub_total, total, updated_date, voucher_id, address, code, phone, status, type) VALUES (46, '1984-09-15', 38, 1, -8847565666.17, 23821291384.49, '1980-07-29', 25, '1959 Mount Cir, Diamond Bldg, Santa Fe, New Mexico, 09699', '351934R', '(915) 124-2175', 'FAILED', 'INSTORE')
INSERT dbo.bill(id, created_date, customer_id, deleted, sub_total, total, updated_date, voucher_id, address, code, phone, status, type) VALUES (47, '2007-12-03', 49, 1, -79382686979.32, -77069017715.07, '2021-12-16', 34, '3001 West Ski Hill Way, Buhl Building, Topeka, Kansas, 91545', '0FR4LNW', '(517) 598-5479', 'SUCCESS', 'ONLINE')
INSERT dbo.bill(id, created_date, customer_id, deleted, sub_total, total, updated_date, voucher_id, address, code, phone, status, type) VALUES (48, '2009-01-31', 41, 0, -49223273442.07, 432.92, '1970-02-13', 36, '2340 Lake Hwy, Montgomery, AL, 99427', 'F76R8O4', '(691) 091-6995', 'CANCELLED', 'INSTORE')
INSERT dbo.bill(id, created_date, customer_id, deleted, sub_total, total, updated_date, voucher_id, address, code, phone, status, type) VALUES (49, '2002-09-28', 17, 1, -12834996793.08, -12905523099.99, '1982-07-13', 43, '55 Rockwood Parkway, Plaza Bldg, Salt Lake City, Utah, 30352', 'G1GW6I7', '(341) 787-2195', 'CANCELLED', 'INSTORE')
INSERT dbo.bill(id, created_date, customer_id, deleted, sub_total, total, updated_date, voucher_id, address, code, phone, status, type) VALUES (50, '1970-10-15', 22, 0, -93208104383.63, -1680951589.31, '1999-11-08', 24, '3026 North Sharp Hill Ln, Madison, Wisconsin, 96478', '981N3OZ', '(957) 389-4429', 'FAILED', 'INSTORE')
GO
SET IDENTITY_INSERT dbo.bill OFF
GO

--
-- Inserting data into table dbo.product_detail
--
SET IDENTITY_INSERT dbo.product_detail ON
GO
INSERT dbo.product_detail(id, brand_id, collar_id, color_id, created_date, deleted, elasticity_id, image_id, material_id, origin_id, price, product_id, quantity, size_id, sleeve_id, style_id, texture_id, thickness_id, updated_date, code, name) VALUES (1, 13, 31, 6, '1970-09-29', 1, 38, 5, 27, 34, -2.64, 42, 1, 9, 23, 40, 50, 35, '1992-04-28', '13FAW26', 'Tetara')
INSERT dbo.product_detail(id, brand_id, collar_id, color_id, created_date, deleted, elasticity_id, image_id, material_id, origin_id, price, product_id, quantity, size_id, sleeve_id, style_id, texture_id, thickness_id, updated_date, code, name) VALUES (2, 19, 6, 29, '1970-01-02', 0, 18, 43, 36, 45, 11.05, 17, 45, 44, 41, 14, 27, 36, '2021-07-10', '1936270', 'Monholdpler')
INSERT dbo.product_detail(id, brand_id, collar_id, color_id, created_date, deleted, elasticity_id, image_id, material_id, origin_id, price, product_id, quantity, size_id, sleeve_id, style_id, texture_id, thickness_id, updated_date, code, name) VALUES (3, 11, 24, 15, '2010-08-08', 0, 15, 38, 2, 25, 87018360466.76, 45, 84, 34, 31, 31, 30, 6, '1977-06-30', 'ESL3L64', 'Speaktecterator')
INSERT dbo.product_detail(id, brand_id, collar_id, color_id, created_date, deleted, elasticity_id, image_id, material_id, origin_id, price, product_id, quantity, size_id, sleeve_id, style_id, texture_id, thickness_id, updated_date, code, name) VALUES (4, 17, 32, 29, '1970-11-18', 0, 10, 15, 38, 27, -321.6, 14, 93, 45, 16, 20, 7, 14, '2000-10-26', '742T2ZX', 'Conholdgaor')
INSERT dbo.product_detail(id, brand_id, collar_id, color_id, created_date, deleted, elasticity_id, image_id, material_id, origin_id, price, product_id, quantity, size_id, sleeve_id, style_id, texture_id, thickness_id, updated_date, code, name) VALUES (5, 36, 49, 9, '1970-03-15', 0, 44, 6, 2, 41, 7391.49, 47, 71, 42, 18, 12, 13, 49, '1994-07-15', '75090PJ', 'Tweetwoofer')
INSERT dbo.product_detail(id, brand_id, collar_id, color_id, created_date, deleted, elasticity_id, image_id, material_id, origin_id, price, product_id, quantity, size_id, sleeve_id, style_id, texture_id, thickness_id, updated_date, code, name) VALUES (6, 23, 31, 7, '2016-03-05', 1, 50, 30, 22, 34, -52537697775.42, 9, 30, 27, 1, 35, 21, 22, '1990-01-24', 'CP0DQ44', 'Confindletator')
INSERT dbo.product_detail(id, brand_id, collar_id, color_id, created_date, deleted, elasticity_id, image_id, material_id, origin_id, price, product_id, quantity, size_id, sleeve_id, style_id, texture_id, thickness_id, updated_date, code, name) VALUES (7, 39, 38, 33, '2019-10-20', 1, 14, 17, 8, 22, 53759976192.26, 11, 4, 36, 9, 20, 33, 26, '2023-12-10', 'SB7IRH2', 'Anceivollridge')
INSERT dbo.product_detail(id, brand_id, collar_id, color_id, created_date, deleted, elasticity_id, image_id, material_id, origin_id, price, product_id, quantity, size_id, sleeve_id, style_id, texture_id, thickness_id, updated_date, code, name) VALUES (8, 44, 15, 28, '2023-05-08', 1, 37, 14, 9, 10, 58406536587.2, 21, 59, 25, 24, 29, 14, 47, '1989-01-01', 'M7NJ89X', 'Armjectscope')
INSERT dbo.product_detail(id, brand_id, collar_id, color_id, created_date, deleted, elasticity_id, image_id, material_id, origin_id, price, product_id, quantity, size_id, sleeve_id, style_id, texture_id, thickness_id, updated_date, code, name) VALUES (9, 41, 34, 25, '2008-05-25', 1, 6, 37, 20, 3, 81581331076.93, 24, 66, 33, 38, 3, 16, 11, '1970-01-03', 'S0728WS', 'Monomutgaon')
INSERT dbo.product_detail(id, brand_id, collar_id, color_id, created_date, deleted, elasticity_id, image_id, material_id, origin_id, price, product_id, quantity, size_id, sleeve_id, style_id, texture_id, thickness_id, updated_date, code, name) VALUES (10, 6, 25, 11, '2019-06-05', 0, 6, 22, 25, 47, 92795138300.25, 2, 10, 38, 38, 21, 21, 26, '2006-01-23', 'S5P4RN5', 'Playtellerer')
INSERT dbo.product_detail(id, brand_id, collar_id, color_id, created_date, deleted, elasticity_id, image_id, material_id, origin_id, price, product_id, quantity, size_id, sleeve_id, style_id, texture_id, thickness_id, updated_date, code, name) VALUES (11, 32, 7, 33, '2018-12-19', 1, 8, 27, 41, 16, 13780144052.21, 45, 4, 20, 38, 7, 12, 6, '1988-07-01', 'B4KIFW6', 'Conceivphone')
INSERT dbo.product_detail(id, brand_id, collar_id, color_id, created_date, deleted, elasticity_id, image_id, material_id, origin_id, price, product_id, quantity, size_id, sleeve_id, style_id, texture_id, thickness_id, updated_date, code, name) VALUES (12, 21, 24, 19, '1994-01-07', 1, 18, 19, 13, 18, -64385073111.49, 35, 48, 44, 11, 18, 14, 13, '2003-11-23', 'KBBA541', 'Micmutefor')
INSERT dbo.product_detail(id, brand_id, collar_id, color_id, created_date, deleted, elasticity_id, image_id, material_id, origin_id, price, product_id, quantity, size_id, sleeve_id, style_id, texture_id, thickness_id, updated_date, code, name) VALUES (13, 16, 35, 4, '1988-09-19', 1, 9, 50, 43, 26, -98593413227.17, 13, 13, 45, 6, 31, 4, 5, '2006-08-08', 'C9O9G99', 'Stereofindlet')
INSERT dbo.product_detail(id, brand_id, collar_id, color_id, created_date, deleted, elasticity_id, image_id, material_id, origin_id, price, product_id, quantity, size_id, sleeve_id, style_id, texture_id, thickness_id, updated_date, code, name) VALUES (14, 49, 31, 10, '1992-05-22', 1, 34, 28, 23, 49, -1860130190.59, 15, 9, 6, 10, 1, 23, 3, '1984-11-14', 'W5NY3JP', 'Monomutoller')
INSERT dbo.product_detail(id, brand_id, collar_id, color_id, created_date, deleted, elasticity_id, image_id, material_id, origin_id, price, product_id, quantity, size_id, sleeve_id, style_id, texture_id, thickness_id, updated_date, code, name) VALUES (15, 4, 44, 33, '1970-01-10', 0, 33, 14, 32, 3, 9.86, 43, 28, 44, 28, 45, 27, 40, '1974-11-29', 'NRGTPQP', 'Tablifiar')
INSERT dbo.product_detail(id, brand_id, collar_id, color_id, created_date, deleted, elasticity_id, image_id, material_id, origin_id, price, product_id, quantity, size_id, sleeve_id, style_id, texture_id, thickness_id, updated_date, code, name) VALUES (16, 9, 19, 13, '1972-01-28', 1, 35, 37, 33, 27, -75.09, 43, 12, 13, 13, 47, 41, 7, '1971-06-17', '6E1SRVW', 'Relifier')
INSERT dbo.product_detail(id, brand_id, collar_id, color_id, created_date, deleted, elasticity_id, image_id, material_id, origin_id, price, product_id, quantity, size_id, sleeve_id, style_id, texture_id, thickness_id, updated_date, code, name) VALUES (17, 49, 31, 42, '1971-03-15', 1, 20, 32, 42, 18, -43.28, 30, 94, 20, 42, 10, 20, 28, '2005-08-13', '298R0LZ', 'Comleer')
INSERT dbo.product_detail(id, brand_id, collar_id, color_id, created_date, deleted, elasticity_id, image_id, material_id, origin_id, price, product_id, quantity, size_id, sleeve_id, style_id, texture_id, thickness_id, updated_date, code, name) VALUES (18, 20, 6, 32, '1970-01-04', 1, 40, 8, 20, 46, 3.14, 38, 85, 16, 28, 16, 2, 30, '2002-01-29', 'H08M004', 'Cleanculor')
INSERT dbo.product_detail(id, brand_id, collar_id, color_id, created_date, deleted, elasticity_id, image_id, material_id, origin_id, price, product_id, quantity, size_id, sleeve_id, style_id, texture_id, thickness_id, updated_date, code, name) VALUES (19, 37, 10, 46, '2003-04-21', 0, 46, 31, 9, 50, 23535894120.35, 34, 70, 49, 43, 46, 42, 15, '1984-02-07', '243JWZ7', 'Complottar')
INSERT dbo.product_detail(id, brand_id, collar_id, color_id, created_date, deleted, elasticity_id, image_id, material_id, origin_id, price, product_id, quantity, size_id, sleeve_id, style_id, texture_id, thickness_id, updated_date, code, name) VALUES (20, 27, 25, 48, '2015-05-12', 1, 33, 1, 34, 38, -82250298429.14, 43, 3, 12, 44, 5, 40, 40, '2022-11-09', '4F1030K', 'Speaklera')
INSERT dbo.product_detail(id, brand_id, collar_id, color_id, created_date, deleted, elasticity_id, image_id, material_id, origin_id, price, product_id, quantity, size_id, sleeve_id, style_id, texture_id, thickness_id, updated_date, code, name) VALUES (21, 10, 7, 3, '1979-12-02', 1, 29, 43, 41, 6, -362.7, 32, 87, 2, 36, 32, 33, 39, '2020-05-09', '86BS89I', 'Transtectentor')
INSERT dbo.product_detail(id, brand_id, collar_id, color_id, created_date, deleted, elasticity_id, image_id, material_id, origin_id, price, product_id, quantity, size_id, sleeve_id, style_id, texture_id, thickness_id, updated_date, code, name) VALUES (22, 29, 28, 50, '1970-04-16', 1, 12, 20, 44, 44, 34492386823.99, 1, 99, 7, 31, 5, 13, 8, '1994-09-20', 'LYWNGJ0', 'Rebandor')
INSERT dbo.product_detail(id, brand_id, collar_id, color_id, created_date, deleted, elasticity_id, image_id, material_id, origin_id, price, product_id, quantity, size_id, sleeve_id, style_id, texture_id, thickness_id, updated_date, code, name) VALUES (23, 22, 29, 41, '1981-06-25', 0, 14, 50, 3, 1, 12661779500.35, 10, 27, 45, 37, 14, 22, 27, '1978-01-01', 'JEQ06V9', 'Chartellgaphone')
INSERT dbo.product_detail(id, brand_id, collar_id, color_id, created_date, deleted, elasticity_id, image_id, material_id, origin_id, price, product_id, quantity, size_id, sleeve_id, style_id, texture_id, thickness_id, updated_date, code, name) VALUES (24, 41, 38, 23, '1971-11-26', 0, 34, 11, 38, 21, 61992808367.07, 4, 95, 47, 50, 4, 49, 26, '1972-09-26', '5CBNBO3', 'Tablifioller')
INSERT dbo.product_detail(id, brand_id, collar_id, color_id, created_date, deleted, elasticity_id, image_id, material_id, origin_id, price, product_id, quantity, size_id, sleeve_id, style_id, texture_id, thickness_id, updated_date, code, name) VALUES (25, 20, 43, 7, '1977-01-26', 1, 35, 38, 50, 23, -2582.31, 15, 86, 5, 34, 12, 36, 45, '1970-04-07', '38D62RT', 'Comcordplentor')
INSERT dbo.product_detail(id, brand_id, collar_id, color_id, created_date, deleted, elasticity_id, image_id, material_id, origin_id, price, product_id, quantity, size_id, sleeve_id, style_id, texture_id, thickness_id, updated_date, code, name) VALUES (26, 7, 43, 19, '1972-09-21', 1, 45, 30, 8, 46, -994.73, 25, 42, 43, 23, 1, 48, 16, '2003-03-15', '0J6W8P1', 'Printtoponentor')
INSERT dbo.product_detail(id, brand_id, collar_id, color_id, created_date, deleted, elasticity_id, image_id, material_id, origin_id, price, product_id, quantity, size_id, sleeve_id, style_id, texture_id, thickness_id, updated_date, code, name) VALUES (27, 38, 33, 26, '1982-12-31', 1, 25, 22, 15, 24, -474.72, 24, 67, 9, 28, 9, 12, 27, '1970-02-27', 'O50Q94M', 'Readholder')
INSERT dbo.product_detail(id, brand_id, collar_id, color_id, created_date, deleted, elasticity_id, image_id, material_id, origin_id, price, product_id, quantity, size_id, sleeve_id, style_id, texture_id, thickness_id, updated_date, code, name) VALUES (28, 42, 27, 38, '2017-04-09', 0, 50, 43, 10, 48, -18443064376.6, 17, 24, 12, 14, 49, 48, 10, '1973-05-06', 'XEY0QLI', 'Comfinderphone')
INSERT dbo.product_detail(id, brand_id, collar_id, color_id, created_date, deleted, elasticity_id, image_id, material_id, origin_id, price, product_id, quantity, size_id, sleeve_id, style_id, texture_id, thickness_id, updated_date, code, name) VALUES (29, 7, 14, 11, '1970-01-04', 0, 10, 25, 33, 16, 39.45, 17, 85, 24, 17, 40, 5, 30, '2021-03-26', 'GE94102', 'Retectry')
INSERT dbo.product_detail(id, brand_id, collar_id, color_id, created_date, deleted, elasticity_id, image_id, material_id, origin_id, price, product_id, quantity, size_id, sleeve_id, style_id, texture_id, thickness_id, updated_date, code, name) VALUES (30, 21, 19, 40, '2000-11-25', 1, 6, 45, 25, 26, -76090698442.28, 16, 34, 12, 37, 19, 16, 10, '1980-08-03', '41EK737', 'Proputanra')
INSERT dbo.product_detail(id, brand_id, collar_id, color_id, created_date, deleted, elasticity_id, image_id, material_id, origin_id, price, product_id, quantity, size_id, sleeve_id, style_id, texture_id, thickness_id, updated_date, code, name) VALUES (31, 47, 41, 26, '1971-01-31', 0, 30, 14, 10, 2, -39.24, 38, 91, 44, 5, 5, 35, 1, '1972-03-31', 'D5L75NV', 'Speakcessfier')
INSERT dbo.product_detail(id, brand_id, collar_id, color_id, created_date, deleted, elasticity_id, image_id, material_id, origin_id, price, product_id, quantity, size_id, sleeve_id, style_id, texture_id, thickness_id, updated_date, code, name) VALUES (32, 44, 42, 17, '1980-05-15', 1, 33, 37, 19, 17, 46389056601.62, 27, 17, 37, 33, 14, 26, 12, '1994-07-28', '9DIR1LY', 'Readbandaquer')
INSERT dbo.product_detail(id, brand_id, collar_id, color_id, created_date, deleted, elasticity_id, image_id, material_id, origin_id, price, product_id, quantity, size_id, sleeve_id, style_id, texture_id, thickness_id, updated_date, code, name) VALUES (33, 31, 30, 37, '1971-01-07', 0, 30, 1, 2, 35, -37.09, 24, 86, 48, 47, 46, 39, 20, '1989-06-26', 'V0JUOR9', 'Tetinridge')
INSERT dbo.product_detail(id, brand_id, collar_id, color_id, created_date, deleted, elasticity_id, image_id, material_id, origin_id, price, product_id, quantity, size_id, sleeve_id, style_id, texture_id, thickness_id, updated_date, code, name) VALUES (34, 26, 43, 28, '1970-04-08', 0, 36, 21, 38, 22, 9757.95, 45, 53, 2, 18, 9, 18, 31, '1980-03-31', 'N2U3163', 'Speakmutator')
INSERT dbo.product_detail(id, brand_id, collar_id, color_id, created_date, deleted, elasticity_id, image_id, material_id, origin_id, price, product_id, quantity, size_id, sleeve_id, style_id, texture_id, thickness_id, updated_date, code, name) VALUES (35, 26, 11, 41, '1985-06-23', 0, 12, 16, 17, 41, 24750369169.74, 2, 14, 34, 37, 1, 46, 8, '1970-01-05', '5N71VI1', 'Cartpickridge')
INSERT dbo.product_detail(id, brand_id, collar_id, color_id, created_date, deleted, elasticity_id, image_id, material_id, origin_id, price, product_id, quantity, size_id, sleeve_id, style_id, texture_id, thickness_id, updated_date, code, name) VALUES (36, 28, 33, 39, '2015-12-03', 1, 16, 7, 24, 34, 86273307357.11, 31, 8, 18, 5, 40, 6, 19, '1992-11-02', '6V477D3', 'Armmutedry')
INSERT dbo.product_detail(id, brand_id, collar_id, color_id, created_date, deleted, elasticity_id, image_id, material_id, origin_id, price, product_id, quantity, size_id, sleeve_id, style_id, texture_id, thickness_id, updated_date, code, name) VALUES (37, 3, 44, 21, '2003-10-23', 1, 47, 44, 48, 49, -9365794084.04, 11, 87, 34, 50, 19, 21, 26, '1970-04-10', 'WP8E061', 'Recycler')
INSERT dbo.product_detail(id, brand_id, collar_id, color_id, created_date, deleted, elasticity_id, image_id, material_id, origin_id, price, product_id, quantity, size_id, sleeve_id, style_id, texture_id, thickness_id, updated_date, code, name) VALUES (38, 17, 15, 48, '1990-10-07', 0, 34, 39, 3, 35, -758.24, 6, 2, 12, 36, 23, 5, 24, '1990-05-30', '7J487QY', 'Antinplry')
INSERT dbo.product_detail(id, brand_id, collar_id, color_id, created_date, deleted, elasticity_id, image_id, material_id, origin_id, price, product_id, quantity, size_id, sleeve_id, style_id, texture_id, thickness_id, updated_date, code, name) VALUES (39, 34, 17, 18, '1976-06-10', 1, 13, 45, 42, 3, -235.76, 43, 8, 10, 45, 50, 32, 37, '1987-08-07', 'G4976LQ', 'Concordor')
INSERT dbo.product_detail(id, brand_id, collar_id, color_id, created_date, deleted, elasticity_id, image_id, material_id, origin_id, price, product_id, quantity, size_id, sleeve_id, style_id, texture_id, thickness_id, updated_date, code, name) VALUES (40, 32, 1, 1, '1982-04-12', 1, 36, 16, 37, 13, -4484.04, 34, 35, 12, 37, 27, 27, 10, '1970-03-31', 'K7BO4UN', 'Cartmutopridge')
INSERT dbo.product_detail(id, brand_id, collar_id, color_id, created_date, deleted, elasticity_id, image_id, material_id, origin_id, price, product_id, quantity, size_id, sleeve_id, style_id, texture_id, thickness_id, updated_date, code, name) VALUES (41, 26, 37, 18, '1970-02-22', 0, 19, 2, 9, 14, 5249.2, 25, 50, 21, 30, 37, 22, 21, '1970-04-28', 'BV44T13', 'Subholdor')
INSERT dbo.product_detail(id, brand_id, collar_id, color_id, created_date, deleted, elasticity_id, image_id, material_id, origin_id, price, product_id, quantity, size_id, sleeve_id, style_id, texture_id, thickness_id, updated_date, code, name) VALUES (42, 46, 27, 28, '2004-07-04', 1, 3, 25, 40, 21, -61043495994.97, 28, 19, 41, 50, 7, 32, 26, '1984-01-31', 'YMZI82U', 'Printtinommor')
INSERT dbo.product_detail(id, brand_id, collar_id, color_id, created_date, deleted, elasticity_id, image_id, material_id, origin_id, price, product_id, quantity, size_id, sleeve_id, style_id, texture_id, thickness_id, updated_date, code, name) VALUES (43, 10, 33, 33, '1987-03-27', 0, 28, 3, 17, 44, -4839740282.24, 42, 68, 31, 20, 8, 7, 50, '1970-02-20', '552018D', 'Subwoofimridge')
INSERT dbo.product_detail(id, brand_id, collar_id, color_id, created_date, deleted, elasticity_id, image_id, material_id, origin_id, price, product_id, quantity, size_id, sleeve_id, style_id, texture_id, thickness_id, updated_date, code, name) VALUES (44, 9, 41, 16, '1970-01-06', 1, 37, 41, 50, 39, 5.56, 47, 14, 32, 1, 11, 24, 7, '1985-03-30', '9SM562M', 'Supceivon')
INSERT dbo.product_detail(id, brand_id, collar_id, color_id, created_date, deleted, elasticity_id, image_id, material_id, origin_id, price, product_id, quantity, size_id, sleeve_id, style_id, texture_id, thickness_id, updated_date, code, name) VALUES (45, 13, 7, 50, '1996-01-27', 0, 28, 22, 25, 43, -19747234967.18, 30, 8, 10, 3, 15, 40, 2, '1999-05-20', 'NE7D40A', 'Tweettopator')
INSERT dbo.product_detail(id, brand_id, collar_id, color_id, created_date, deleted, elasticity_id, image_id, material_id, origin_id, price, product_id, quantity, size_id, sleeve_id, style_id, texture_id, thickness_id, updated_date, code, name) VALUES (46, 22, 35, 15, '1998-01-04', 0, 39, 19, 39, 8, 11337408900.1, 12, 97, 20, 36, 10, 19, 49, '1970-01-04', 'PA5TM54', 'Tabtinupscope')
INSERT dbo.product_detail(id, brand_id, collar_id, color_id, created_date, deleted, elasticity_id, image_id, material_id, origin_id, price, product_id, quantity, size_id, sleeve_id, style_id, texture_id, thickness_id, updated_date, code, name) VALUES (47, 22, 36, 25, '1970-01-04', 0, 29, 39, 28, 18, 35.91, 27, 17, 7, 48, 44, 41, 45, '2006-04-24', '39E04M5', 'Tablictor')
INSERT dbo.product_detail(id, brand_id, collar_id, color_id, created_date, deleted, elasticity_id, image_id, material_id, origin_id, price, product_id, quantity, size_id, sleeve_id, style_id, texture_id, thickness_id, updated_date, code, name) VALUES (48, 46, 9, 49, '1970-01-01', 0, 36, 17, 1, 38, 0.85, 17, 83, 41, 28, 29, 33, 24, '1995-09-21', '3SUWR25', 'Anceiveder')
INSERT dbo.product_detail(id, brand_id, collar_id, color_id, created_date, deleted, elasticity_id, image_id, material_id, origin_id, price, product_id, quantity, size_id, sleeve_id, style_id, texture_id, thickness_id, updated_date, code, name) VALUES (49, 15, 11, 38, '1981-01-01', 1, 36, 41, 35, 1, 44086024402.62, 24, 41, 32, 43, 45, 29, 24, '2010-10-23', '7HL1L5V', 'Tabjectra')
INSERT dbo.product_detail(id, brand_id, collar_id, color_id, created_date, deleted, elasticity_id, image_id, material_id, origin_id, price, product_id, quantity, size_id, sleeve_id, style_id, texture_id, thickness_id, updated_date, code, name) VALUES (50, 27, 43, 16, '1989-07-11', 0, 10, 12, 41, 49, 44779009154.73, 18, 32, 48, 36, 43, 17, 10, '1970-01-06', 'D7SLTMS', 'Chartopridge')
GO
SET IDENTITY_INSERT dbo.product_detail OFF
GO

--
-- Inserting data into table dbo.staff
--
SET IDENTITY_INSERT dbo.staff ON
GO
INSERT dbo.staff(id, birth_day, created_date, deleted, role_id, updated_date, address, citizen_id, code, district, email, name, note, password, phone, province, status, ward) VALUES (1, '1970-01-09', '1992-08-12', 1, 46, '2012-08-16', '2240 SW Burwood Blvd, MidAmerican Bldg, Dover, DE, 23526', '74429', 'H81DT9T', 'DE-IW', 'CristyCouch@nowhere.com', 'Dickens2027', 'Z2D9LZ20E12K0VOYM95I5UWF4V9A', 'Ax9D5R2j9OE3u84bT/E90w==', '(974) 348-8677', 'BM94Z7V891', '1242016KVI', 'XA81WI0Q970XS08PNPFNV0PX4NL72')
INSERT dbo.staff(id, birth_day, created_date, deleted, role_id, updated_date, address, citizen_id, code, district, email, name, note, password, phone, province, status, ward) VALUES (2, '1970-03-26', '1974-12-19', 1, 2, '1970-02-14', '655 East Rushwood Court, First Security Building, Sacramento, California, 67176', '66594', 'CK00688', 'TX-YR', 'DaraStackhouse@example.com', 'Robt1951', '07I95DS03A09YXYW43FYLD33DST07H51SKEBO7V567X828BP5Z0T1SHUKW39LN2XDN10VS408P5BDBJ', 'kbf5+duhN5/QcnVKTH2F3A==', '(301) 539-7906', '5HYEC29I7Z177', '45O', '77C5B19CIB730S633XVNV6046V1M187T6443WFP7H450ILHDXZWIW51YCJ')
INSERT dbo.staff(id, birth_day, created_date, deleted, role_id, updated_date, address, citizen_id, code, district, email, name, note, password, phone, province, status, ward) VALUES (3, '2016-12-17', '1990-05-23', 0, 44, '1970-01-02', '290 East Sharp Hill Blvd, Boston, MA, 21153', '23597', 'O179PSN', 'AZ-YQ', 'AliciaBabcock952@nowhere.com', 'Ada9', '3HN401R3KRD66H8CI15H7A53AT7', 'GxPucAY2HlWcbpGlANGRAQ==', '(403) 815-5707', 'T8T8251', '413H67462E5UX7P51KBSTA5W5IXFM07583O033VK', '14596T187HM2CV2FQKC8U3NN89KK65898963NLSR6NH56V')
INSERT dbo.staff(id, birth_day, created_date, deleted, role_id, updated_date, address, citizen_id, code, district, email, name, note, password, phone, province, status, ward) VALUES (4, '1972-06-13', '1970-02-06', 0, 43, '2020-06-01', '2472 SW Waterview Ct, Macy''s Building, Bismarck, ND, 98110', '83824', '9GCD8U8', 'PA-CV', 'AbigailBrunner@example.com', 'Celesta2018', '380971646TO5AR86XP6MS8UW26M9743RGOV2X28K91OI7N0W82H8QF3BZ01QJA0DI965W2EGR', 'Bvcnvv0EHmiaCMQWDtY0bQ==', '(254) 280-2713', '0U57324KW6NV9X1S260HQH50277L2KS01TM584JCM0LR58778749UP9Y82LKGZRO', '2JC5FGZ5LS03T1JI98PD', 'PNT0RSI8Z890')
INSERT dbo.staff(id, birth_day, created_date, deleted, role_id, updated_date, address, citizen_id, code, district, email, name, note, password, phone, province, status, ward) VALUES (5, '1971-07-22', '2007-11-17', 1, 18, '2012-09-02', '2482 Parkwood Blvd, Guardian Building, Jefferson City, MO, 58351', '04929', '5E33YKY', 'SC-BC', 'Duncan_Shin664@nowhere.com', 'Gay1950', 'F3FDB8HFQ4C6K1P2', 'eaLDEd6pTL9VumLVHAFihQ==', '(458) 862-2874', 'C1RS7Z4', '8WW35GRXFL7L8805768AD9ME5C', '97CQ3QI8YQ5034N39272VDV')
INSERT dbo.staff(id, birth_day, created_date, deleted, role_id, updated_date, address, citizen_id, code, district, email, name, note, password, phone, province, status, ward) VALUES (6, '2009-12-21', '1995-10-11', 0, 29, '1982-02-10', '850 Mount Road, Montpelier, VT, 93163', '78043', 'EYA6B92', 'MI-KV', 'Colby126@example.com', 'Alejandro1982', '57A8683NF8R4Q69JMW3RXF247525SJXVCV1XSDO8XG3YT07TFYZ91ZP677P5WE6VS3GMG210039RFO80BLEB9O017946MW9ARK2D171Z044497RAR0WCQFH6W5M97', 'nIrBFeCZwQaxXeeV08mf+w==', '(772) 309-3439', 'IRII8SO0753T327FUR51I301VL', 'M70H56Q4Q2KJW131Q4760U9Y96QO9HI659SPZL6D4Y1H3MOP3R93Z1I06P3', '5194DGSV34KW757ESOIW48OL140XLMX77RC1')
INSERT dbo.staff(id, birth_day, created_date, deleted, role_id, updated_date, address, citizen_id, code, district, email, name, note, password, phone, province, status, ward) VALUES (7, '2012-02-01', '1974-01-25', 0, 28, '2018-11-11', '512 South Town Way, Penobscot Building, Montpelier, VT, 52307', '52640', 'X865235', 'KY-HR', 'Homer@nowhere.com', 'Alba2020', 'N8DB1E38YT54SHG5T027E14739JSCR907KMF', '0Kpdj+YaVLYGk7e9szyMOQ==', '(430) 218-9358', 'H9BQ4P', '38VCNEKR64GHCMWX8HZ56WN1408W1264ZMD8JQ0', 'D1X1O38ISXA9PF1OO3FG6M37N5B6LXQYV')
INSERT dbo.staff(id, birth_day, created_date, deleted, role_id, updated_date, address, citizen_id, code, district, email, name, note, password, phone, province, status, ward) VALUES (8, '1974-04-21', '1977-10-11', 1, 9, '1971-08-15', '702 New Cedar Tree Ave, Judge Bldg, Tallahassee, FL, 87118', '05453', '70B7VZF', 'AL-FH', 'Katelyn.Angel@example.com', 'Hewitt1', 'PM0Q1363', 'ZV9lRTbB5kUCDwW8EPfTJQ==', '(627) 492-6898', 'PJ6959YILY38YV6H8', '91G54K015LOP15439JBW3J46Y4U98PZ8X45', '01D8UP')
INSERT dbo.staff(id, birth_day, created_date, deleted, role_id, updated_date, address, citizen_id, code, district, email, name, note, password, phone, province, status, ward) VALUES (9, '1970-02-05', '1981-01-06', 0, 26, '1997-10-05', '175 Hidden Front Street, Calyon Building, Sacramento, CA, 64347', '65292', 'HHI1316', 'CO-TB', 'OrethaPerdue2@example.com', 'Gabriel2005', 'W244558WVU2BRA93T55BIK3M70XO7205B3WZ', 't7u6KAiwqbWdvsck95mhLA==', '(790) 439-5284', 'DDPI679', '37', 'S8P4RL02KP34PX037H026VS60D')
INSERT dbo.staff(id, birth_day, created_date, deleted, role_id, updated_date, address, citizen_id, code, district, email, name, note, password, phone, province, status, ward) VALUES (10, '1970-01-10', '1973-11-25', 0, 13, '2022-02-22', '90 N Sharp Hill Ln, Sacramento, CA, 31631', '71386', '240OT85', 'WI-AM', 'AdaIsaac6@nowhere.com', 'Dunlap7', '60FKA69301K777PFP03', 'kuTS2j0VKLyfZmi7wm1jPg==', '(120) 222-6872', 'UK26448H7926A580FM1M0W3', 'HR83N474DZ8J2930JMN3637GYJ74UA59E29C7D', '0T34J4HH5WFHRQUS15634UY57UD45H')
INSERT dbo.staff(id, birth_day, created_date, deleted, role_id, updated_date, address, citizen_id, code, district, email, name, note, password, phone, province, status, ward) VALUES (11, '2020-11-16', '1970-09-20', 1, 29, '1970-01-04', '613 Meadowview Lane, Frankfort, KY, 28745', '97924', 'M7G1950', 'AZ-EZ', 'VanceJones46@example.com', 'Thomasina78', 'PDY0Y408D7U0T', 'vyeL1ldTYyR+ypOyejpZ1g==', '(724) 895-6948', 'N2', '35Z675', 'MR780EX26Z3BY')
INSERT dbo.staff(id, birth_day, created_date, deleted, role_id, updated_date, address, citizen_id, code, district, email, name, note, password, phone, province, status, ward) VALUES (12, '1986-05-07', '2011-12-01', 0, 27, '1979-05-09', '1454 W Beachwood Parkway, Diamond Building, Lansing, Michigan, 70221', '66557', 'I4AVN52', 'WA-VL', 'vhkof0165@nowhere.com', 'Agustin1979', '8P7EA7', 'Z0tKi1Odcy7Vv2hVfR95Sw==', '(132) 034-8292', 'YTSF8Z9BJ99846X5H04', 'QFL5GJ4', '07DI2SW79TW3W018NB5707HWE1GLCT1EY9B')
INSERT dbo.staff(id, birth_day, created_date, deleted, role_id, updated_date, address, citizen_id, code, district, email, name, note, password, phone, province, status, ward) VALUES (13, '1970-01-02', '2014-04-18', 1, 42, '2000-10-18', '2167 Glenwood Avenue, Augusta, Maine, 31863', '36634', '7ESPPFY', 'CT-EI', 'AdanWise@nowhere.com', 'Canada6', '6VW3WGUV6GLB06', '1JCDCoEvFVVjWhqZLbiC0Q==', '(749) 726-0577', '0R6B92C3', 'MQOR2N95FN4L25110BHT9BVA0', 'UF')
INSERT dbo.staff(id, birth_day, created_date, deleted, role_id, updated_date, address, citizen_id, code, district, email, name, note, password, phone, province, status, ward) VALUES (14, '1978-03-20', '1984-10-05', 1, 18, '1970-03-04', '1050 Woodland St, Oklahoma City, Oklahoma, 31036', '32769', '3MZ452C', 'KS-WH', 'Coley@example.com', 'Dionne245', '6', 'keJ8hNbLDK4FPiUNbTkbug==', '(411) 738-4459', 'IC9YF34GH1R717D7B3Q2G57GWU78S9Z01XU1F6142U7J', '1LUQ48CMK5AW5PL18V2S72M4J1XSK3964S', 'H0FZ51998G71K878WJ')
INSERT dbo.staff(id, birth_day, created_date, deleted, role_id, updated_date, address, citizen_id, code, district, email, name, note, password, phone, province, status, ward) VALUES (15, '2019-11-09', '1970-10-24', 1, 47, '1970-06-30', '668 Pine Tree Loop, Charleston, West Virginia, 86864', '85395', '7A84X8U', 'AZ-AE', 'JimmySales4@example.com', 'Levy1972', '95WZ', '4SFrhEVTSJ/gBF3w+7zXOA==', '(280) 085-0516', 'UA5TW0RLZ15B76111DJLP02U14791K2WCM89JABCO', '8Y771814M4F15WF1CXCHNV1NS59195F334AT776N9ZD0841UR5Q3367795GN2S7F', '2P0VUL17R')
INSERT dbo.staff(id, birth_day, created_date, deleted, role_id, updated_date, address, citizen_id, code, district, email, name, note, password, phone, province, status, ward) VALUES (16, '2000-11-25', '1972-02-21', 1, 22, '1970-01-02', '915 Waterview Ct, Dover, Delaware, 76800', '30059', 'VHP6K5E', 'MT-WL', 'GertrudConroy143@example.com', 'Ahmed2000', 'VEN9AT8EU19GSHFH0CYRI4LN7', 'y7A2OeiQKDLdjbNQ94fssA==', '(925) 582-9916', '2G2D44AZK2X1WZC30XUQ62U', 'R48HAUCZN090GAM48ZMJ2V52GZ3CFX17A8RRAEIJ60APY1W6E8JCJ7O2Q4V46E7U1IR191MG005B959H', 'U5375NI9F')
INSERT dbo.staff(id, birth_day, created_date, deleted, role_id, updated_date, address, citizen_id, code, district, email, name, note, password, phone, province, status, ward) VALUES (17, '1994-05-02', '2007-06-17', 1, 37, '2002-03-31', '3116 Deepwood Hwy, Providence, Rhode Island, 97341', '95643', 'OQX3SPQ', 'MA-KA', 'Thigpen@nowhere.com', 'Steel1996', 'YK52NW08791O6YK3YS51AMUTD5', 'tPilbjgla7vv3SWwovHLRA==', '(651) 707-7974', '98B', 'Y1LT2399311K162KSVA4W959QD9O16948X0X9A2', '0P95418DGN8QD6Y5BVJTVQNK4KEK6B9Z')
INSERT dbo.staff(id, birth_day, created_date, deleted, role_id, updated_date, address, citizen_id, code, district, email, name, note, password, phone, province, status, ward) VALUES (18, '1972-07-05', '1970-04-02', 0, 8, '1993-06-25', '59 Town Way, Appartment 80, Des Moines, Iowa, 73114', '35204', '4H5JL36', 'ND-FF', 'Hager@example.com', 'Hollingsworth557', 'VQYY4YQC394U7PY4I1KWF793', 'yC4+tS1EPenfcIDbY13q2w==', '(953) 724-9255', '110', '596X57R152P10DR71QW1YW62NC3H079EDE5IU5', 'C77X0UNA9XXAGB7AI29BA1TQ4SKP45PV')
INSERT dbo.staff(id, birth_day, created_date, deleted, role_id, updated_date, address, citizen_id, code, district, email, name, note, password, phone, province, status, ward) VALUES (19, '2017-07-16', '1970-03-04', 1, 2, '2017-11-07', '2303 Red Cedar Tree Hwy, Calyon Building, Olympia, Washington, 97284', '84687', '55FAY52', 'ND-DU', 'ErynDonaldson931@nowhere.com', 'Hines956', '4VVURD4E5', 'fKYylAgGT37R3okSAtTvnQ==', '(740) 900-3114', '321BTGLP63F7EY46', '8X6W1138M50505Q6OEB7Y7XMTU982Y6PZ3SYYMR', '434PI9Q6780HLV0MABCD43O29')
INSERT dbo.staff(id, birth_day, created_date, deleted, role_id, updated_date, address, citizen_id, code, district, email, name, note, password, phone, province, status, ward) VALUES (20, '1971-04-16', '2022-11-25', 0, 23, '1984-05-03', '2283 N Riverside St, Frankfort, Kentucky, 76898', '40195', '4478K51', 'AL-FG', 'vjncoksh4@example.com', 'Roberson1952', 'J5F16PQ3W4L5GH2793S10SGHUC880V', 'h72Y2PNk4wMeeJGl07/3zw==', '(502) 566-2287', '1CCWX6DT51ASIWT4HS7VRKU43ENHRO2S8959QX2PW18UIF4OL4AD8AS72O', '9P507K4CLO2S6XKM9Y', 'QCN291A92NPU2C5187NMVL558R271V6U175A3GF7USEQP17498W7C74K')
INSERT dbo.staff(id, birth_day, created_date, deleted, role_id, updated_date, address, citizen_id, code, district, email, name, note, password, phone, province, status, ward) VALUES (21, '1995-06-24', '1972-06-13', 0, 26, '1971-08-25', '1316 Market Ct, Duke Energy Building, Topeka, KS, 46253', '39349', 'I53T6QS', 'LA-YZ', 'Shellie.Ledbetter196@nowhere.com', 'Bryon2022', 'R8W71', 'kRdKzQrmYE0XnpGwoewKig==', '(753) 535-8581', 'Q289AXJ21F93WSAI9Y4', 'G50MUWXQ7699QNA382VDUP01CQ6IDG90E282L4128V3YBP6O0EVDF67L3SF', 'J6N091DV2101VJ8YWFP69N46RBGGSVSV26SNQ7R')
INSERT dbo.staff(id, birth_day, created_date, deleted, role_id, updated_date, address, citizen_id, code, district, email, name, note, password, phone, province, status, ward) VALUES (22, '1979-09-25', '1970-02-18', 0, 5, '1972-03-19', '3132 3rd Ave, Equitable Bldg, Bismarck, North Dakota, 29952', '13806', 'KDY2S5O', 'ME-ME', 'Trout@example.com', 'Karole431', '9CW', 'EndanHcAhQQ7OLRQjGSEOA==', '(815) 810-7063', 'C49VNN3442B90NX9GU1664NXC6R269Y16ZYRC57PR28656QWU7K50SOHUZUDM7Q9Z698O8U', '9LWYN2', 'C9')
INSERT dbo.staff(id, birth_day, created_date, deleted, role_id, updated_date, address, citizen_id, code, district, email, name, note, password, phone, province, status, ward) VALUES (23, '1998-12-12', '1971-12-28', 0, 29, '1993-09-03', '3068 NE Flintwood Street, Comcast Bldg, Charleston, West Virginia, 01414', '97830', 'EF4R515', 'ME-RP', 'Woodworth547@example.com', 'Knight1992', 'E12870J56102HTF27243', 'gpOuFbsXyI8fSzsFVGVRKg==', '(506) 783-0546', 'N8B4N5FT6G7YZ763ZY5', 'OA6WY2AHK6H57TLOR9', '4Z69X')
INSERT dbo.staff(id, birth_day, created_date, deleted, role_id, updated_date, address, citizen_id, code, district, email, name, note, password, phone, province, status, ward) VALUES (24, '1991-12-13', '1998-03-16', 0, 15, '1993-08-17', '1034 Riverside Parkway, Jefferson City, Missouri, 03202', '20608', '3N20EQO', 'OK-JL', 'Mildred.Cornelius@nowhere.com', 'Eugenio2014', 'XVPDQIC6STM36N245E63NO5VA72BS2EX785UF3W1ZV', '+lUFhGnY565FIY/n4cV4cQ==', '(191) 508-1077', '1535MDLS8ZKEIB94SUOP29C3UH92U78HUN5D1U39321', '52Z2NU562T40NUIJP6', '0I6Y3HI5S2XK512IGRYGXHGYY702WO973NKYDLR8UHU069IW65R230L83F')
INSERT dbo.staff(id, birth_day, created_date, deleted, role_id, updated_date, address, citizen_id, code, district, email, name, note, password, phone, province, status, ward) VALUES (25, '2003-11-07', '1970-01-07', 0, 19, '1981-06-22', '1275 SW Hunting Hill Loop, Trenton, New Jersey, 01065', '66828', '69Q39SS', 'WY-BC', 'Aleida_Law@example.com', 'Kerrie2027', 'G95X311PM4QRPP0N24I9K57HZQ9TFM14W8870DCCAU3E7033E', 'coq3Rh14Mhs4ILMfqMvn9A==', '(561) 098-3818', 'HB4A1JXBW1RPTOE1C26DTS062N82', 'K64KLL', '3DFK87N85Y8Z0')
INSERT dbo.staff(id, birth_day, created_date, deleted, role_id, updated_date, address, citizen_id, code, district, email, name, note, password, phone, province, status, ward) VALUES (26, '1972-05-31', '2021-10-04', 0, 4, '1970-03-10', '870 New Riddle Hill Hwy, Montpelier, Vermont, 82678', '90770', 'W5K5WNK', 'AL-DR', 'DylanR_Kaufman431@example.com', 'Cato1961', '1YTG6HW1O4N34UD3G8L6XEHSIF77WY5IE3', 'dbUIaBkdLFanYycNDVb4sQ==', '(414) 031-7704', '5S', '4BRHTF', '3A498180BLF65T28XGY8')
INSERT dbo.staff(id, birth_day, created_date, deleted, role_id, updated_date, address, citizen_id, code, district, email, name, note, password, phone, province, status, ward) VALUES (27, '2005-08-19', '1970-02-20', 0, 19, '2021-02-10', '652 Red Sharp Hill Ave, 1st Floor, Atlanta, GA, 10281', '49148', '46904JY', 'TX-DK', 'Gaffney@example.com', 'Marcel896', '4WG666Q', 'Ikyo2smY3H4FFExC4AUJZg==', '(849) 287-5650', 'EWFUB44QSLHUD33OQ34JE46ZJO539S23XMIEDU7T6S2538LC7R71D7NH3B6WM70XG46H5ZRNF208S39AR9', 'G269FFMZVJVAP2Y1D7VP7900J9Z8THAG192ZDK4GZ07YMMBN3Y90DF65T413Z327527W33D9HH799M6R9RWG8M07B425RQD4MF929X4J9F4AI3AD0M4WRC8188A7K938W6UXPB1MN13VODPR16X8DT307LH8202S514', 'Y0P6P6203O9I46C5386CE')
INSERT dbo.staff(id, birth_day, created_date, deleted, role_id, updated_date, address, citizen_id, code, district, email, name, note, password, phone, province, status, ward) VALUES (28, '1976-01-28', '2024-03-24', 0, 45, '2020-12-15', '2331 Rock Hill Court, Madison, Wisconsin, 23868', '27153', 'O2L2R66', 'VT-XT', 'Lim13@example.com', 'Ezra1999', '0G68987YDN28GDX6BRU22UF', 'NfOIfhvikjfBNLHje95udQ==', '(246) 868-0251', '1Y49', 'SIZ0LM78038T1C', 'J34T4BM27CVEIY')
INSERT dbo.staff(id, birth_day, created_date, deleted, role_id, updated_date, address, citizen_id, code, district, email, name, note, password, phone, province, status, ward) VALUES (29, '1981-10-29', '2023-01-07', 1, 24, '1972-03-29', '2987 White Rushwood Blvd, Dover, DE, 75231', '78659', '5151N6U', 'VA-BU', 'NigelLang22@example.com', 'Adolfo1', 'J8012836CP4916112WONNNGC35407H8S7N780E1OV6Q6N', 'UHWSd20iC3B8/bBkuJZmEQ==', '(130) 006-2744', 'KM660NXC9WF392KE6ZV6WE90O8Y710V8B9T53K493692SU', '88J15V8J0A5', 'X8K87B9B0FU5T6YVPSE02415UHM8EJ29L910HMJ14N2')
INSERT dbo.staff(id, birth_day, created_date, deleted, role_id, updated_date, address, citizen_id, code, district, email, name, note, password, phone, province, status, ward) VALUES (30, '1976-12-13', '2010-02-24', 0, 25, '1972-04-16', '205 East Ashwood St, Columbia, South Carolina, 21182', '24598', 'JO5E7E5', 'OR-HU', 'Richmond@nowhere.com', 'Pickett9', '1418T54781F47WBF', 'Gk64m0TsVCWiS4BcyD+93g==', '(896) 957-4343', 'Q96ICN83394CWQHC9MEP9144Z643P62IQR74J30R3IJTGZWXGV3I511S78AN5W0N579477', 'PL', '65MY410OH1O30V2P6519U61AJYJKI7U3MH646Z')
INSERT dbo.staff(id, birth_day, created_date, deleted, role_id, updated_date, address, citizen_id, code, district, email, name, note, password, phone, province, status, ward) VALUES (31, '2005-08-10', '1970-02-22', 0, 8, '2006-06-23', '1265 South Highland Ct, Victor Executive Bldg, Boise, Idaho, 88787', '35904', 'F2GF0S0', 'AK-UV', 'Kay_Khan71@nowhere.com', 'Nicolette2026', 'V76QZBM23H84Q8DGC80IBFWPNLU42JOW5JX86RNH51R', '4mNzDiA4S6ly6d5GvdqP+g==', '(933) 544-3920', 'E46O946X20G0P', '9275HWJ2YV40S', '34')
INSERT dbo.staff(id, birth_day, created_date, deleted, role_id, updated_date, address, citizen_id, code, district, email, name, note, password, phone, province, status, ward) VALUES (32, '1987-05-21', '2020-03-12', 1, 5, '1999-01-13', '1119 South Town Way, Santa Fe, NM, 28509', '41147', 'QFXQ5XQ', 'ID-SQ', 'JennifferHooker@example.com', 'Angelo1966', '5R8', '0CrsI7g1QFgkZZZ2m/X0YA==', '(600) 876-5176', 'K6S4WQ3I4P2S3YAAX9CNZ427BC8SCAB82EENAI66', 'P43VFDTG0O6RPW9', 'NODC177ODKY870UA4')
INSERT dbo.staff(id, birth_day, created_date, deleted, role_id, updated_date, address, citizen_id, code, district, email, name, note, password, phone, province, status, ward) VALUES (33, '1980-11-26', '2006-04-01', 0, 23, '1984-06-28', '223 New Highland Avenue, Providence, Rhode Island, 59273', '38445', '73C48M6', 'SD-WX', 'FlorentinoBriseno584@example.com', 'Gerard918', 'A39441EAH3G1I20GH933G4K0B748I5C99UR1467O4V', 'W1yoz+KQc0Xzv+oHNLiryQ==', '(390) 847-2218', 'QNN569HS60XD5Q9AEU835OY58O9P2CKPT425XI', 'B47XXT6X78887K62O23F3108NJ887785', 'A68II51WQ4D4KT27V8I9YO0QG4M54DWOSX363KHWAVBK95BJ19TV864')
INSERT dbo.staff(id, birth_day, created_date, deleted, role_id, updated_date, address, citizen_id, code, district, email, name, note, password, phone, province, status, ward) VALUES (34, '1992-05-12', '2016-08-22', 1, 45, '1979-01-06', '59 Edgewood Way, Santa Fe, NM, 81587', '99816', 'BZ6TU41', 'OR-AM', 'BonitaMaples@nowhere.com', 'King1995', '758E9628E35N', 'VU8kkZfEEslzA+NUDEDrZw==', '(336) 877-3947', 'POK19369QO72LWJRB85469ES7OX0Q2E8M4KEZ2SF33NG643N1W2U28SC9W11EM1Y53P25ARNHME2NO9PNL4225AZZMMSNF541', 'IDDR5HHP71AY7052YK8619BBPT6461938XPV18', 'OG7LT9KBA49QN3N48W30N9OXIP0SQ3CSJ80C7U25MC5')
INSERT dbo.staff(id, birth_day, created_date, deleted, role_id, updated_date, address, citizen_id, code, district, email, name, note, password, phone, province, status, ward) VALUES (35, '2001-05-03', '1970-04-09', 1, 45, '1970-02-02', '3927 South Edgewood Lane, Plaza Building, Little Rock, AR, 06074', '87380', 'HA9A41L', 'LA-EQ', 'ogqojyxj5136@example.com', 'Monique2013', '47505678AIPRH703M870', 'zWm2ndem2OWxBfbS9jAzYA==', '(636) 576-0263', 'TT2G2LN24M8JXEX5V8L61N55B74630LICU0Z38403BY1PG4625A553V', 'CBP596V90V3XJ4U51L27G9688442512292RD077KY7XN9MJ7NEIWO0G1JPMM', '5X3L173505I8W096110F9L4Q88DG3G7P6YB928JT4IM8M2C8M3148U85380AV67A5F8UD0L98M4713H483Q3VMTR8024O74HZH')
INSERT dbo.staff(id, birth_day, created_date, deleted, role_id, updated_date, address, citizen_id, code, district, email, name, note, password, phone, province, status, ward) VALUES (36, '1984-03-24', '2020-07-07', 1, 27, '2011-01-11', '1325 Rock Hill Blvd, Nipper Bldg, Jefferson City, Missouri, 13782', '12905', '672PX37', 'HI-QM', 'Chadwick3@nowhere.com', 'Adam545', 'P10B8V272111ZXSF3WJ', 'uPWEaDsnXST5ry67lGknVg==', '(387) 459-7113', '57486VD6L43RODC33', 'U1CZ936UV6053PQ34', 'C9SA456X4MBM529M8N3KS4K80HIQ871767')
INSERT dbo.staff(id, birth_day, created_date, deleted, role_id, updated_date, address, citizen_id, code, district, email, name, note, password, phone, province, status, ward) VALUES (37, '1985-01-02', '1970-01-30', 0, 20, '1970-01-01', '3203 NW Market Parkway, Equitable Bldg, Santa Fe, NM, 20950', '00237', '9690PS5', 'NE-ST', 'Stan.Leonard@example.com', 'Toth985', 'EOF60N00L', 'NgdNs+Sl5uNs0GN5gK1NZg==', '(805) 250-2175', 'NEVR117OC2E3174XJZMN6OXF3F9J85J8KY9O469QR2ZK2940030IT', 'SF8LUK804DP7A3DN', '7G417JKN672MTE9SX1N5870N938C4OG8O2N3776OS')
INSERT dbo.staff(id, birth_day, created_date, deleted, role_id, updated_date, address, citizen_id, code, district, email, name, note, password, phone, province, status, ward) VALUES (38, '1974-05-02', '1997-07-05', 0, 14, '1975-02-10', '40 Ironwood Drive, MidAmerican Building, Des Moines, Iowa, 95084', '65364', '4R7O4VM', 'ME-PJ', 'JewelKeeling11@example.com', 'Fisher7', 'Z7N71310A62WO3F9W', 'HZHBNaAS1E1oYB03NwB7Yw==', '(748) 715-9969', 'Y2H94568K3J45403Q1914XP6P7O33G1', '821UA0ATF1K02YTSPR3', '8OE2UDY73WDL0ZIJB8')
INSERT dbo.staff(id, birth_day, created_date, deleted, role_id, updated_date, address, citizen_id, code, district, email, name, note, password, phone, province, status, ward) VALUES (39, '2021-10-30', '2012-02-08', 1, 48, '1972-03-12', '370 3rd Drive, Denver, CO, 17546', '05625', 'I2K5S3H', 'SD-SZ', 'Dickens@example.com', 'Danica1995', '737W19N5UED412CN8HVXC3LA7FKJ2', 'DkP6eXvMwtCUuTYkqGo/sA==', '(541) 292-9423', 'GOGL814H2ZT64H5749233D3N86KEX3I', 'VS', '6543IT8896V6UBPRUUS3D72K41K9D01R42S8MU77W8ZA6WIQP5501907SY8PI5H3SJS6EL0FRK767TRH28A1Y6IK91JA')
INSERT dbo.staff(id, birth_day, created_date, deleted, role_id, updated_date, address, citizen_id, code, district, email, name, note, password, phone, province, status, ward) VALUES (40, '2021-06-05', '1983-06-10', 1, 29, '2005-02-12', '99 W Rushwood Ct, Kearns Bldg, Columbia, South Carolina, 01640', '01238', 'O4DO7PW', 'VT-FI', 'StaciaRobins@example.com', 'Christian1965', 'NLA0NXA3DY83XARS', 'z2W24LXNPzf3NKZ81mPpqw==', '(860) 333-9894', 'CCE5HTU3I6K2BMV3UOJIR7GN4K06L503QQ3E5S48A01VN16P8891367W6UIPS01G71SAO6', '0WD35N1M', '4U6VDW64S1NCR54Y88BY822WXTDDVNES8924U89ET518SQCD5L9NF1UR')
INSERT dbo.staff(id, birth_day, created_date, deleted, role_id, updated_date, address, citizen_id, code, district, email, name, note, password, phone, province, status, ward) VALUES (41, '2021-06-26', '1970-01-07', 1, 15, '1970-03-08', '3656 Rushwood Lane, Nashville, Tennessee, 28131', '19035', '23SIK0Q', 'AK-TQ', 'Stanley.Carl@example.com', 'Hanks158', '1LN47164LX2OL', 'JQXDBw8hBhpAkh3ZnHLeeg==', '(211) 448-3715', 'LR', '0GVWT5005P7J3VM174E4O63RH9A7PIR8KC6MY0P223757D11', 'QO0215')
INSERT dbo.staff(id, birth_day, created_date, deleted, role_id, updated_date, address, citizen_id, code, district, email, name, note, password, phone, province, status, ward) VALUES (42, '1986-07-26', '2016-01-30', 1, 8, '1971-03-27', '3354 West Oak Ct, Guardian Building, Hartford, Connecticut, 20431', '81552', '1876048', 'NH-IK', 'Camacho48@nowhere.com', 'Emerita1961', '1FOF95XU5', 'YACEtjXFWRO+q8cJHHl+dQ==', '(516) 515-0566', 'WM91JOYG9YU3E', '2ZS2JY3R02Q8Q19J3Z9', '2APW')
INSERT dbo.staff(id, birth_day, created_date, deleted, role_id, updated_date, address, citizen_id, code, district, email, name, note, password, phone, province, status, ward) VALUES (43, '2010-04-22', '1996-03-31', 1, 18, '1971-06-17', '353 South Edgewood Loop, Victor Executive Building, Pierre, SD, 32928', '43712', '6BN8091', 'VA-TU', 'shkfs19@nowhere.com', 'Monserrate1962', '2L8', 'Tt1+IOPTFHHAVb3BVdbwCg==', '(190) 431-3421', '215UEGVB826N1Q8664J', 'M033DLYIW43PU7822', '21C03D8AHMMUTG15K8ZT12YY8Y1NJ0NSB')
INSERT dbo.staff(id, birth_day, created_date, deleted, role_id, updated_date, address, citizen_id, code, district, email, name, note, password, phone, province, status, ward) VALUES (44, '1988-11-13', '1970-01-08', 1, 13, '1981-11-11', '3970 West Chapel Hill Way, Albany, NY, 59009', '28034', '3R08670', 'IL-KV', 'Porsha.Ferraro219@nowhere.com', 'Rosenda2026', '6', '16g/7rJh+BVNgpSdqdP6Jw==', '(139) 341-5995', 'QN7427N4', '8EJ80H8668KL0CZQ588G8U58C2O9012PIQIC0A05RZPRC4X682894WL842H812AUF4S1S676HZHIH57BZZE062', '2T51350AID4X521CWHK7IFF6CF284')
INSERT dbo.staff(id, birth_day, created_date, deleted, role_id, updated_date, address, citizen_id, code, district, email, name, note, password, phone, province, status, ward) VALUES (45, '1970-03-07', '1977-06-11', 0, 36, '1972-01-17', '210 Hunting Hill Blvd, Cheyenne, Wyoming, 79278', '50922', '5WS158S', 'OK-NX', 'tixrzxca_iaeaib@example.com', 'Kathrin4', 'D2GWZF711GY515RXS87HZ0G30Z4D9S02W540MY9B4N1T3DM19253D84E94L5L', 'Ehk/7woq8UExd6dN858Rfg==', '(449) 931-8489', 'P6979JGR2234RHA1Q5T8P3UF9N251', '69', 'XCD5P')
INSERT dbo.staff(id, birth_day, created_date, deleted, role_id, updated_date, address, citizen_id, code, district, email, name, note, password, phone, province, status, ward) VALUES (46, '2008-08-09', '1970-01-04', 1, 20, '1990-08-17', '3779 Social Cir, 2nd FL, Madison, WI, 21557', '96626', 'Q2G95PV', 'SD-VO', 'Bumgarner26@example.com', 'Nickolas4', '5F0086DN3886ECY28X2IJ1D1I7TCG', 'Si4ZbHmpdo34KrHuyKlo0w==', '(208) 723-0967', '2U9KG03LCNLE6FT39P2', '82NBF6J007058E678YKAWOG9TLQK47YNM5CA1L6FTH7I7L38WY3VP8O0Y5MY', 'HY9X58J85E2E26723FH45H4')
INSERT dbo.staff(id, birth_day, created_date, deleted, role_id, updated_date, address, citizen_id, code, district, email, name, note, password, phone, province, status, ward) VALUES (47, '1976-07-10', '1980-08-19', 1, 24, '1970-01-25', '3027 Rose Hill Parkway, Augusta, ME, 51478', '83470', 'A4EJC5Y', 'CO-QX', 'Keeler@example.com', 'Avery271', '6Q', 'd7jTl1rmkAhbq6wcx/jf4Q==', '(667) 369-3762', 'P82JY4X3905OY61TL1QM4', '5XJ799GWZ28AV3LAC', 'I8R39868CMDUZ7BM')
INSERT dbo.staff(id, birth_day, created_date, deleted, role_id, updated_date, address, citizen_id, code, district, email, name, note, password, phone, province, status, ward) VALUES (48, '2007-01-26', '1975-10-20', 1, 45, '2020-01-23', '459 East Pine Tree Hwy, Concord, New Hampshire, 30403', '43058', 'IE44KR0', 'KS-OM', 'AundreaAllan@example.com', 'Macdonald2001', 'H805D1202U09QNC9D4', 'DN9NZ7veRqBmGn/FRUQhkQ==', '(117) 814-0492', 'AVU6IRI1E13A1746F26S23M1R0FPSR0', 'Q46QJ6S017Q4SBF57IY6', 'MXX5TXS8')
INSERT dbo.staff(id, birth_day, created_date, deleted, role_id, updated_date, address, citizen_id, code, district, email, name, note, password, phone, province, status, ward) VALUES (49, '1970-01-02', '1997-08-13', 1, 33, '1975-10-22', '42 NE Social Blvd, 3rd Floor, Augusta, Maine, 94407', '06636', 'PXN9F09', 'VT-QJ', 'Chase.P.Bair197@example.com', 'Terrell1980', '1UH30K8092B40K18B8CRKM4Q32277Z8QA82C2IYXL0567377FLG0ER0RSV437214KD', 'BtSWMsncm8tirq75lhK6aw==', '(777) 007-8095', 'I3WF8251T4DU6612W', '13906NYU373FCJ0', '4E1530LPT1I143JJ32J606X2LV8Q5NCF6779K4Y6A55IN34GS0')
INSERT dbo.staff(id, birth_day, created_date, deleted, role_id, updated_date, address, citizen_id, code, district, email, name, note, password, phone, province, status, ward) VALUES (50, '1971-12-24', '2020-11-30', 1, 15, '1975-01-31', '640 Rockwood Drive, Victor Executive Bldg, Boston, Massachusetts, 85489', '72649', '3S40GL5', 'SC-VH', 'WaldoLopes@example.com', 'Lazaro266', 'B74', '1bsae2YCbr5lRT7eVCcRnA==', '(698) 738-6400', 'E1Q601U', '20YRY6JJ', 'K27DUX547JXL20U7I03ZKQ2O9K')
GO
SET IDENTITY_INSERT dbo.staff OFF
GO

--
-- Inserting data into table dbo.cart
--
SET IDENTITY_INSERT dbo.cart ON
GO
INSERT dbo.cart(id, created_date, staff_id, updated_date, status) VALUES (1, '2000-08-30', 33, '1971-02-08', 'SUCCESS')
INSERT dbo.cart(id, created_date, staff_id, updated_date, status) VALUES (2, '1970-03-23', 37, '2017-04-10', 'SUCCESS')
INSERT dbo.cart(id, created_date, staff_id, updated_date, status) VALUES (3, '1999-06-14', 41, '1971-08-22', 'SUCCESS')
INSERT dbo.cart(id, created_date, staff_id, updated_date, status) VALUES (4, '1978-09-27', 39, '1987-05-23', 'PENDING')
INSERT dbo.cart(id, created_date, staff_id, updated_date, status) VALUES (5, '1975-03-14', 38, '1982-08-03', 'SUCCESS')
INSERT dbo.cart(id, created_date, staff_id, updated_date, status) VALUES (6, '2011-09-11', 33, '1970-08-17', 'PENDING')
INSERT dbo.cart(id, created_date, staff_id, updated_date, status) VALUES (7, '2018-10-03', 4, '2000-04-18', 'SUCCESS')
INSERT dbo.cart(id, created_date, staff_id, updated_date, status) VALUES (8, '1970-01-04', 15, '1970-07-17', 'PENDING')
INSERT dbo.cart(id, created_date, staff_id, updated_date, status) VALUES (9, '1996-02-18', 42, '1993-11-09', 'PENDING')
INSERT dbo.cart(id, created_date, staff_id, updated_date, status) VALUES (10, '1970-01-01', 41, '1981-01-24', 'PENDING')
INSERT dbo.cart(id, created_date, staff_id, updated_date, status) VALUES (11, '2001-03-31', 31, '1996-12-17', 'PENDING')
INSERT dbo.cart(id, created_date, staff_id, updated_date, status) VALUES (12, '1970-01-06', 23, '1994-11-29', 'PENDING')
INSERT dbo.cart(id, created_date, staff_id, updated_date, status) VALUES (13, '1985-03-18', 6, '1990-06-17', 'SUCCESS')
INSERT dbo.cart(id, created_date, staff_id, updated_date, status) VALUES (14, '1997-02-16', 29, '2011-10-07', 'PENDING')
INSERT dbo.cart(id, created_date, staff_id, updated_date, status) VALUES (15, '2019-04-20', 22, '2008-03-03', 'PENDING')
INSERT dbo.cart(id, created_date, staff_id, updated_date, status) VALUES (16, '1970-01-04', 17, '2008-08-09', 'SUCCESS')
INSERT dbo.cart(id, created_date, staff_id, updated_date, status) VALUES (17, '1983-08-20', 49, '2024-07-14', 'SUCCESS')
INSERT dbo.cart(id, created_date, staff_id, updated_date, status) VALUES (18, '2011-03-29', 16, '1992-06-04', 'SUCCESS')
INSERT dbo.cart(id, created_date, staff_id, updated_date, status) VALUES (19, '1985-05-23', 25, '2019-05-20', 'PENDING')
INSERT dbo.cart(id, created_date, staff_id, updated_date, status) VALUES (20, '2015-02-14', 47, '1981-07-19', 'SUCCESS')
INSERT dbo.cart(id, created_date, staff_id, updated_date, status) VALUES (21, '1970-02-07', 1, '1989-09-02', 'SUCCESS')
INSERT dbo.cart(id, created_date, staff_id, updated_date, status) VALUES (22, '1989-09-14', 7, '1970-01-10', 'PENDING')
INSERT dbo.cart(id, created_date, staff_id, updated_date, status) VALUES (23, '1979-05-16', 32, '2014-05-09', 'PENDING')
INSERT dbo.cart(id, created_date, staff_id, updated_date, status) VALUES (24, '2002-10-13', 21, '1987-07-11', 'PENDING')
INSERT dbo.cart(id, created_date, staff_id, updated_date, status) VALUES (25, '2014-10-25', 45, '1991-04-13', 'SUCCESS')
INSERT dbo.cart(id, created_date, staff_id, updated_date, status) VALUES (26, '1970-01-10', 30, '1989-12-23', 'PENDING')
INSERT dbo.cart(id, created_date, staff_id, updated_date, status) VALUES (27, '2011-10-06', 49, '2014-06-30', 'SUCCESS')
INSERT dbo.cart(id, created_date, staff_id, updated_date, status) VALUES (28, '1970-02-21', 31, '2017-01-06', 'SUCCESS')
INSERT dbo.cart(id, created_date, staff_id, updated_date, status) VALUES (29, '1981-05-25', 32, '1999-05-01', 'PENDING')
INSERT dbo.cart(id, created_date, staff_id, updated_date, status) VALUES (30, '1986-12-01', 37, '1970-05-21', 'PENDING')
INSERT dbo.cart(id, created_date, staff_id, updated_date, status) VALUES (31, '1975-09-11', 32, '2017-12-21', 'PENDING')
INSERT dbo.cart(id, created_date, staff_id, updated_date, status) VALUES (32, '2002-02-15', 19, '2007-12-11', 'PENDING')
INSERT dbo.cart(id, created_date, staff_id, updated_date, status) VALUES (33, '2014-05-27', 38, '1982-11-08', 'PENDING')
INSERT dbo.cart(id, created_date, staff_id, updated_date, status) VALUES (34, '1970-01-03', 31, '1974-02-19', 'SUCCESS')
INSERT dbo.cart(id, created_date, staff_id, updated_date, status) VALUES (35, '1997-02-19', 25, '1990-04-15', 'SUCCESS')
INSERT dbo.cart(id, created_date, staff_id, updated_date, status) VALUES (36, '2022-07-03', 42, '1981-06-02', 'PENDING')
INSERT dbo.cart(id, created_date, staff_id, updated_date, status) VALUES (37, '1971-11-15', 4, '1993-12-19', 'PENDING')
INSERT dbo.cart(id, created_date, staff_id, updated_date, status) VALUES (38, '1989-08-09', 37, '2006-01-22', 'PENDING')
INSERT dbo.cart(id, created_date, staff_id, updated_date, status) VALUES (39, '1970-04-15', 24, '1984-06-21', 'SUCCESS')
INSERT dbo.cart(id, created_date, staff_id, updated_date, status) VALUES (40, '2015-05-17', 43, '1970-01-04', 'PENDING')
INSERT dbo.cart(id, created_date, staff_id, updated_date, status) VALUES (41, '1970-01-06', 44, '1980-07-05', 'SUCCESS')
INSERT dbo.cart(id, created_date, staff_id, updated_date, status) VALUES (42, '1993-02-15', 44, '1981-03-28', 'PENDING')
INSERT dbo.cart(id, created_date, staff_id, updated_date, status) VALUES (43, '1971-05-11', 25, '2023-02-10', 'SUCCESS')
INSERT dbo.cart(id, created_date, staff_id, updated_date, status) VALUES (44, '1970-01-14', 50, '1972-07-30', 'SUCCESS')
INSERT dbo.cart(id, created_date, staff_id, updated_date, status) VALUES (45, '1970-01-16', 50, '2023-01-22', 'SUCCESS')
INSERT dbo.cart(id, created_date, staff_id, updated_date, status) VALUES (46, '1981-06-08', 30, '1970-01-04', 'PENDING')
INSERT dbo.cart(id, created_date, staff_id, updated_date, status) VALUES (47, '1975-04-22', 8, '1991-06-05', 'SUCCESS')
INSERT dbo.cart(id, created_date, staff_id, updated_date, status) VALUES (48, '1986-08-20', 37, '1974-06-13', 'SUCCESS')
INSERT dbo.cart(id, created_date, staff_id, updated_date, status) VALUES (49, '1995-11-08', 29, '2013-01-19', 'PENDING')
INSERT dbo.cart(id, created_date, staff_id, updated_date, status) VALUES (50, '2005-07-02', 24, '1973-07-18', 'PENDING')
GO
SET IDENTITY_INSERT dbo.cart OFF
GO

--
-- Inserting data into table dbo.address
--
SET IDENTITY_INSERT dbo.address ON
GO
INSERT dbo.address(id, created_date, customer_id, updated_date, detail, phone) VALUES (1, '1971-03-09', 29, '1970-01-04', '00A848KWUQ74', '(459) 613-9467')
INSERT dbo.address(id, created_date, customer_id, updated_date, detail, phone) VALUES (2, '2014-10-26', 24, '2009-08-06', 'T3NO40JEX3LQ8SI15W4575', '(730) 955-6764')
INSERT dbo.address(id, created_date, customer_id, updated_date, detail, phone) VALUES (3, '1986-03-17', 26, '1970-01-08', 'I52', '(681) 747-0352')
INSERT dbo.address(id, created_date, customer_id, updated_date, detail, phone) VALUES (4, '2010-05-26', 2, '1991-12-03', '7T', '(513) 643-0254')
INSERT dbo.address(id, created_date, customer_id, updated_date, detail, phone) VALUES (5, '1994-12-17', 13, '2016-03-11', 'R7', '(776) 960-1978')
INSERT dbo.address(id, created_date, customer_id, updated_date, detail, phone) VALUES (6, '1996-12-15', 9, '1993-10-24', 'D76X', '(943) 664-5705')
INSERT dbo.address(id, created_date, customer_id, updated_date, detail, phone) VALUES (7, '1988-09-14', 31, '1991-01-21', 'E9DL2Q507C02627871M5U1', '(282) 510-9326')
INSERT dbo.address(id, created_date, customer_id, updated_date, detail, phone) VALUES (8, '1985-09-08', 50, '2010-12-27', 'V6N9SG2NVDS533QY504HS12T6S09DCX7JHN4N3U1P14UE720Y0KCZD65Y4N545K4X0R7Y67CRQ', '(350) 234-6559')
INSERT dbo.address(id, created_date, customer_id, updated_date, detail, phone) VALUES (9, '1970-03-05', 6, '1989-01-09', '375M54', '(157) 934-3116')
INSERT dbo.address(id, created_date, customer_id, updated_date, detail, phone) VALUES (10, '2004-01-20', 46, '1988-06-05', '0E85J6W', '(465) 454-8347')
INSERT dbo.address(id, created_date, customer_id, updated_date, detail, phone) VALUES (11, '2013-12-10', 33, '1971-10-01', '5W4C84E6KH', '(122) 838-0637')
INSERT dbo.address(id, created_date, customer_id, updated_date, detail, phone) VALUES (12, '1970-01-05', 40, '1979-04-23', 'BTL8K336H77098SW059MTLU9GK4S1L5G7H7S98M8869BV27SS4335I0530I8LW73NN103P', '(529) 468-6964')
INSERT dbo.address(id, created_date, customer_id, updated_date, detail, phone) VALUES (13, '2003-04-26', 19, '2005-07-19', 'K261F7Q918750Q49SXI353FTIF7UNCF2699889L207Y4F2D3O6EMT4PK3WWC2IIR6GO1ZB54SAW41', '(789) 568-6157')
INSERT dbo.address(id, created_date, customer_id, updated_date, detail, phone) VALUES (14, '1970-01-01', 44, '1970-03-07', 'LO0UKL5814IX1O71ZC96A98Z8S9IGU6O50U1I2WB6AE29XV6TP3IT330811X15M0B4QEAX', '(507) 184-2162')
INSERT dbo.address(id, created_date, customer_id, updated_date, detail, phone) VALUES (15, '1974-06-13', 14, '1971-02-19', '49EH211YJL4H341LZ40TC5C7PG5N4Y16H', '(948) 826-7804')
INSERT dbo.address(id, created_date, customer_id, updated_date, detail, phone) VALUES (16, '2020-07-18', 25, '1997-03-04', '6LNBIK69K942QUZ6N3G7632CLG33C8EE2IX4I0Y', '(286) 001-2185')
INSERT dbo.address(id, created_date, customer_id, updated_date, detail, phone) VALUES (17, '1989-04-09', 20, '1970-01-25', '0K497DCR6OD39KL1UO0UKYP6EAYX81HP58SXI1W66OIN82PZ672ZD41GMFJ5X131S5E68A803V45F97UC0PS35C8V922V59AHM56FC3B923FMSKZQRX', '(718) 229-1171')
INSERT dbo.address(id, created_date, customer_id, updated_date, detail, phone) VALUES (18, '1972-07-30', 36, '2020-12-17', 'I8671X6P839X', '(659) 832-5274')
INSERT dbo.address(id, created_date, customer_id, updated_date, detail, phone) VALUES (19, '1975-02-22', 16, '1983-03-13', '3PY16307K25D', '(899) 567-0654')
INSERT dbo.address(id, created_date, customer_id, updated_date, detail, phone) VALUES (20, '1970-03-24', 16, '1979-06-16', 'WU', '(674) 683-5376')
INSERT dbo.address(id, created_date, customer_id, updated_date, detail, phone) VALUES (21, '1973-11-16', 4, '1991-03-20', '6JXJIE33671X1', '(835) 754-7630')
INSERT dbo.address(id, created_date, customer_id, updated_date, detail, phone) VALUES (22, '2019-02-13', 29, '2023-01-04', 'SYAN31Y62537MI7W', '(397) 639-0832')
INSERT dbo.address(id, created_date, customer_id, updated_date, detail, phone) VALUES (23, '2020-08-14', 33, '1993-12-11', 'KJ88AJ71118K9291CAK98MAKR327GX76O30515FR6V21', '(878) 889-3248')
INSERT dbo.address(id, created_date, customer_id, updated_date, detail, phone) VALUES (24, '2003-12-26', 10, '1994-05-12', 'US4', '(792) 850-9043')
INSERT dbo.address(id, created_date, customer_id, updated_date, detail, phone) VALUES (25, '1970-11-09', 30, '1970-01-10', '367J68H58J9493Q4OW5W9H7W01EWCTQ3Q06829O6NJJ937LQX4M9S3W5ML6QB4922R6EGRC1J5TUCI1D', '(898) 388-9426')
INSERT dbo.address(id, created_date, customer_id, updated_date, detail, phone) VALUES (26, '1997-12-11', 38, '1984-09-24', '37NG8KK', '(365) 356-4078')
INSERT dbo.address(id, created_date, customer_id, updated_date, detail, phone) VALUES (27, '2008-12-31', 34, '2000-11-10', '9DQSDML1X2QY', '(861) 549-7247')
INSERT dbo.address(id, created_date, customer_id, updated_date, detail, phone) VALUES (28, '1970-03-29', 9, '1971-03-16', '1446AH1PC228921LT0892EZWC9L46M6', '(296) 043-6622')
INSERT dbo.address(id, created_date, customer_id, updated_date, detail, phone) VALUES (29, '1992-09-16', 13, '2013-09-10', '1220PL0V7Y5SZAGF67PR517DSX9GK6D366HMZWUOJB4ND1NLQD83TF2NY', '(461) 654-2968')
INSERT dbo.address(id, created_date, customer_id, updated_date, detail, phone) VALUES (30, '1970-04-08', 7, '1982-01-08', 'HG4VX7L5HK9MB', '(463) 980-1962')
INSERT dbo.address(id, created_date, customer_id, updated_date, detail, phone) VALUES (31, '1972-02-02', 23, '1970-01-04', 'U0Y3', '(113) 450-2756')
INSERT dbo.address(id, created_date, customer_id, updated_date, detail, phone) VALUES (32, '2004-03-04', 30, '2006-08-09', '417YNW0V52D7S186131E', '(249) 938-5859')
INSERT dbo.address(id, created_date, customer_id, updated_date, detail, phone) VALUES (33, '1992-07-21', 25, '1972-09-17', '2HS3W176X29J36NM8WW0G18K2', '(894) 989-7256')
INSERT dbo.address(id, created_date, customer_id, updated_date, detail, phone) VALUES (34, '1979-11-27', 46, '2006-08-14', 'PNX3LE42K573AD99653G5WLZ3T58W9P34', '(134) 228-5449')
INSERT dbo.address(id, created_date, customer_id, updated_date, detail, phone) VALUES (35, '2000-07-02', 41, '1987-03-08', '5', '(896) 756-6541')
INSERT dbo.address(id, created_date, customer_id, updated_date, detail, phone) VALUES (36, '2005-11-16', 40, '2005-12-13', 'A30OLKM537RI1VITOZL0564S6R4O0R372SJ3Y0LO4UV31724PHDL48TPU13Y4M86J018LR1KQ62896IH2E448AH0P53M9', '(948) 551-7855')
INSERT dbo.address(id, created_date, customer_id, updated_date, detail, phone) VALUES (37, '2015-08-23', 15, '2021-02-19', '630QHR78VAERTYKRPQY', '(250) 604-2488')
INSERT dbo.address(id, created_date, customer_id, updated_date, detail, phone) VALUES (38, '2024-08-23', 22, '1995-02-17', '064RN1XSUXFPFOWZHEQ0IO9T', '(720) 779-2685')
INSERT dbo.address(id, created_date, customer_id, updated_date, detail, phone) VALUES (39, '2000-09-25', 4, '1971-08-25', 'LH8A4NPRE1UI452ND875OJHB69A88HR3JG09I42ZUW8L', '(565) 967-6647')
INSERT dbo.address(id, created_date, customer_id, updated_date, detail, phone) VALUES (40, '1988-03-19', 3, '1989-09-12', '2V4JLQV7247V3J6LV8B3T9Q5KCBTPM9X2I26706L44J19GEK459699YX9M0NLLEU86CS1L3TE5SZ899A0S24Q6CX03BGSY', '(748) 936-9702')
INSERT dbo.address(id, created_date, customer_id, updated_date, detail, phone) VALUES (41, '2003-01-07', 23, '1988-10-10', '54Q25CW0SLCCQC0HRL1714T2MIL722I50484GHYA1ECB5F5A2SR5YRZE35C9VPX59D2CFTKM', '(346) 279-2551')
INSERT dbo.address(id, created_date, customer_id, updated_date, detail, phone) VALUES (42, '1994-09-21', 29, '1970-02-07', 'B7DEQACWB5S9G8U342G5619474919313O27630', '(153) 446-2344')
INSERT dbo.address(id, created_date, customer_id, updated_date, detail, phone) VALUES (43, '1998-09-22', 32, '1970-01-13', '3Q', '(871) 703-6933')
INSERT dbo.address(id, created_date, customer_id, updated_date, detail, phone) VALUES (44, '2004-04-10', 22, '1975-12-31', 'C6432RI1U79A0T9Q9HQHB9N79FQ1BCA587XC6QNELA45272SM3', '(130) 566-1060')
INSERT dbo.address(id, created_date, customer_id, updated_date, detail, phone) VALUES (45, '1970-05-22', 9, '1972-03-03', '0561B982TEVCKDC8', '(852) 645-5229')
INSERT dbo.address(id, created_date, customer_id, updated_date, detail, phone) VALUES (46, '2017-07-29', 34, '2009-10-26', 'P', '(303) 737-0588')
INSERT dbo.address(id, created_date, customer_id, updated_date, detail, phone) VALUES (47, '1990-03-17', 32, '1970-11-03', 'G51', '(542) 738-1744')
INSERT dbo.address(id, created_date, customer_id, updated_date, detail, phone) VALUES (48, '1985-06-09', 6, '2019-10-18', '30SWCC8V88B8MH2CJR43KK1BZ00Y9770L', '(307) 844-2142')
INSERT dbo.address(id, created_date, customer_id, updated_date, detail, phone) VALUES (49, '2008-11-19', 22, '1971-03-16', '55RSXTQ5N4CV0', '(705) 905-9161')
INSERT dbo.address(id, created_date, customer_id, updated_date, detail, phone) VALUES (50, '1997-02-22', 29, '2022-05-11', 'V48ISL250179R38MPYV08C06U2O886U75070BJ2', '(267) 504-9171')
GO
SET IDENTITY_INSERT dbo.address OFF
GO

--
-- Inserting data into table dbo.bill_detail
--
SET IDENTITY_INSERT dbo.bill_detail ON
GO
INSERT dbo.bill_detail(id, bill_id, created_date, product_detail_id, quantity, updated_date) VALUES (1, 30, '1993-10-23', 22, 7, '1991-12-19')
INSERT dbo.bill_detail(id, bill_id, created_date, product_detail_id, quantity, updated_date) VALUES (2, 8, '1970-01-07', 1, 6, '1985-03-22')
INSERT dbo.bill_detail(id, bill_id, created_date, product_detail_id, quantity, updated_date) VALUES (3, 50, '1970-01-09', 27, 8, '1988-04-15')
INSERT dbo.bill_detail(id, bill_id, created_date, product_detail_id, quantity, updated_date) VALUES (4, 25, '1975-03-15', 22, 54, '2008-06-27')
INSERT dbo.bill_detail(id, bill_id, created_date, product_detail_id, quantity, updated_date) VALUES (5, 3, '1970-01-01', 39, 11, '2009-04-09')
INSERT dbo.bill_detail(id, bill_id, created_date, product_detail_id, quantity, updated_date) VALUES (6, 9, '1985-08-05', 30, 7, '2020-02-07')
INSERT dbo.bill_detail(id, bill_id, created_date, product_detail_id, quantity, updated_date) VALUES (7, 31, '2016-02-15', 46, 80, '2017-07-10')
INSERT dbo.bill_detail(id, bill_id, created_date, product_detail_id, quantity, updated_date) VALUES (8, 39, '1989-09-10', 38, 31, '1998-04-18')
INSERT dbo.bill_detail(id, bill_id, created_date, product_detail_id, quantity, updated_date) VALUES (9, 45, '1976-12-17', 17, 20, '2000-11-23')
INSERT dbo.bill_detail(id, bill_id, created_date, product_detail_id, quantity, updated_date) VALUES (10, 48, '1990-09-28', 46, 79, '1975-08-28')
INSERT dbo.bill_detail(id, bill_id, created_date, product_detail_id, quantity, updated_date) VALUES (11, 46, '2023-02-03', 48, 75, '2004-01-12')
INSERT dbo.bill_detail(id, bill_id, created_date, product_detail_id, quantity, updated_date) VALUES (12, 22, '2022-02-17', 16, 81, '2003-01-03')
INSERT dbo.bill_detail(id, bill_id, created_date, product_detail_id, quantity, updated_date) VALUES (13, 26, '2012-10-20', 3, 78, '1989-10-15')
INSERT dbo.bill_detail(id, bill_id, created_date, product_detail_id, quantity, updated_date) VALUES (14, 4, '1980-11-05', 10, 15, '1972-07-11')
INSERT dbo.bill_detail(id, bill_id, created_date, product_detail_id, quantity, updated_date) VALUES (15, 17, '1978-08-18', 43, 28, '1997-04-27')
INSERT dbo.bill_detail(id, bill_id, created_date, product_detail_id, quantity, updated_date) VALUES (16, 32, '1972-02-02', 47, 60, '2018-12-15')
INSERT dbo.bill_detail(id, bill_id, created_date, product_detail_id, quantity, updated_date) VALUES (17, 27, '1981-11-05', 23, 2, '1993-11-02')
INSERT dbo.bill_detail(id, bill_id, created_date, product_detail_id, quantity, updated_date) VALUES (18, 33, '1970-01-03', 8, 19, '1970-01-23')
INSERT dbo.bill_detail(id, bill_id, created_date, product_detail_id, quantity, updated_date) VALUES (19, 34, '1993-05-19', 32, 78, '1977-09-18')
INSERT dbo.bill_detail(id, bill_id, created_date, product_detail_id, quantity, updated_date) VALUES (20, 40, '1979-12-25', 45, 75, '1982-09-16')
INSERT dbo.bill_detail(id, bill_id, created_date, product_detail_id, quantity, updated_date) VALUES (21, 12, '2020-05-06', 1, 4, '2021-11-15')
INSERT dbo.bill_detail(id, bill_id, created_date, product_detail_id, quantity, updated_date) VALUES (22, 10, '1970-01-05', 36, 1, '2001-01-26')
INSERT dbo.bill_detail(id, bill_id, created_date, product_detail_id, quantity, updated_date) VALUES (23, 28, '1970-01-02', 8, 86, '2022-04-27')
INSERT dbo.bill_detail(id, bill_id, created_date, product_detail_id, quantity, updated_date) VALUES (24, 5, '1995-04-30', 12, 30, '2021-12-05')
INSERT dbo.bill_detail(id, bill_id, created_date, product_detail_id, quantity, updated_date) VALUES (25, 18, '1986-06-09', 24, 90, '1993-12-03')
INSERT dbo.bill_detail(id, bill_id, created_date, product_detail_id, quantity, updated_date) VALUES (26, 11, '2019-07-20', 27, 41, '1983-08-25')
INSERT dbo.bill_detail(id, bill_id, created_date, product_detail_id, quantity, updated_date) VALUES (27, 49, '1972-06-06', 34, 25, '1973-07-27')
INSERT dbo.bill_detail(id, bill_id, created_date, product_detail_id, quantity, updated_date) VALUES (28, 35, '1970-01-02', 15, 27, '2012-01-08')
INSERT dbo.bill_detail(id, bill_id, created_date, product_detail_id, quantity, updated_date) VALUES (29, 23, '1971-07-02', 12, 3, '2000-11-02')
INSERT dbo.bill_detail(id, bill_id, created_date, product_detail_id, quantity, updated_date) VALUES (30, 47, '1996-11-15', 21, 41, '1998-01-17')
INSERT dbo.bill_detail(id, bill_id, created_date, product_detail_id, quantity, updated_date) VALUES (31, 6, '2002-03-01', 2, 50, '1978-06-10')
INSERT dbo.bill_detail(id, bill_id, created_date, product_detail_id, quantity, updated_date) VALUES (32, 1, '2016-11-08', 44, 65, '1974-07-27')
INSERT dbo.bill_detail(id, bill_id, created_date, product_detail_id, quantity, updated_date) VALUES (33, 41, '1971-06-09', 17, 11, '1993-12-19')
INSERT dbo.bill_detail(id, bill_id, created_date, product_detail_id, quantity, updated_date) VALUES (34, 13, '1973-04-14', 9, 71, '1970-06-25')
INSERT dbo.bill_detail(id, bill_id, created_date, product_detail_id, quantity, updated_date) VALUES (35, 7, '1970-02-23', 7, 63, '1985-08-31')
INSERT dbo.bill_detail(id, bill_id, created_date, product_detail_id, quantity, updated_date) VALUES (36, 36, '1972-06-10', 34, 6, '1973-11-14')
INSERT dbo.bill_detail(id, bill_id, created_date, product_detail_id, quantity, updated_date) VALUES (37, 2, '2015-10-12', 44, 20, '1978-08-08')
INSERT dbo.bill_detail(id, bill_id, created_date, product_detail_id, quantity, updated_date) VALUES (38, 42, '1970-01-07', 40, 97, '1978-05-17')
INSERT dbo.bill_detail(id, bill_id, created_date, product_detail_id, quantity, updated_date) VALUES (39, 29, '1970-10-25', 6, 22, '1997-02-14')
INSERT dbo.bill_detail(id, bill_id, created_date, product_detail_id, quantity, updated_date) VALUES (40, 24, '1970-04-08', 34, 37, '2011-10-09')
INSERT dbo.bill_detail(id, bill_id, created_date, product_detail_id, quantity, updated_date) VALUES (41, 19, '1993-10-26', 25, 96, '1975-05-04')
INSERT dbo.bill_detail(id, bill_id, created_date, product_detail_id, quantity, updated_date) VALUES (42, 14, '1994-07-23', 14, 28, '1995-06-04')
INSERT dbo.bill_detail(id, bill_id, created_date, product_detail_id, quantity, updated_date) VALUES (43, 20, '1971-06-16', 9, 37, '2024-07-09')
INSERT dbo.bill_detail(id, bill_id, created_date, product_detail_id, quantity, updated_date) VALUES (44, 37, '2019-11-16', 50, 96, '1970-08-15')
INSERT dbo.bill_detail(id, bill_id, created_date, product_detail_id, quantity, updated_date) VALUES (45, 43, '2024-02-07', 3, 12, '2000-08-05')
INSERT dbo.bill_detail(id, bill_id, created_date, product_detail_id, quantity, updated_date) VALUES (46, 15, '1982-04-23', 35, 42, '1970-01-08')
INSERT dbo.bill_detail(id, bill_id, created_date, product_detail_id, quantity, updated_date) VALUES (47, 38, '1970-11-01', 47, 85, '1971-04-14')
INSERT dbo.bill_detail(id, bill_id, created_date, product_detail_id, quantity, updated_date) VALUES (48, 44, '1996-11-09', 47, 99, '1970-01-07')
INSERT dbo.bill_detail(id, bill_id, created_date, product_detail_id, quantity, updated_date) VALUES (49, 21, '2005-01-06', 8, 8, '1970-04-06')
INSERT dbo.bill_detail(id, bill_id, created_date, product_detail_id, quantity, updated_date) VALUES (50, 16, '2021-07-25', 25, 82, '1987-01-08')
GO
SET IDENTITY_INSERT dbo.bill_detail OFF
GO

--
-- Inserting data into table dbo.cart_detail
--
SET IDENTITY_INSERT dbo.cart_detail ON
GO
INSERT dbo.cart_detail(id, cart_id, created_date, product_detail_id, quantity, updated_date) VALUES (1, 18, '1970-01-02', 35, 1, '2016-03-31')
INSERT dbo.cart_detail(id, cart_id, created_date, product_detail_id, quantity, updated_date) VALUES (2, 1, '2007-12-28', 22, 48, '2002-06-25')
INSERT dbo.cart_detail(id, cart_id, created_date, product_detail_id, quantity, updated_date) VALUES (3, 46, '1990-05-15', 43, 13, '2014-03-03')
INSERT dbo.cart_detail(id, cart_id, created_date, product_detail_id, quantity, updated_date) VALUES (4, 11, '1986-06-18', 6, 10, '1970-01-03')
INSERT dbo.cart_detail(id, cart_id, created_date, product_detail_id, quantity, updated_date) VALUES (5, 37, '1970-01-04', 2, 48, '1981-08-15')
INSERT dbo.cart_detail(id, cart_id, created_date, product_detail_id, quantity, updated_date) VALUES (6, 6, '1981-10-09', 48, 31, '2010-01-13')
INSERT dbo.cart_detail(id, cart_id, created_date, product_detail_id, quantity, updated_date) VALUES (7, 20, '1985-10-02', 15, 56, '1988-12-02')
INSERT dbo.cart_detail(id, cart_id, created_date, product_detail_id, quantity, updated_date) VALUES (8, 20, '2003-05-08', 15, 43, '1971-09-30')
INSERT dbo.cart_detail(id, cart_id, created_date, product_detail_id, quantity, updated_date) VALUES (9, 22, '1989-02-16', 1, 44, '1989-03-05')
INSERT dbo.cart_detail(id, cart_id, created_date, product_detail_id, quantity, updated_date) VALUES (10, 32, '1974-07-30', 41, 89, '2000-02-13')
INSERT dbo.cart_detail(id, cart_id, created_date, product_detail_id, quantity, updated_date) VALUES (11, 10, '1971-08-12', 25, 41, '1972-01-07')
INSERT dbo.cart_detail(id, cart_id, created_date, product_detail_id, quantity, updated_date) VALUES (12, 16, '2018-04-25', 25, 30, '1987-06-28')
INSERT dbo.cart_detail(id, cart_id, created_date, product_detail_id, quantity, updated_date) VALUES (13, 6, '1970-02-27', 5, 78, '2013-01-28')
INSERT dbo.cart_detail(id, cart_id, created_date, product_detail_id, quantity, updated_date) VALUES (14, 35, '2014-10-24', 2, 63, '2012-05-23')
INSERT dbo.cart_detail(id, cart_id, created_date, product_detail_id, quantity, updated_date) VALUES (15, 17, '1979-12-11', 42, 20, '2008-09-01')
INSERT dbo.cart_detail(id, cart_id, created_date, product_detail_id, quantity, updated_date) VALUES (16, 13, '1972-03-03', 23, 90, '1997-09-12')
INSERT dbo.cart_detail(id, cart_id, created_date, product_detail_id, quantity, updated_date) VALUES (17, 43, '1993-07-31', 39, 18, '1997-02-08')
INSERT dbo.cart_detail(id, cart_id, created_date, product_detail_id, quantity, updated_date) VALUES (18, 8, '2019-08-13', 2, 33, '2021-01-16')
INSERT dbo.cart_detail(id, cart_id, created_date, product_detail_id, quantity, updated_date) VALUES (19, 28, '1976-07-07', 25, 33, '1997-01-02')
INSERT dbo.cart_detail(id, cart_id, created_date, product_detail_id, quantity, updated_date) VALUES (20, 34, '1983-12-26', 29, 98, '1985-12-22')
INSERT dbo.cart_detail(id, cart_id, created_date, product_detail_id, quantity, updated_date) VALUES (21, 26, '1972-09-19', 42, 59, '2016-06-12')
INSERT dbo.cart_detail(id, cart_id, created_date, product_detail_id, quantity, updated_date) VALUES (22, 45, '1990-12-17', 13, 40, '2011-03-27')
INSERT dbo.cart_detail(id, cart_id, created_date, product_detail_id, quantity, updated_date) VALUES (23, 15, '1988-10-08', 38, 87, '1988-09-10')
INSERT dbo.cart_detail(id, cart_id, created_date, product_detail_id, quantity, updated_date) VALUES (24, 45, '1970-01-08', 8, 20, '1970-01-04')
INSERT dbo.cart_detail(id, cart_id, created_date, product_detail_id, quantity, updated_date) VALUES (25, 10, '2020-03-23', 22, 17, '1970-12-14')
INSERT dbo.cart_detail(id, cart_id, created_date, product_detail_id, quantity, updated_date) VALUES (26, 44, '2006-03-18', 45, 28, '2004-11-15')
INSERT dbo.cart_detail(id, cart_id, created_date, product_detail_id, quantity, updated_date) VALUES (27, 6, '1973-03-08', 45, 25, '2013-07-04')
INSERT dbo.cart_detail(id, cart_id, created_date, product_detail_id, quantity, updated_date) VALUES (28, 34, '2013-10-04', 45, 31, '1970-03-13')
INSERT dbo.cart_detail(id, cart_id, created_date, product_detail_id, quantity, updated_date) VALUES (29, 28, '2008-05-06', 37, 50, '1988-01-25')
INSERT dbo.cart_detail(id, cart_id, created_date, product_detail_id, quantity, updated_date) VALUES (30, 25, '2019-02-05', 46, 73, '1996-12-31')
INSERT dbo.cart_detail(id, cart_id, created_date, product_detail_id, quantity, updated_date) VALUES (31, 20, '1970-01-01', 42, 82, '1970-01-11')
INSERT dbo.cart_detail(id, cart_id, created_date, product_detail_id, quantity, updated_date) VALUES (32, 11, '1970-04-10', 39, 1, '2017-07-10')
INSERT dbo.cart_detail(id, cart_id, created_date, product_detail_id, quantity, updated_date) VALUES (33, 8, '2012-03-10', 9, 7, '1974-07-23')
INSERT dbo.cart_detail(id, cart_id, created_date, product_detail_id, quantity, updated_date) VALUES (34, 8, '1970-02-09', 39, 62, '1995-10-23')
INSERT dbo.cart_detail(id, cart_id, created_date, product_detail_id, quantity, updated_date) VALUES (35, 26, '2017-03-08', 26, 4, '1971-10-10')
INSERT dbo.cart_detail(id, cart_id, created_date, product_detail_id, quantity, updated_date) VALUES (36, 28, '1971-02-01', 39, 49, '1970-01-05')
INSERT dbo.cart_detail(id, cart_id, created_date, product_detail_id, quantity, updated_date) VALUES (37, 5, '1998-12-30', 49, 71, '2019-03-12')
INSERT dbo.cart_detail(id, cart_id, created_date, product_detail_id, quantity, updated_date) VALUES (38, 20, '2008-04-13', 40, 9, '2011-08-14')
INSERT dbo.cart_detail(id, cart_id, created_date, product_detail_id, quantity, updated_date) VALUES (39, 18, '2003-12-14', 46, 76, '2003-09-23')
INSERT dbo.cart_detail(id, cart_id, created_date, product_detail_id, quantity, updated_date) VALUES (40, 6, '1970-01-10', 42, 71, '1970-01-26')
INSERT dbo.cart_detail(id, cart_id, created_date, product_detail_id, quantity, updated_date) VALUES (41, 4, '1994-09-23', 49, 48, '2016-05-30')
INSERT dbo.cart_detail(id, cart_id, created_date, product_detail_id, quantity, updated_date) VALUES (42, 26, '1996-03-11', 41, 94, '1974-01-21')
INSERT dbo.cart_detail(id, cart_id, created_date, product_detail_id, quantity, updated_date) VALUES (43, 42, '1977-05-01', 36, 24, '2013-09-11')
INSERT dbo.cart_detail(id, cart_id, created_date, product_detail_id, quantity, updated_date) VALUES (44, 33, '1970-03-22', 24, 43, '1970-03-29')
INSERT dbo.cart_detail(id, cart_id, created_date, product_detail_id, quantity, updated_date) VALUES (45, 7, '2011-06-23', 34, 19, '1998-02-08')
INSERT dbo.cart_detail(id, cart_id, created_date, product_detail_id, quantity, updated_date) VALUES (46, 18, '1970-04-14', 16, 56, '1992-12-29')
INSERT dbo.cart_detail(id, cart_id, created_date, product_detail_id, quantity, updated_date) VALUES (47, 5, '1970-10-28', 15, 1, '2018-05-21')
INSERT dbo.cart_detail(id, cart_id, created_date, product_detail_id, quantity, updated_date) VALUES (48, 34, '1970-01-07', 5, 2, '2015-09-29')
INSERT dbo.cart_detail(id, cart_id, created_date, product_detail_id, quantity, updated_date) VALUES (49, 12, '2009-12-28', 36, 54, '1975-02-16')
INSERT dbo.cart_detail(id, cart_id, created_date, product_detail_id, quantity, updated_date) VALUES (50, 49, '2015-10-25', 16, 47, '1970-12-16')
GO
SET IDENTITY_INSERT dbo.cart_detail OFF
GO

--
-- Inserting data into table dbo.history
--
SET IDENTITY_INSERT dbo.history ON
GO
INSERT dbo.history(id, bill_id, created_date, updated_date, note, status) VALUES (1, 27, '2015-05-27', '1985-11-04', 'U58', 'FAILED')
INSERT dbo.history(id, bill_id, created_date, updated_date, note, status) VALUES (2, 39, '1978-06-11', '2005-08-31', '14Y10MUHY0X78B9PXR9J938P28T3GPUX50L7N4HZX00CR0XY9W', 'PENDING')
INSERT dbo.history(id, bill_id, created_date, updated_date, note, status) VALUES (3, 6, '1986-03-10', '2012-07-07', 'WRZ1B0WQ0JM48L', 'SUCCESS')
INSERT dbo.history(id, bill_id, created_date, updated_date, note, status) VALUES (4, 9, '1972-04-28', '1970-03-12', 'J5LJSQN', 'SUCCESS')
INSERT dbo.history(id, bill_id, created_date, updated_date, note, status) VALUES (5, 36, '1986-08-15', '2006-02-05', '5CH8YSL', 'CANCELLED')
INSERT dbo.history(id, bill_id, created_date, updated_date, note, status) VALUES (6, 32, '2001-08-21', '2014-01-15', 'EZXS30B6H0CQ774OD87WV95835I2091JZ138897', 'CANCELLED')
INSERT dbo.history(id, bill_id, created_date, updated_date, note, status) VALUES (7, 26, '2006-01-23', '1989-02-19', 'O9685DMZECWDS', 'CANCELLED')
INSERT dbo.history(id, bill_id, created_date, updated_date, note, status) VALUES (8, 40, '2020-08-01', '1974-09-05', '4EVULXZO6H68Z4XH7725001XO80HV9TU4XT667K4B9D', 'SUCCESS')
INSERT dbo.history(id, bill_id, created_date, updated_date, note, status) VALUES (9, 25, '1970-06-01', '2022-10-06', '1', 'FAILED')
INSERT dbo.history(id, bill_id, created_date, updated_date, note, status) VALUES (10, 5, '1998-12-04', '1994-01-23', '03WGK57YHI5R97Q', 'FAILED')
INSERT dbo.history(id, bill_id, created_date, updated_date, note, status) VALUES (11, 18, '2001-10-25', '2012-12-21', '51REAV0Z8770W4VNT4GDGN5QZON328Z8QVGTEK07S9HM64XQ3ATBFT4189442Q0', 'FAILED')
INSERT dbo.history(id, bill_id, created_date, updated_date, note, status) VALUES (12, 35, '1978-06-04', '1977-10-27', 'N79P7T7DGDQX61FJJ76AR5AK0Y', 'FAILED')
INSERT dbo.history(id, bill_id, created_date, updated_date, note, status) VALUES (13, 21, '1970-08-05', '1972-09-05', '5526M4HV5N4C55', 'SUCCESS')
INSERT dbo.history(id, bill_id, created_date, updated_date, note, status) VALUES (14, 3, '2022-04-11', '1970-05-09', 'PX1UF4NM9O5WJRO30SW5W22K09YJZ14Y0O2Z6A690I3Z5552L2461569SC1EPNLB52I335038FUI69445GR322OH9K8307DDVMCRG', 'PENDING')
INSERT dbo.history(id, bill_id, created_date, updated_date, note, status) VALUES (15, 4, '1987-10-12', '1985-02-16', 'I2', 'CANCELLED')
INSERT dbo.history(id, bill_id, created_date, updated_date, note, status) VALUES (16, 44, '1971-11-20', '1989-10-11', '7', 'SUCCESS')
INSERT dbo.history(id, bill_id, created_date, updated_date, note, status) VALUES (17, 36, '1972-06-07', '2024-04-11', '4D177NH40LIOUQK09H0XP4669Q8W', 'SUCCESS')
INSERT dbo.history(id, bill_id, created_date, updated_date, note, status) VALUES (18, 42, '2008-03-01', '1979-09-05', '05T38I7MUFUPFFTDVPO04L2Q9T5V2814JP19T', 'FAILED')
INSERT dbo.history(id, bill_id, created_date, updated_date, note, status) VALUES (19, 39, '1978-06-30', '1970-01-02', 'U9X70RIQ4ZHA63PO8K54J8D547BXEYK5FJ23GPU054P2G67FQ43QF85N4EP97B2C5Q851B77QL', 'CANCELLED')
INSERT dbo.history(id, bill_id, created_date, updated_date, note, status) VALUES (20, 29, '1996-10-31', '1972-05-23', '88RYX51JB2SH18P1T07C50459U89F5503I4KH83620C9N200T739204Z697XO531S1191G9B5210', 'CANCELLED')
INSERT dbo.history(id, bill_id, created_date, updated_date, note, status) VALUES (21, 44, '1991-07-11', '1970-01-13', 'ZQQ2Z2CZ5SX6E', 'PENDING')
INSERT dbo.history(id, bill_id, created_date, updated_date, note, status) VALUES (22, 13, '2017-01-22', '1976-10-01', 'HGJ21P629S59586A8A4R7Q282I7V08599OUKG1976V0I61NW680XZ9', 'SUCCESS')
INSERT dbo.history(id, bill_id, created_date, updated_date, note, status) VALUES (23, 31, '1995-08-07', '2020-02-23', 'LXP6D26GC305CA0IYG41G5V37VAY7N7J2847', 'FAILED')
INSERT dbo.history(id, bill_id, created_date, updated_date, note, status) VALUES (24, 32, '2012-04-20', '1970-05-30', 'E8X69I53Q32646Z', 'SUCCESS')
INSERT dbo.history(id, bill_id, created_date, updated_date, note, status) VALUES (25, 2, '1973-11-21', '1970-01-02', 'UAXW3FHXG63L6', 'PENDING')
INSERT dbo.history(id, bill_id, created_date, updated_date, note, status) VALUES (26, 5, '1988-09-08', '2019-08-28', 'S57VSS1H53', 'FAILED')
INSERT dbo.history(id, bill_id, created_date, updated_date, note, status) VALUES (27, 42, '1997-03-21', '1982-03-04', 'C5MVCGZ3JJ497378', 'PENDING')
INSERT dbo.history(id, bill_id, created_date, updated_date, note, status) VALUES (28, 40, '1970-03-09', '2018-01-26', 'NQSVJAP07', 'CANCELLED')
INSERT dbo.history(id, bill_id, created_date, updated_date, note, status) VALUES (29, 20, '1970-01-04', '2015-10-26', '6', 'FAILED')
INSERT dbo.history(id, bill_id, created_date, updated_date, note, status) VALUES (30, 10, '1996-08-30', '2016-12-25', '0GW5P6LP523ZSKV11432P0324LD3MAV6ST01943D6F1F40XD69K61', 'CANCELLED')
INSERT dbo.history(id, bill_id, created_date, updated_date, note, status) VALUES (31, 18, '1976-08-12', '1985-12-06', 'W', 'SUCCESS')
INSERT dbo.history(id, bill_id, created_date, updated_date, note, status) VALUES (32, 27, '2009-08-10', '1996-05-11', '0F1CSG1W914829G045OB54IUW4LC3P30R12NE0N66KZUS1Y45KEHD267Z7CSN1N8V9K166VOJHT2E7OY3E8Q70', 'FAILED')
INSERT dbo.history(id, bill_id, created_date, updated_date, note, status) VALUES (33, 4, '1970-04-05', '1970-10-08', 'MOC3194CF1TMAR59GWRE9LH00564I', 'SUCCESS')
INSERT dbo.history(id, bill_id, created_date, updated_date, note, status) VALUES (34, 18, '1970-11-27', '2002-09-17', '3L76RU2', 'SUCCESS')
INSERT dbo.history(id, bill_id, created_date, updated_date, note, status) VALUES (35, 47, '2010-06-26', '1982-07-10', '8409T51O4P1948F245XDFZ6CK9031', 'FAILED')
INSERT dbo.history(id, bill_id, created_date, updated_date, note, status) VALUES (36, 36, '1997-06-26', '1995-09-30', 'OC8F8733B8IH7540Q0N5FX4I0S47X441', 'CANCELLED')
INSERT dbo.history(id, bill_id, created_date, updated_date, note, status) VALUES (37, 31, '1984-05-16', '2020-05-20', 'Z6G5', 'PENDING')
INSERT dbo.history(id, bill_id, created_date, updated_date, note, status) VALUES (38, 10, '1983-10-13', '1991-06-30', 'THBDPZ46SG0U', 'PENDING')
INSERT dbo.history(id, bill_id, created_date, updated_date, note, status) VALUES (39, 2, '1972-08-02', '2007-03-01', 'QG093FJGC19OZQW820L52T42RK1067186821Q37YFP', 'CANCELLED')
INSERT dbo.history(id, bill_id, created_date, updated_date, note, status) VALUES (40, 43, '1970-12-24', '2002-10-16', 'SJ0247D1LZLM29Z0Q', 'PENDING')
INSERT dbo.history(id, bill_id, created_date, updated_date, note, status) VALUES (41, 48, '1991-10-21', '1996-04-06', '5194993JT5R', 'SUCCESS')
INSERT dbo.history(id, bill_id, created_date, updated_date, note, status) VALUES (42, 20, '1987-04-18', '1990-09-15', '4BX4S96I014M1GL5T181KVTZ73WXK79Z19Z013T1U64WR210YMT4HP6455X018Q1TDZ2B85Q10LS19220VW2898ER', 'SUCCESS')
INSERT dbo.history(id, bill_id, created_date, updated_date, note, status) VALUES (43, 27, '1971-03-13', '1989-11-30', '335AY88V72SD0U989H52G', 'PENDING')
INSERT dbo.history(id, bill_id, created_date, updated_date, note, status) VALUES (44, 10, '1986-12-15', '1983-12-20', 'EK58103QN4QK1CK0938QK215S954G1P2T64ZH2AU4PYL2WK1B7571POA475U515R9', 'SUCCESS')
INSERT dbo.history(id, bill_id, created_date, updated_date, note, status) VALUES (45, 1, '1970-03-25', '1987-08-06', 'E4W536Z6ZH', 'PENDING')
INSERT dbo.history(id, bill_id, created_date, updated_date, note, status) VALUES (46, 20, '1999-12-06', '2005-05-16', '39Q8CV19N7B5L1B', 'PENDING')
INSERT dbo.history(id, bill_id, created_date, updated_date, note, status) VALUES (47, 6, '1971-02-20', '2000-08-26', 'KZ1VB0EU27VW7', 'FAILED')
INSERT dbo.history(id, bill_id, created_date, updated_date, note, status) VALUES (48, 30, '1970-03-14', '1970-01-03', 'TS3S60F1428U420I', 'PENDING')
INSERT dbo.history(id, bill_id, created_date, updated_date, note, status) VALUES (49, 12, '2021-01-16', '2020-01-26', '4579ZUT8AF09XR06EF05EA4070R96088NTN0Z66B16A5KN68S55R2WU3OR3N36081E4V15', 'CANCELLED')
INSERT dbo.history(id, bill_id, created_date, updated_date, note, status) VALUES (50, 2, '1983-05-02', '1971-11-29', '94029786211HYM6GOY6R5W9SEPLN41', 'SUCCESS')
GO
SET IDENTITY_INSERT dbo.history OFF
GO

--
-- Inserting data into table dbo.voucher_customer
--
INSERT dbo.voucher_customer(customer_id, voucher_id) VALUES (36, 39)
INSERT dbo.voucher_customer(customer_id, voucher_id) VALUES (19, 2)
INSERT dbo.voucher_customer(customer_id, voucher_id) VALUES (4, 1)
INSERT dbo.voucher_customer(customer_id, voucher_id) VALUES (34, 33)
INSERT dbo.voucher_customer(customer_id, voucher_id) VALUES (15, 49)
INSERT dbo.voucher_customer(customer_id, voucher_id) VALUES (3, 45)
INSERT dbo.voucher_customer(customer_id, voucher_id) VALUES (22, 26)
INSERT dbo.voucher_customer(customer_id, voucher_id) VALUES (28, 13)
INSERT dbo.voucher_customer(customer_id, voucher_id) VALUES (39, 16)
INSERT dbo.voucher_customer(customer_id, voucher_id) VALUES (13, 11)
INSERT dbo.voucher_customer(customer_id, voucher_id) VALUES (39, 48)
INSERT dbo.voucher_customer(customer_id, voucher_id) VALUES (25, 20)
INSERT dbo.voucher_customer(customer_id, voucher_id) VALUES (42, 43)
INSERT dbo.voucher_customer(customer_id, voucher_id) VALUES (21, 12)
INSERT dbo.voucher_customer(customer_id, voucher_id) VALUES (37, 21)
INSERT dbo.voucher_customer(customer_id, voucher_id) VALUES (31, 19)
INSERT dbo.voucher_customer(customer_id, voucher_id) VALUES (25, 11)
INSERT dbo.voucher_customer(customer_id, voucher_id) VALUES (10, 32)
INSERT dbo.voucher_customer(customer_id, voucher_id) VALUES (46, 14)
INSERT dbo.voucher_customer(customer_id, voucher_id) VALUES (5, 40)
INSERT dbo.voucher_customer(customer_id, voucher_id) VALUES (28, 26)
INSERT dbo.voucher_customer(customer_id, voucher_id) VALUES (36, 42)
INSERT dbo.voucher_customer(customer_id, voucher_id) VALUES (10, 41)
INSERT dbo.voucher_customer(customer_id, voucher_id) VALUES (31, 8)
INSERT dbo.voucher_customer(customer_id, voucher_id) VALUES (42, 20)
INSERT dbo.voucher_customer(customer_id, voucher_id) VALUES (47, 43)
INSERT dbo.voucher_customer(customer_id, voucher_id) VALUES (28, 34)
INSERT dbo.voucher_customer(customer_id, voucher_id) VALUES (25, 48)
INSERT dbo.voucher_customer(customer_id, voucher_id) VALUES (3, 10)
INSERT dbo.voucher_customer(customer_id, voucher_id) VALUES (50, 39)
INSERT dbo.voucher_customer(customer_id, voucher_id) VALUES (10, 2)
INSERT dbo.voucher_customer(customer_id, voucher_id) VALUES (45, 31)
INSERT dbo.voucher_customer(customer_id, voucher_id) VALUES (32, 45)
INSERT dbo.voucher_customer(customer_id, voucher_id) VALUES (27, 28)
INSERT dbo.voucher_customer(customer_id, voucher_id) VALUES (37, 28)
INSERT dbo.voucher_customer(customer_id, voucher_id) VALUES (50, 11)
INSERT dbo.voucher_customer(customer_id, voucher_id) VALUES (29, 6)
INSERT dbo.voucher_customer(customer_id, voucher_id) VALUES (41, 5)
INSERT dbo.voucher_customer(customer_id, voucher_id) VALUES (37, 1)
INSERT dbo.voucher_customer(customer_id, voucher_id) VALUES (43, 19)
INSERT dbo.voucher_customer(customer_id, voucher_id) VALUES (1, 12)
INSERT dbo.voucher_customer(customer_id, voucher_id) VALUES (11, 12)
INSERT dbo.voucher_customer(customer_id, voucher_id) VALUES (15, 31)
INSERT dbo.voucher_customer(customer_id, voucher_id) VALUES (13, 28)
INSERT dbo.voucher_customer(customer_id, voucher_id) VALUES (6, 35)
INSERT dbo.voucher_customer(customer_id, voucher_id) VALUES (19, 8)
INSERT dbo.voucher_customer(customer_id, voucher_id) VALUES (18, 35)
INSERT dbo.voucher_customer(customer_id, voucher_id) VALUES (24, 15)
INSERT dbo.voucher_customer(customer_id, voucher_id) VALUES (29, 2)
INSERT dbo.voucher_customer(customer_id, voucher_id) VALUES (34, 20)
GO

--
-- Set NOEXEC to off
--

SET NOEXEC OFF
GO